code_commune,commune,inscrits,abstentions,votants,blancs,nuls,exprimes,annee,taux_abstention
62001,Ablain-Saint-Nazaire,1485,252,1233,21,7,1205,2017,16.969696969696972
62002,Ablainzevelle,183,29,154,5,0,149,2017,15.846994535519126
62003,Acheville,529,66,463,9,3,451,2017,12.476370510396976
62004,Achicourt,5926,1138,4788,71,54,4663,2017,19.203509956125547
62005,Achiet-Le-Grand,710,164,546,12,4,530,2017,23.098591549295776
62006,Achiet-Le-Petit,267,50,217,3,0,214,2017,18.726591760299627
62007,Acq,536,49,487,20,3,464,2017,9.14179104477612
62008,Acquin-Westbécourt,579,58,521,16,9,496,2017,10.01727115716753
62009,Adinfer,195,27,168,8,2,158,2017,13.846153846153847
62010,Affringues,176,15,161,5,2,154,2017,8.522727272727272
62011,Agnez-Lès-Duisans,551,81,470,10,1,459,2017,14.700544464609798
62012,Agnières,169,19,150,0,1,149,2017,11.242603550295858
62013,Agny,1591,279,1312,15,15,1282,2017,17.536140791954747
62014,Aire-Sur-La-Lys,7474,1666,5808,106,58,5644,2017,22.29060743912229
62015,Airon-Notre-Dame,175,13,162,8,0,154,2017,7.428571428571429
62016,Airon-Saint-Vaast,167,15,152,5,2,145,2017,8.982035928143713
62017,Aix-En-Ergny,114,15,99,2,0,97,2017,13.157894736842104
62018,Aix-En-Issart,223,44,179,4,0,175,2017,19.730941704035875
62019,Aix-Noulette,2956,538,2418,11,37,2370,2017,18.200270635994585
62020,Alembon,445,81,364,6,2,356,2017,18.202247191011235
62021,Alette,263,27,236,3,3,230,2017,10.26615969581749
62022,Alincthun,270,47,223,0,4,219,2017,17.40740740740741
62023,Allouagne,2451,486,1965,42,24,1899,2017,19.828641370869033
62024,Alquines,652,109,543,10,5,528,2017,16.717791411042946
62025,Ambleteuse,1577,316,1261,13,24,1224,2017,20.038046924540268
62026,Ambricourt,93,6,87,1,0,86,2017,6.451612903225806
62027,Ambrines,169,21,148,2,4,142,2017,12.42603550295858
62028,Ames,466,62,404,1,5,398,2017,13.304721030042918
62029,Amettes,354,42,312,2,2,308,2017,11.864406779661017
62030,Amplier,224,29,195,2,3,190,2017,12.946428571428573
62031,Andres,1169,255,914,21,10,883,2017,21.813515825491873
62032,Angres,3303,529,2774,53,22,2699,2017,16.015743263699665
62033,Annay,3132,565,2567,41,29,2497,2017,18.039591315453386
62034,Annequin,1745,338,1407,32,0,1375,2017,19.369627507163322
62035,Annezin,4539,966,3573,67,30,3476,2017,21.28222075346993
62036,Anvin,607,118,489,15,4,470,2017,19.43986820428336
62037,Anzin-Saint-Aubin,2394,334,2060,22,12,2026,2017,13.951545530492899
62038,Ardres,3322,666,2656,51,24,2581,2017,20.048163756773025
62039,Arleux-En-Gohelle,714,104,610,15,1,594,2017,14.565826330532214
62040,Arques,7256,1735,5521,87,50,5384,2017,23.91124586549063
62041,Arras,26318,6269,20049,337,170,19542,2017,23.820199103275325
62042,Athies,789,135,654,26,0,628,2017,17.110266159695815
62043,Les Attaques,1416,247,1169,15,10,1144,2017,17.443502824858754
62044,Attin,602,122,480,2,13,465,2017,20.26578073089701
62045,Aubigny-En-Artois,1056,173,883,19,10,854,2017,16.382575757575758
62046,Aubin-Saint-Vaast,569,130,439,12,5,422,2017,22.847100175746924
62047,Aubrometz,125,17,108,2,0,106,2017,13.600000000000001
62048,Auchel,7802,2568,5234,67,45,5122,2017,32.91463727249423
62049,Auchy-Au-Bois,372,44,328,0,8,320,2017,11.827956989247312
62050,Auchy-Lès-Hesdin,1204,282,922,27,10,885,2017,23.421926910299003
62051,Auchy-Les-Mines,3724,824,2900,80,32,2788,2017,22.12674543501611
62052,Audembert,349,50,299,8,1,290,2017,14.326647564469914
62053,Audincthun,528,85,443,5,2,436,2017,16.098484848484848
62054,Audinghen,458,63,395,5,1,389,2017,13.755458515283841
62055,Audrehem,398,73,325,4,2,319,2017,18.341708542713565
62056,Audresselles,648,141,507,13,1,493,2017,21.75925925925926
62057,Audruicq,3894,676,3218,66,31,3121,2017,17.360041088854647
62058,Aumerval,164,14,150,1,3,146,2017,8.536585365853659
62059,Autingues,237,35,202,3,0,199,2017,14.767932489451477
62060,Auxi-Le-Château,2100,470,1630,19,24,1587,2017,22.380952380952383
62061,Averdoingt,212,27,185,4,0,181,2017,12.735849056603774
62062,Avesnes,36,3,33,1,0,32,2017,8.333333333333332
62063,Avesnes-Le-Comte,1481,312,1169,17,11,1141,2017,21.066846725185687
62064,Avesnes-Lès-Bapaume,137,27,110,1,0,109,2017,19.708029197080293
62065,Avion,12361,3143,9218,163,88,8967,2017,25.4267454089475
62066,Avondance,37,10,27,1,0,26,2017,27.027027027027028
62067,Avroult,463,53,410,9,3,398,2017,11.447084233261338
62068,Ayette,286,47,239,5,3,231,2017,16.433566433566433
62069,Azincourt,227,24,203,5,1,197,2017,10.572687224669604
62070,Bailleul-Aux-Cornailles,195,37,158,0,2,156,2017,18.974358974358974
62071,Bailleul-Lès-Pernes,308,33,275,1,13,261,2017,10.714285714285714
62072,Bailleulmont,199,29,170,2,1,167,2017,14.572864321608039
62073,Bailleul-Sir-Berthoult,1092,146,946,24,8,914,2017,13.36996336996337
62074,Bailleulval,179,22,157,3,4,150,2017,12.290502793296088
62075,Baincthun,1094,158,936,14,5,917,2017,14.442413162705666
62076,Bainghen,165,29,136,4,1,131,2017,17.575757575757574
62077,Bajus,280,56,224,3,2,219,2017,20.0
62078,Balinghem,820,147,673,12,3,658,2017,17.926829268292682
62079,Bancourt,63,6,57,1,0,56,2017,9.523809523809524
62080,Bapaume,2126,499,1627,45,9,1573,2017,23.471307619943556
62081,Baralle,406,75,331,12,2,317,2017,18.472906403940886
62082,Barastre,219,43,176,2,1,173,2017,19.63470319634703
62083,Barlin,5882,1637,4245,83,35,4127,2017,27.830669840190414
62084,Barly,183,26,157,2,2,153,2017,14.207650273224044
62085,Basseux,128,12,116,3,1,112,2017,9.375
62086,Bavincourt,275,43,232,2,1,229,2017,15.636363636363637
62087,Bayenghem-Lès-Eperlecques,750,111,639,11,5,623,2017,14.799999999999999
62088,Bayenghem-Lès-Seninghem,245,35,210,7,3,200,2017,14.285714285714285
62089,Bazinghen,308,28,280,6,0,274,2017,9.090909090909092
62090,Béalencourt,106,10,96,1,0,95,2017,9.433962264150944
62091,Beaudricourt,79,6,73,1,0,72,2017,7.59493670886076
62092,Beaufort-Blavincourt,311,43,268,3,2,263,2017,13.826366559485532
62093,Beaulencourt,168,37,131,3,0,128,2017,22.023809523809522
62094,Beaumerie-Saint-Martin,301,31,270,6,2,262,2017,10.299003322259136
62095,Beaumetz-Lès-Aire,182,32,150,5,3,142,2017,17.582417582417584
62096,Beaumetz-Lès-Cambrai,424,85,339,6,0,333,2017,20.047169811320757
62097,Beaumetz-Lès-Loges,746,103,643,12,2,629,2017,13.80697050938338
62099,Beaurains,4365,929,3436,52,39,3345,2017,21.282932416953035
62100,Beaurainville,1619,305,1314,34,5,1275,2017,18.83878937615812
62101,Beauvois,105,21,84,2,0,82,2017,20.0
62102,Bécourt,193,17,176,6,1,169,2017,8.808290155440414
62103,Béhagnies,110,16,94,0,0,94,2017,14.545454545454545
62104,Bellebrune,280,22,258,6,1,251,2017,7.857142857142857
62105,Belle-Et-Houllefort,412,45,367,4,5,358,2017,10.922330097087379
62106,Bellonne,199,31,168,5,2,161,2017,15.577889447236181
62107,Bénifontaine,305,30,275,2,2,271,2017,9.836065573770492
62108,Berck,11049,2800,8249,168,89,7992,2017,25.341659878722055
62109,Bergueneuse,149,22,127,1,3,123,2017,14.76510067114094
62111,Berlencourt-Le-Cauroy,188,19,169,0,1,168,2017,10.106382978723403
62112,Berles-Au-Bois,423,73,350,6,0,344,2017,17.257683215130022
62113,Berles-Monchel,378,48,330,1,4,325,2017,12.698412698412698
62114,Bermicourt,123,17,106,0,3,103,2017,13.821138211382115
62115,Berneville,382,50,332,8,3,321,2017,13.089005235602095
62116,Bernieulles,163,27,136,8,1,127,2017,16.56441717791411
62117,Bertincourt,732,175,557,11,1,545,2017,23.90710382513661
62118,Béthonsart,127,13,114,5,1,108,2017,10.236220472440944
62119,Béthune,17459,5048,12411,218,133,12060,2017,28.9134543788304
62120,Beugin,382,55,327,4,1,322,2017,14.397905759162304
62121,Beugnâtre,117,19,98,2,2,94,2017,16.23931623931624
62122,Beugny,281,53,228,1,2,225,2017,18.86120996441281
62123,Beussent,406,62,344,6,6,332,2017,15.270935960591133
62124,Beutin,329,51,278,7,0,271,2017,15.501519756838904
62125,Beuvrequen,373,49,324,5,2,317,2017,13.136729222520108
62126,Beuvry,7039,1785,5254,95,48,5111,2017,25.35871572666572
62127,Bezinghem,242,29,213,5,4,204,2017,11.983471074380166
62128,Biache-Saint-Vaast,3263,663,2600,43,15,2542,2017,20.318725099601593
62129,Biefvillers-Lès-Bapaume,78,14,64,2,1,61,2017,17.94871794871795
62130,Bienvillers-Au-Bois,495,61,434,11,2,421,2017,12.323232323232324
62131,Bihucourt,259,41,218,1,6,211,2017,15.83011583011583
62132,Billy-Berclau,3586,591,2995,49,22,2924,2017,16.480758505298382
62133,Billy-Montigny,5380,1234,4146,68,33,4045,2017,22.936802973977695
62134,Bimont,111,16,95,0,0,95,2017,14.414414414414415
62135,Blairville,242,26,216,2,0,214,2017,10.743801652892563
62137,Blangerval-Blangermont,87,12,75,3,0,72,2017,13.793103448275861
62138,Blangy-Sur-Ternoise,578,112,466,10,4,452,2017,19.377162629757784
62139,Blendecques,3989,911,3078,55,20,3003,2017,22.837803960892455
62140,Bléquin,392,70,322,5,4,313,2017,17.857142857142858
62141,Blessy,616,91,525,3,5,517,2017,14.772727272727273
62142,Blingel,114,26,88,0,3,85,2017,22.807017543859647
62143,Boffles,31,8,23,2,0,21,2017,25.806451612903224
62144,Boiry-Becquerelle,363,32,331,0,3,328,2017,8.81542699724518
62145,Boiry-Notre-Dame,375,51,324,2,5,317,2017,13.600000000000001
62146,Boiry-Saint-Martin,218,40,178,4,1,173,2017,18.34862385321101
62147,Boiry-Sainte-Rictrude,299,42,257,8,1,248,2017,14.046822742474916
62148,Bois-Bernard,670,117,553,6,5,542,2017,17.46268656716418
62149,Boisdinghem,179,30,149,2,3,144,2017,16.75977653631285
62150,Boisjean,394,27,367,9,0,358,2017,6.852791878172589
62151,Boisleux-Au-Mont,406,48,358,6,6,346,2017,11.822660098522167
62152,Boisleux-Saint-Marc,206,17,189,2,2,185,2017,8.25242718446602
62153,Bomy,483,64,419,8,5,406,2017,13.250517598343686
62154,Bonnières,547,99,448,10,0,438,2017,18.09872029250457
62155,Bonningues-Lès-Ardres,490,61,429,6,4,419,2017,12.448979591836734
62156,Bonningues-Lès-Calais,464,51,413,5,2,406,2017,10.991379310344827
62157,Boubers-Lès-Hesmond,75,6,69,2,0,67,2017,8.0
62158,Boubers-Sur-Canche,470,81,389,12,2,375,2017,17.23404255319149
62160,Boulogne-Sur-Mer,25989,7209,18780,289,150,18341,2017,27.738658663280617
62161,Bouquehault,514,108,406,9,2,395,2017,21.011673151750973
62162,Bourecq,405,49,356,3,2,351,2017,12.098765432098766
62163,Bouret-Sur-Canche,218,23,195,3,1,191,2017,10.550458715596331
62164,Bourlon,842,96,746,18,6,722,2017,11.401425178147269
62165,Bournonville,187,26,161,1,2,158,2017,13.903743315508022
62166,Bours,484,71,413,0,5,408,2017,14.669421487603307
62167,Boursin,180,9,171,3,5,163,2017,5.0
62168,Bourthes,580,74,506,10,14,482,2017,12.758620689655173
62169,Bouvelinghem,169,11,158,2,1,155,2017,6.508875739644971
62170,Bouvigny-Boyeffles,2038,373,1665,43,12,1610,2017,18.30225711481845
62171,Boyaval,96,10,86,3,2,81,2017,10.416666666666668
62172,Boyelles,260,29,231,9,5,217,2017,11.153846153846155
62173,Brebières,3794,721,3073,63,18,2992,2017,19.00369003690037
62174,Brêmes,1013,147,866,15,9,842,2017,14.511352418558737
62175,Brévillers,123,27,96,4,0,92,2017,21.951219512195124
62176,Bréxent-Enocq,545,89,456,8,1,447,2017,16.3302752293578
62177,Brimeux,674,121,553,14,6,533,2017,17.95252225519288
62178,Bruay-La-Buissière,15841,4693,11148,195,109,10844,2017,29.62565494602614
62179,Brunembert,294,37,257,4,4,249,2017,12.585034013605442
62180,Brias,233,26,207,10,3,194,2017,11.158798283261802
62181,Bucquoy,1046,222,824,9,10,805,2017,21.223709369024856
62182,Buire-Au-Bois,193,21,172,3,0,169,2017,10.880829015544041
62183,Buire-Le-Sec,590,121,469,10,9,450,2017,20.508474576271183
62184,Buissy,190,31,159,1,0,158,2017,16.315789473684212
62185,Bullecourt,170,29,141,3,0,138,2017,17.058823529411764
62186,Bully-Les-Mines,9624,2731,6893,126,49,6718,2017,28.37697423108894
62187,Buneville,142,20,122,12,0,110,2017,14.084507042253522
62188,Burbure,2209,304,1905,30,19,1856,2017,13.761883205070166
62189,Bus,93,18,75,1,0,74,2017,19.35483870967742
62190,Busnes,975,124,851,13,9,829,2017,12.717948717948719
62191,Caffiers,440,77,363,4,0,359,2017,17.5
62192,Cagnicourt,297,29,268,6,0,262,2017,9.764309764309765
62193,Calais,50977,14812,36165,614,338,35213,2017,29.05624104988524
62194,Calonne-Ricouart,4404,1184,3220,57,44,3119,2017,26.88465031789282
62195,Calonne-Sur-La-Lys,1226,196,1030,23,6,1001,2017,15.98694942903752
62196,La Calotterie,470,51,419,4,6,409,2017,10.851063829787234
62197,Camblain-Châtelain,1301,314,987,18,7,962,2017,24.135280553420447
62198,Cambligneul,276,39,237,5,1,231,2017,14.130434782608695
62199,Camblain-L'Abbé,499,76,423,4,1,418,2017,15.230460921843688
62200,Cambrin,822,104,718,14,2,702,2017,12.652068126520682
62201,Camiers,2188,436,1752,35,10,1707,2017,19.926873857404022
62202,Campagne-Lès-Boulonnais,443,64,379,1,6,372,2017,14.446952595936793
62203,Campagne-Lès-Guines,364,80,284,4,1,279,2017,21.978021978021978
62204,Campagne-Lès-Hesdin,1171,165,1006,32,12,962,2017,14.090520922288643
62205,Campagne-Lès-Wardrecques,1010,117,893,14,4,875,2017,11.584158415841586
62206,Campigneulles-Les-Grandes,243,43,200,3,1,196,2017,17.695473251028808
62207,Campigneulles-Les-Petites,496,68,428,9,5,414,2017,13.709677419354838
62208,Canettemont,52,4,48,5,0,43,2017,7.6923076923076925
62209,Canlers,123,9,114,1,1,112,2017,7.317073170731707
62210,Canteleux,13,2,11,0,0,11,2017,15.384615384615385
62211,Capelle-Fermont,173,23,150,1,4,145,2017,13.294797687861271
62212,Capelle-Lès-Hesdin,345,37,308,11,2,295,2017,10.72463768115942
62213,Carency,627,95,532,15,5,512,2017,15.151515151515152
62214,Carly,432,48,384,6,6,372,2017,11.11111111111111
62215,Carvin,12785,3020,9765,200,79,9486,2017,23.621431364880717
62216,La Cauchie,158,22,136,1,0,135,2017,13.924050632911392
62217,Cauchy-À-La-Tour,2136,410,1726,37,15,1674,2017,19.194756554307116
62218,Caucourt,264,18,246,6,1,239,2017,6.8181818181818175
62219,Caumont,152,20,132,1,2,129,2017,13.157894736842104
62220,Cavron-Saint-Martin,360,48,312,3,6,303,2017,13.333333333333334
62221,Chelers,217,33,184,4,4,176,2017,15.207373271889402
62222,Chériennes,123,14,109,3,1,105,2017,11.38211382113821
62223,Chérisy,221,17,204,3,3,198,2017,7.6923076923076925
62224,Chocques,2509,573,1936,43,24,1869,2017,22.837783977680353
62225,Clairmarais,499,70,429,5,2,422,2017,14.02805611222445
62227,Clenleu,159,24,135,2,0,133,2017,15.09433962264151
62228,Clerques,232,28,204,7,0,197,2017,12.068965517241379
62229,Cléty,557,61,496,10,6,480,2017,10.951526032315979
62230,Colembert,624,64,560,2,8,550,2017,10.256410256410255
62231,Colline-Beaumont,134,24,110,1,2,107,2017,17.91044776119403
62232,La Comté,653,76,577,14,7,556,2017,11.638591117917304
62233,Conchil-Le-Temple,936,182,754,15,4,735,2017,19.444444444444446
62234,Conchy-Sur-Canche,167,19,148,1,0,147,2017,11.377245508982035
62235,Condette,2219,378,1841,26,5,1810,2017,17.034700315457414
62236,Contes,257,18,239,4,9,226,2017,7.003891050583658
62237,Conteville-Lès-Boulogne,361,25,336,6,1,329,2017,6.9252077562326875
62238,Conteville-En-Ternois,69,11,58,2,0,56,2017,15.942028985507244
62239,Coquelles,2042,399,1643,26,11,1606,2017,19.539666993143975
62240,Corbehem,1611,308,1303,26,7,1270,2017,19.118559900682804
62241,Cormont,240,40,200,4,2,194,2017,16.666666666666664
62242,Couin,88,17,71,1,1,69,2017,19.318181818181817
62243,Coullemont,94,7,87,1,0,86,2017,7.446808510638298
62244,Coulogne,4600,983,3617,56,33,3528,2017,21.369565217391305
62245,Coulomby,541,101,440,14,4,422,2017,18.66913123844732
62246,Coupelle-Neuve,145,23,122,4,1,117,2017,15.862068965517242
62247,Coupelle-Vieille,415,53,362,2,11,349,2017,12.771084337349398
62248,Courcelles-Le-Comte,351,38,313,10,3,300,2017,10.826210826210826
62249,Courcelles-Lès-Lens,4614,1052,3562,61,31,3470,2017,22.800173385348938
62250,Courrières,7876,1994,5882,107,79,5696,2017,25.317420010157438
62251,Courset,404,52,352,6,2,344,2017,12.871287128712872
62252,La Couture,2164,324,1840,30,8,1802,2017,14.972273567467653
62253,Couturelle,67,7,60,1,1,58,2017,10.44776119402985
62254,Coyecques,479,81,398,3,11,384,2017,16.910229645093946
62255,Crémarest,590,77,513,13,6,494,2017,13.050847457627118
62256,Crépy,122,16,106,0,0,106,2017,13.114754098360656
62257,Créquy,381,80,301,11,5,285,2017,20.99737532808399
62258,Croisette,229,31,198,4,3,191,2017,13.537117903930133
62259,Croisilles,1206,129,1077,18,13,1046,2017,10.696517412935323
62260,Croix-En-Ternois,234,42,192,1,0,191,2017,17.94871794871795
62261,Cucq,4245,805,3440,16,54,3370,2017,18.963486454652532
62262,Cuinchy,1298,218,1080,23,7,1050,2017,16.79506933744222
62263,Dainville,4459,725,3734,66,37,3631,2017,16.259250953128504
62264,Dannes,1044,202,842,10,10,822,2017,19.34865900383142
62265,Delettes,872,109,763,13,5,745,2017,12.5
62266,Denier,57,13,44,1,4,39,2017,22.807017543859647
62267,Dennebroeucq,291,33,258,6,1,251,2017,11.34020618556701
62268,Desvres,3488,865,2623,43,32,2548,2017,24.799311926605505
62269,Diéval,577,99,478,6,2,470,2017,17.157712305025996
62270,Divion,5356,1648,3708,52,40,3616,2017,30.76923076923077
62271,Dohem,546,61,485,11,3,471,2017,11.172161172161173
62272,Douchy-Lès-Ayette,226,37,189,4,1,184,2017,16.371681415929203
62273,Doudeauville,426,38,388,8,3,377,2017,8.92018779342723
62274,Dourges,4296,919,3377,30,53,3294,2017,21.39199255121043
62275,Douriez,211,30,181,1,0,180,2017,14.218009478672986
62276,Douvrin,4200,949,3251,66,32,3153,2017,22.595238095238095
62277,Drocourt,2188,526,1662,30,22,1610,2017,24.04021937842779
62278,Drouvin-Le-Marais,448,68,380,4,9,367,2017,15.178571428571427
62279,Duisans,1091,155,936,10,9,917,2017,14.207149404216315
62280,Dury,269,35,234,7,0,227,2017,13.011152416356877
62281,Echinghen,276,28,248,5,0,243,2017,10.144927536231885
62282,Eclimeux,139,23,116,1,1,114,2017,16.546762589928058
62283,Ecoivres,95,13,82,2,0,80,2017,13.684210526315791
62284,Ecourt-Saint-Quentin,1337,242,1095,27,7,1061,2017,18.100224382946898
62285,Ecoust-Saint-Mein,367,39,328,2,2,324,2017,10.626702997275205
62286,Ecquedecques,360,51,309,2,1,306,2017,14.166666666666666
62288,Ecques,1658,231,1427,23,19,1385,2017,13.932448733413752
62289,Ecuires,561,79,482,14,2,466,2017,14.08199643493761
62290,Ecurie,290,32,258,7,1,250,2017,11.03448275862069
62291,Eleu-Dit-Leauwette,2105,480,1625,34,16,1575,2017,22.802850356294538
62292,Elnes,676,106,570,7,7,556,2017,15.680473372781064
62293,Embry,173,21,152,2,0,150,2017,12.138728323699421
62295,Enquin-Lez-Guinegatte,1184,201,983,16,17,950,2017,16.97635135135135
62296,Enquin-Sur-Baillons,163,14,149,2,1,146,2017,8.588957055214724
62297,Eperlecques,2525,417,2108,38,19,2051,2017,16.514851485148515
62298,Epinoy,389,62,327,5,2,320,2017,15.938303341902312
62299,Eps,203,21,182,2,1,179,2017,10.344827586206897
62300,Equihen-Plage,2181,457,1724,37,15,1672,2017,20.953690967446125
62301,Equirre,58,10,48,2,1,45,2017,17.24137931034483
62302,Ergny,167,25,142,6,0,136,2017,14.97005988023952
62303,Erin,166,34,132,0,6,126,2017,20.481927710843372
62304,Erny-Saint-Julien,258,37,221,4,3,214,2017,14.34108527131783
62306,Ervillers,294,47,247,4,3,240,2017,15.98639455782313
62307,Escalles,198,28,170,8,1,161,2017,14.14141414141414
62308,Escoeuilles,364,53,311,7,7,297,2017,14.560439560439562
62309,Esquerdes,1177,186,991,20,11,960,2017,15.80288870008496
62310,Essars,1416,244,1172,14,5,1153,2017,17.231638418079097
62311,Estevelles,1553,301,1252,18,10,1224,2017,19.381841596909208
62312,Estrée,200,24,176,8,1,167,2017,12.0
62313,Estrée-Blanche,706,150,556,10,6,540,2017,21.246458923512748
62314,Estrée-Cauchy,283,40,243,11,6,226,2017,14.13427561837456
62315,Estréelles,275,32,243,6,1,236,2017,11.636363636363637
62316,Estrée-Wamin,167,32,135,3,1,131,2017,19.16167664670659
62317,Etaing,309,47,262,4,2,256,2017,15.210355987055015
62318,Etaples,8177,2112,6065,112,61,5892,2017,25.8285434756023
62319,Eterpigny,214,22,192,3,0,189,2017,10.2803738317757
62320,Etrun,237,26,211,5,0,206,2017,10.970464135021098
62321,Evin-Malmaison,3319,830,2489,41,15,2433,2017,25.00753238927388
62322,Famechon,96,13,83,0,0,83,2017,13.541666666666666
62323,Fampoux,913,115,798,19,4,775,2017,12.595837897042717
62324,Farbus,475,77,398,9,5,384,2017,16.210526315789473
62325,Fauquembergues,675,90,585,15,4,566,2017,13.333333333333334
62326,Favreuil,203,39,164,1,1,162,2017,19.21182266009852
62327,Febvin-Palfart,430,68,362,7,2,353,2017,15.813953488372093
62328,Ferfay,676,86,590,10,3,577,2017,12.721893491124261
62329,Ferques,1454,262,1192,24,12,1156,2017,18.019257221458044
62330,Festubert,1030,182,848,18,5,825,2017,17.66990291262136
62331,Feuchy,858,159,699,15,3,681,2017,18.53146853146853
62332,Ficheux,426,47,379,5,3,371,2017,11.032863849765258
62333,Fiefs,288,46,242,7,1,234,2017,15.972222222222221
62334,Fiennes,676,112,564,10,1,553,2017,16.56804733727811
62335,Fillièvres,356,49,307,6,2,299,2017,13.764044943820226
62336,Fléchin,383,54,329,7,1,321,2017,14.099216710182768
62337,Flers,179,32,147,3,1,143,2017,17.877094972067038
62338,Fleurbaix,2227,263,1964,35,11,1918,2017,11.809609339919174
62339,Fleury,73,19,54,2,0,52,2017,26.027397260273972
62340,Floringhem,595,104,491,11,6,474,2017,17.478991596638654
62341,Foncquevillers,322,30,292,9,3,280,2017,9.316770186335404
62342,Fontaine-Lès-Boulans,81,13,68,1,1,66,2017,16.049382716049383
62343,Fontaine-Lès-Croisilles,199,12,187,8,3,176,2017,6.030150753768844
62344,Fontaine-Lès-Hermans,80,13,67,0,0,67,2017,16.25
62345,Fontaine-L'Etalon,83,9,74,1,0,73,2017,10.843373493975903
62346,Fortel-En-Artois,150,12,138,3,1,134,2017,8.0
62347,Fosseux,114,11,103,1,0,102,2017,9.649122807017543
62348,Foufflin-Ricametz,118,14,104,2,3,99,2017,11.864406779661017
62349,Fouquereuil,1090,144,946,27,14,905,2017,13.211009174311927
62350,Fouquières-Lès-Béthune,843,100,743,18,6,719,2017,11.862396204033216
62351,Fouquières-Lès-Lens,4554,1204,3350,55,32,3263,2017,26.438296003513393
62352,Framecourt,79,7,72,0,1,71,2017,8.860759493670885
62353,Frémicourt,205,47,158,3,0,155,2017,22.926829268292686
62354,Frencq,665,140,525,2,9,514,2017,21.052631578947366
62355,Fresnes-Lès-Montauban,419,44,375,4,4,367,2017,10.501193317422434
62356,Fresnicourt-Le-Dolmen,651,76,575,14,6,555,2017,11.674347158218126
62357,Fresnoy,55,6,49,0,0,49,2017,10.909090909090908
62358,Fresnoy-En-Gohelle,200,42,158,6,1,151,2017,21.0
62359,Fressin,402,46,356,4,0,352,2017,11.442786069651742
62360,Fréthun,1028,197,831,15,4,812,2017,19.16342412451362
62361,Frévent,2429,616,1813,45,13,1755,2017,25.360230547550433
62362,Frévillers,190,29,161,4,0,157,2017,15.263157894736842
62363,Frévin-Capelle,319,36,283,9,0,274,2017,11.285266457680251
62364,Fruges,1455,233,1222,22,18,1182,2017,16.013745704467354
62365,Galametz,129,25,104,4,0,100,2017,19.379844961240313
62366,Gauchin-Légal,290,54,236,1,2,233,2017,18.620689655172416
62367,Gauchin-Verloingt,500,80,420,5,13,402,2017,16.0
62368,Gaudiempré,139,23,116,10,1,105,2017,16.546762589928058
62369,Gavrelle,487,62,425,4,1,420,2017,12.73100616016427
62370,Gennes-Ivergny,106,12,94,0,0,94,2017,11.320754716981133
62371,Givenchy-En-Gohelle,1658,266,1392,31,9,1352,2017,16.043425814234016
62372,Givenchy-Le-Noble,120,20,100,4,1,95,2017,16.666666666666664
62373,Givenchy-Lès-La-Bassée,777,114,663,15,4,644,2017,14.671814671814673
62374,Gomiécourt,133,16,117,4,2,111,2017,12.030075187969924
62375,Gommecourt,91,16,75,2,4,69,2017,17.582417582417584
62376,Gonnehem,1969,318,1651,35,15,1601,2017,16.15033011681056
62377,Gosnay,754,151,603,14,4,585,2017,20.02652519893899
62378,Gouves,163,29,134,5,2,127,2017,17.791411042944784
62379,Gouy-En-Artois,293,39,254,1,4,249,2017,13.310580204778159
62380,Gouy-Servins,255,28,227,1,4,222,2017,10.980392156862745
62381,Gouy-En-Ternois,119,14,105,2,3,100,2017,11.76470588235294
62382,Gouy-Saint-André,526,75,451,25,4,422,2017,14.258555133079847
62383,Gouy-Sous-Bellonne,1078,162,916,14,3,899,2017,15.0278293135436
62384,Graincourt-Lès-Havrincourt,485,87,398,0,7,391,2017,17.938144329896907
62385,Grand-Rullecourt,334,50,284,7,4,273,2017,14.97005988023952
62386,Grenay,4381,1002,3379,48,23,3308,2017,22.871490527276876
62387,Grévillers,295,43,252,0,9,243,2017,14.576271186440678
62388,Grigny,223,34,189,6,0,183,2017,15.246636771300448
62389,Grincourt-Lès-Pas,34,2,32,0,0,32,2017,5.88235294117647
62390,Groffliers,1276,178,1098,23,7,1068,2017,13.94984326018809
62391,Guarbecque,1196,217,979,17,12,950,2017,18.1438127090301
62392,Guémappe,292,27,265,6,1,258,2017,9.246575342465754
62393,Guemps,819,142,677,4,13,660,2017,17.338217338217337
62395,Guigny,145,30,115,4,3,108,2017,20.689655172413794
62396,Guinecourt,15,3,12,0,0,12,2017,20.0
62397,Guînes,3852,875,2977,40,32,2905,2017,22.71547248182762
62398,Guisy,246,40,206,7,2,197,2017,16.260162601626014
62399,Habarcq,552,81,471,5,3,463,2017,14.673913043478262
62400,Haillicourt,3717,1101,2616,44,13,2559,2017,29.620661824051652
62401,Haisnes,3345,680,2665,60,31,2574,2017,20.328849028400597
62402,Halinghen,232,26,206,2,2,202,2017,11.206896551724139
62403,Hallines,989,172,817,8,13,796,2017,17.391304347826086
62404,Halloy,159,21,138,2,1,135,2017,13.20754716981132
62405,Hamblain-Les-Prés,419,69,350,1,10,339,2017,16.467780429594274
62406,Hamelincourt,206,24,182,3,2,177,2017,11.650485436893204
62407,Ham-En-Artois,815,125,690,18,4,668,2017,15.337423312883436
62408,Hames-Boucres,1018,164,854,12,6,836,2017,16.110019646365423
62409,Hannescamps,145,15,130,2,2,126,2017,10.344827586206897
62410,Haplincourt,169,33,136,1,0,135,2017,19.526627218934912
62411,Haravesnes,33,3,30,0,2,28,2017,9.090909090909092
62412,Hardinghen,893,196,697,18,7,672,2017,21.948488241881297
62413,Harnes,8796,2150,6646,121,49,6476,2017,24.442928603910868
62414,Haucourt,187,26,161,7,0,154,2017,13.903743315508022
62415,Haute-Avesnes,333,38,295,1,3,291,2017,11.411411411411411
62416,Hautecloque,168,24,144,1,4,139,2017,14.285714285714285
62418,Hauteville,235,32,203,2,0,201,2017,13.617021276595745
62419,Haut-Loquin,115,25,90,0,1,89,2017,21.73913043478261
62421,Havrincourt,278,42,236,2,1,233,2017,15.107913669064748
62422,Hébuterne,423,82,341,7,0,334,2017,19.38534278959811
62423,Helfaut,1268,165,1103,21,8,1074,2017,13.012618296529968
62424,Hendecourt-Lès-Cagnicourt,240,34,206,4,0,202,2017,14.166666666666666
62425,Hendecourt-Lès-Ransart,105,13,92,3,0,89,2017,12.380952380952381
62426,Héninel,154,17,137,2,1,134,2017,11.03896103896104
62427,Hénin-Beaumont,18853,4841,14012,214,113,13685,2017,25.67761099029332
62428,Hénin-Sur-Cojeul,414,40,374,8,3,363,2017,9.66183574879227
62429,Henneveux,247,35,212,0,5,207,2017,14.17004048582996
62430,Hénu,125,26,99,2,0,97,2017,20.8
62432,Herbinghen,307,43,264,5,2,257,2017,14.006514657980457
62433,Héricourt,82,8,74,1,1,72,2017,9.75609756097561
62434,La Herlière,115,21,94,2,0,92,2017,18.26086956521739
62435,Herlincourt,99,9,90,4,0,86,2017,9.090909090909092
62436,Herlin-Le-Sec,104,12,92,3,0,89,2017,11.538461538461538
62437,Herly,252,57,195,0,2,193,2017,22.61904761904762
62438,Hermaville,458,53,405,13,1,391,2017,11.572052401746726
62439,Hermelinghen,250,35,215,0,2,213,2017,14.000000000000002
62440,Hermies,859,194,665,11,2,652,2017,22.58440046565774
62441,Hermin,188,22,166,2,0,164,2017,11.702127659574469
62442,Hernicourt,405,56,349,3,8,338,2017,13.82716049382716
62443,Hersin-Coupigny,4743,1012,3731,63,39,3629,2017,21.33670672570103
62444,Hervelinghen,217,52,165,1,2,162,2017,23.963133640552993
62445,Hesdigneul-Lès-Béthune,653,91,562,10,5,547,2017,13.935681470137826
62446,Hesdigneul-Lès-Boulogne,569,121,448,2,8,438,2017,21.26537785588752
62447,Hesdin,1667,563,1104,18,13,1073,2017,33.77324535092981
62448,Hesdin-L'Abbé,1398,173,1225,19,10,1196,2017,12.374821173104435
62449,Hesmond,148,23,125,4,0,121,2017,15.54054054054054
62450,Hestrus,189,28,161,0,0,161,2017,14.814814814814813
62451,Heuchin,363,58,305,7,5,293,2017,15.977961432506888
62452,Heuringhem,1141,130,1011,10,27,974,2017,11.393514460999125
62453,Hézecques,85,20,65,0,1,64,2017,23.52941176470588
62454,Hinges,1802,243,1559,17,12,1530,2017,13.485016648168703
62455,Hocquinghen,88,19,69,1,0,68,2017,21.59090909090909
62456,Houchin,592,79,513,5,6,502,2017,13.344594594594595
62457,Houdain,5362,1177,4185,72,45,4068,2017,21.950764640059678
62458,Houlle,785,97,688,15,8,665,2017,12.356687898089172
62459,Houvin-Houvigneul,191,25,166,2,2,162,2017,13.089005235602095
62460,Hubersent,197,24,173,2,1,170,2017,12.18274111675127
62461,Huby-Saint-Leu,601,133,468,8,4,456,2017,22.129783693843592
62462,Huclier,95,9,86,4,1,81,2017,9.473684210526317
62463,Hucqueliers,378,60,318,4,2,312,2017,15.873015873015872
62464,Hulluch,2624,585,2039,45,22,1972,2017,22.29420731707317
62465,Humbercamps,183,29,154,9,2,143,2017,15.846994535519126
62466,Humbert,184,19,165,7,0,158,2017,10.326086956521738
62467,Humeroeuille,121,23,98,0,0,98,2017,19.00826446280992
62468,Humières,207,26,181,5,1,175,2017,12.560386473429952
62469,Inchy-En-Artois,436,91,345,7,2,336,2017,20.871559633027523
62470,Incourt,64,8,56,1,2,53,2017,12.5
62471,Bellinghem,807,83,724,14,8,702,2017,10.285006195786865
62472,Inxent,147,32,115,2,1,112,2017,21.768707482993197
62473,Isbergues,7316,1857,5459,121,73,5265,2017,25.382722799343902
62474,Isques,933,125,808,14,3,791,2017,13.39764201500536
62475,Ivergny,187,19,168,1,3,164,2017,10.16042780748663
62476,Izel-Lès-Equerchin,808,116,692,4,15,673,2017,14.356435643564355
62477,Izel-Lès-Hameau,575,84,491,6,5,480,2017,14.608695652173914
62478,Journy,206,26,180,5,0,175,2017,12.62135922330097
62479,Labeuvrière,1247,194,1053,18,8,1027,2017,15.557337610264636
62480,Labourse,2056,387,1669,38,15,1616,2017,18.82295719844358
62481,Labroye,127,12,115,5,0,110,2017,9.448818897637794
62483,Lacres,179,30,149,3,2,144,2017,16.75977653631285
62484,Lagnicourt-Marcel,258,37,221,7,0,214,2017,14.34108527131783
62485,Laires,241,36,205,5,3,197,2017,14.937759336099585
62486,Lambres,777,125,652,12,7,633,2017,16.08751608751609
62487,Landrethun-Le-Nord,874,119,755,18,2,735,2017,13.615560640732266
62488,Landrethun-Lès-Ardres,560,65,495,5,2,488,2017,11.607142857142858
62489,Lapugnoy,2805,613,2192,35,17,2140,2017,21.853832442067738
62490,Lattre-Saint-Quentin,200,29,171,2,1,168,2017,14.499999999999998
62491,Laventie,3948,669,3279,59,25,3195,2017,16.945288753799392
62492,Lebiez,179,38,141,1,0,140,2017,21.22905027932961
62493,Lebucquière,193,40,153,1,2,150,2017,20.72538860103627
62494,Léchelle,48,7,41,1,1,39,2017,14.583333333333334
62495,Ledinghem,237,45,192,5,0,187,2017,18.9873417721519
62496,Lefaux,215,32,183,1,0,182,2017,14.883720930232558
62497,Leforest,5267,1186,4081,76,39,3966,2017,22.517562179608884
62498,Lens,23278,7503,15775,294,167,15314,2017,32.232150528395906
62499,Lépine,243,33,210,3,1,206,2017,13.580246913580247
62500,Lespesses,333,41,292,7,6,279,2017,12.312312312312311
62501,Lespinoy,174,17,157,3,0,154,2017,9.770114942528735
62502,Lestrem,3482,574,2908,57,13,2838,2017,16.484778862722575
62503,Leubringhen,244,24,220,4,0,216,2017,9.836065573770492
62504,Leulinghem,168,12,156,3,1,152,2017,7.142857142857142
62505,Leulinghen-Bernes,333,34,299,7,3,289,2017,10.21021021021021
62506,Licques,1243,211,1032,26,5,1001,2017,16.975060337892195
62507,Liencourt,231,41,190,5,0,185,2017,17.74891774891775
62508,Lières,284,39,245,7,2,236,2017,13.732394366197184
62509,Liettres,220,18,202,4,1,197,2017,8.181818181818182
62510,Liévin,21278,5714,15564,287,100,15177,2017,26.85402763417614
62511,Lignereuil,100,21,79,5,0,74,2017,21.0
62512,Ligny-Lès-Aire,484,92,392,7,2,383,2017,19.00826446280992
62513,Ligny-Sur-Canche,165,31,134,0,0,134,2017,18.787878787878785
62514,Ligny-Saint-Flochel,192,25,167,8,2,157,2017,13.020833333333334
62515,Ligny-Thilloy,465,69,396,8,7,381,2017,14.838709677419354
62516,Lillers,6490,1241,5249,69,74,5106,2017,19.12172573189522
62517,Linghem,206,33,173,3,0,170,2017,16.019417475728158
62518,Linzeux,122,11,111,0,0,111,2017,9.01639344262295
62519,Lisbourg,484,76,408,4,5,399,2017,15.702479338842975
62520,Locon,1987,305,1682,20,11,1651,2017,15.349773527931553
62521,La Loge,169,27,142,5,1,136,2017,15.976331360946746
62522,Loison-Sur-Créquoise,220,31,189,2,3,184,2017,14.09090909090909
62523,Loison-Sous-Lens,3782,764,3018,62,34,2922,2017,20.200951877313592
62524,Longfossé,1097,177,920,22,2,896,2017,16.134913400182317
62525,Longuenesse,7065,1421,5644,69,70,5505,2017,20.113234253361643
62526,Longueville,105,10,95,0,5,90,2017,9.523809523809524
62527,Longvilliers,180,26,154,3,0,151,2017,14.444444444444443
62528,Loos-En-Gohelle,5397,1179,4218,97,42,4079,2017,21.845469705391885
62529,Lorgies,1276,216,1060,14,8,1038,2017,16.927899686520377
62530,Lottinghen,388,32,356,3,4,349,2017,8.24742268041237
62531,Louches,694,117,577,6,3,568,2017,16.85878962536023
62532,Lozinghem,915,147,768,9,8,751,2017,16.065573770491802
62533,Lugy,122,20,102,6,0,96,2017,16.39344262295082
62534,Lumbres,2683,475,2208,44,23,2141,2017,17.704062616474094
62535,La Madelaine-Sous-Montreuil,146,27,119,1,1,117,2017,18.493150684931507
62536,Magnicourt-En-Comte,504,106,398,9,2,387,2017,21.03174603174603
62537,Magnicourt-Sur-Canche,100,18,82,1,1,80,2017,18.0
62538,Maintenay,315,46,269,3,1,265,2017,14.603174603174605
62539,Maisnil,195,26,169,1,1,167,2017,13.333333333333334
62540,Maisnil-Lès-Ruitz,1176,184,992,15,9,968,2017,15.646258503401361
62541,Maisoncelle,101,11,90,0,2,88,2017,10.891089108910892
62542,Maizières,157,26,131,1,0,130,2017,16.560509554140125
62543,Mametz,1512,201,1311,21,7,1283,2017,13.293650793650794
62544,Manin,134,12,122,6,2,114,2017,8.955223880597014
62545,Maninghem,106,7,99,2,2,95,2017,6.60377358490566
62546,Maninghen-Henne,275,32,243,1,2,240,2017,11.636363636363637
62547,Marant,65,10,55,0,1,54,2017,15.384615384615385
62548,Marck,7918,1577,6341,133,72,6136,2017,19.916645617580198
62549,Marconne,853,167,686,13,3,670,2017,19.577960140679952
62550,Marconnelle,936,218,718,28,8,682,2017,23.29059829059829
62551,Marenla,192,19,173,3,2,168,2017,9.895833333333332
62552,Maresquel-Ecquemicourt,784,168,616,13,2,601,2017,21.428571428571427
62553,Marest,247,27,220,3,2,215,2017,10.931174089068826
62554,Maresville,75,7,68,1,0,67,2017,9.333333333333334
62555,Marles-Les-Mines,3927,971,2956,55,35,2866,2017,24.726254138018845
62556,Marles-Sur-Canche,237,28,209,9,0,200,2017,11.814345991561181
62557,Maroeuil,2215,338,1877,25,13,1839,2017,15.259593679458238
62558,Marquay,135,8,127,0,1,126,2017,5.9259259259259265
62559,Marquion,767,166,601,16,2,583,2017,21.642764015645373
62560,Marquise,3778,846,2932,36,29,2867,2017,22.3928004235045
62561,Martinpuich,157,16,141,1,4,136,2017,10.191082802547772
62562,Matringhem,140,18,122,6,3,113,2017,12.857142857142856
62563,Mazingarbe,5564,1511,4053,80,25,3948,2017,27.15672178289001
62564,Mazinghem,348,50,298,2,2,294,2017,14.367816091954023
62565,Mencas,67,6,61,1,0,60,2017,8.955223880597014
62566,Menneville,526,49,477,5,6,466,2017,9.315589353612168
62567,Mentque-Nortbécourt,466,56,410,13,7,390,2017,12.017167381974248
62568,Mercatel,488,55,433,10,1,422,2017,11.270491803278688
62569,Merck-Saint-Liévin,440,58,382,6,2,374,2017,13.18181818181818
62570,Méricourt,8891,2501,6390,121,45,6224,2017,28.129569227308515
62571,Merlimont,2862,455,2407,37,11,2359,2017,15.897973445143258
62572,Metz-En-Couture,504,108,396,5,1,390,2017,21.428571428571427
62573,Meurchin,2919,698,2221,41,18,2162,2017,23.912298732442615
62574,Mingoval,168,12,156,3,6,147,2017,7.142857142857142
62576,Moncheaux-Lès-Frévent,93,15,78,0,1,77,2017,16.129032258064516
62577,Monchel-Sur-Canche,62,10,52,0,0,52,2017,16.129032258064516
62578,Monchiet,91,6,85,2,2,81,2017,6.593406593406594
62579,Monchy-Au-Bois,408,44,364,8,3,353,2017,10.784313725490197
62580,Monchy-Breton,321,40,281,5,3,273,2017,12.461059190031152
62581,Monchy-Cayeux,225,34,191,1,2,188,2017,15.11111111111111
62582,Monchy-Le-Preux,519,88,431,7,1,423,2017,16.955684007707127
62583,Mondicourt,434,62,372,2,6,364,2017,14.285714285714285
62584,Mont-Bernanchon,1159,221,938,14,7,917,2017,19.06816220880069
62585,Montcavrel,304,48,256,7,2,247,2017,15.789473684210526
62586,Montenescourt,368,47,321,15,1,305,2017,12.771739130434783
62587,Montigny-En-Gohelle,6409,1639,4770,93,33,4644,2017,25.57341238882821
62588,Montreuil,1530,326,1204,32,7,1165,2017,21.30718954248366
62589,Mont-Saint-Eloi,830,101,729,19,7,703,2017,12.168674698795181
62590,Monts-En-Ternois,41,5,36,6,0,30,2017,12.195121951219512
62591,Morchies,139,26,113,2,0,111,2017,18.705035971223023
62592,Moringhem,394,49,345,6,5,334,2017,12.436548223350254
62593,Morval,80,9,71,2,1,68,2017,11.25
62594,Mory,263,52,211,4,2,205,2017,19.771863117870723
62595,Moulle,867,121,746,20,4,722,2017,13.956170703575548
62596,Mouriez,207,25,182,2,3,177,2017,12.077294685990339
62597,Moyenneville,209,29,180,5,2,173,2017,13.875598086124402
62598,Muncq-Nieurlet,520,95,425,6,3,416,2017,18.269230769230766
62599,Nabringhen,166,26,140,1,2,137,2017,15.66265060240964
62600,Nédon,129,14,115,0,0,115,2017,10.852713178294573
62601,Nédonchel,136,21,115,1,2,112,2017,15.441176470588236
62602,Nempont-Saint-Firmin,158,39,119,2,1,116,2017,24.68354430379747
62603,Nesles,736,135,601,9,5,587,2017,18.342391304347828
62604,Neufchâtel-Hardelot,3484,636,2848,35,13,2800,2017,18.2548794489093
62605,Neulette,33,6,27,0,0,27,2017,18.181818181818183
62606,Neuve-Chapelle,1124,159,965,16,7,942,2017,14.145907473309608
62607,Neuville-Au-Cornet,55,9,46,2,1,43,2017,16.363636363636363
62608,Neuville-Bourjonval,144,28,116,1,0,115,2017,19.444444444444446
62609,Neuville-Saint-Vaast,1230,135,1095,21,8,1066,2017,10.975609756097562
62610,Neuville-Sous-Montreuil,441,69,372,0,1,371,2017,15.646258503401361
62611,Neuville-Vitasse,406,54,352,5,2,345,2017,13.30049261083744
62612,Neuvireuil,448,33,415,12,2,401,2017,7.366071428571429
62613,Nielles-Lès-Bléquin,683,134,549,15,4,530,2017,19.619326500732065
62614,Nielles-Lès-Ardres,448,39,409,4,1,404,2017,8.705357142857142
62615,Nielles-Lès-Calais,210,25,185,2,1,182,2017,11.904761904761903
62616,Noeux-Lès-Auxi,161,32,129,3,0,126,2017,19.875776397515526
62617,Noeux-Les-Mines,8610,2119,6491,139,63,6289,2017,24.610917537746808
62618,Nordausques,789,85,704,8,3,693,2017,10.773130544993663
62619,Noreuil,117,16,101,2,0,99,2017,13.675213675213676
62620,Norrent-Fontes,1124,182,942,17,7,918,2017,16.19217081850534
62621,Nortkerque,1155,131,1024,23,8,993,2017,11.341991341991342
62622,Nort-Leulinghem,164,23,141,8,2,131,2017,14.02439024390244
62623,Nouvelle-Eglise,442,53,389,1,8,380,2017,11.990950226244344
62624,Noyelles-Godault,3942,901,3041,52,19,2970,2017,22.856418061897514
62625,Noyelles-Lès-Humières,48,7,41,2,0,39,2017,14.583333333333334
62626,Noyelles-Lès-Vermelles,1603,285,1318,30,14,1274,2017,17.779164067373674
62627,Noyelles-Sous-Bellonne,594,69,525,6,1,518,2017,11.616161616161616
62628,Noyelles-Sous-Lens,4854,1324,3530,43,30,3457,2017,27.27647301194891
62629,Noyellette,124,14,110,1,0,109,2017,11.29032258064516
62630,Noyelle-Vion,227,27,200,5,1,194,2017,11.894273127753303
62631,Nuncq-Hautecôte,324,44,280,3,1,276,2017,13.580246913580247
62632,Oblinghem,247,37,210,4,3,203,2017,14.979757085020243
62633,Oeuf-En-Ternois,198,23,175,2,4,169,2017,11.616161616161616
62634,Offekerque,877,144,733,10,2,721,2017,16.419612314709237
62635,Offin,184,30,154,3,2,149,2017,16.304347826086957
62636,Offrethun,219,21,198,1,3,194,2017,9.58904109589041
62637,Oignies,7051,1870,5181,122,51,5008,2017,26.521060842433698
62638,Oisy-Le-Verger,980,220,760,13,9,738,2017,22.448979591836736
62639,Oppy,318,39,279,9,1,269,2017,12.264150943396226
62640,Orville,284,45,239,1,2,236,2017,15.845070422535212
62641,Ostreville,206,38,168,0,2,166,2017,18.446601941747574
62642,Ourton,556,83,473,8,3,462,2017,14.928057553956833
62643,Outreau,10699,2783,7916,51,146,7719,2017,26.011776801570242
62644,Ouve-Wirquin,406,81,325,9,4,312,2017,19.950738916256157
62645,Oye-Plage,4336,895,3441,50,67,3324,2017,20.641143911439112
62646,Palluel,475,84,391,10,1,380,2017,17.684210526315788
62647,Le Parcq,567,76,491,11,2,478,2017,13.403880070546737
62648,Parenty,366,46,320,2,1,317,2017,12.568306010928962
62649,Pas-En-Artois,629,102,527,12,2,513,2017,16.216216216216218
62650,Pelves,589,84,505,9,2,494,2017,14.261460101867574
62651,Penin,330,43,287,6,3,278,2017,13.030303030303031
62652,Pernes,1213,227,986,25,13,948,2017,18.713932399010716
62653,Pernes-Lès-Boulogne,336,33,303,4,1,298,2017,9.821428571428571
62654,Peuplingues,541,58,483,6,0,477,2017,10.720887245841034
62655,Pierremont,232,22,210,6,0,204,2017,9.482758620689655
62656,Pihem,754,117,637,11,6,620,2017,15.517241379310345
62657,Pihen-Lès-Guînes,360,30,330,1,4,325,2017,8.333333333333332
62658,Pittefaux,120,17,103,2,0,101,2017,14.166666666666666
62659,Planques,74,14,60,0,0,60,2017,18.91891891891892
62660,Plouvain,399,52,347,1,12,334,2017,13.032581453634084
62661,Bouin-Plumoison,381,54,327,8,6,313,2017,14.173228346456693
62662,Polincove,629,83,546,12,3,531,2017,13.195548489666137
62663,Pommera,225,39,186,2,0,184,2017,17.333333333333336
62664,Pommier,191,18,173,5,2,166,2017,9.424083769633508
62665,Le Ponchel,184,25,159,7,2,150,2017,13.586956521739129
62666,Pont-À-Vendin,2358,592,1766,33,14,1719,2017,25.10602205258694
62667,Le Portel,6840,1719,5121,76,40,5005,2017,25.13157894736842
62668,Prédefin,143,22,121,3,0,118,2017,15.384615384615385
62669,Pressy,246,38,208,5,1,202,2017,15.447154471544716
62670,Preures,454,61,393,5,6,382,2017,13.43612334801762
62671,Pronville,211,32,179,4,0,175,2017,15.165876777251185
62672,Puisieux,485,71,414,6,6,402,2017,14.63917525773196
62673,Quéant,520,101,419,8,5,406,2017,19.423076923076923
62674,Quelmes,437,63,374,7,2,365,2017,14.416475972540047
62675,Quercamps,195,31,164,5,0,159,2017,15.897435897435896
62676,Quernes,381,61,320,7,3,310,2017,16.010498687664043
62677,Le Quesnoy-En-Artois,281,65,216,1,3,212,2017,23.131672597864767
62678,Quesques,502,62,440,12,8,420,2017,12.350597609561753
62679,Questrecques,273,32,241,0,10,231,2017,11.72161172161172
62680,Quiéry-La-Motte,548,55,493,11,0,482,2017,10.036496350364963
62681,Quiestède,492,69,423,11,7,405,2017,14.02439024390244
62682,Quilen,44,2,42,1,0,41,2017,4.545454545454546
62683,Quoeux-Haut-Maînil,182,22,160,2,1,157,2017,12.087912087912088
62684,Racquinghem,1879,387,1492,26,8,1458,2017,20.596061734965406
62685,Radinghem,186,22,164,5,3,156,2017,11.827956989247312
62686,Ramecourt,278,42,236,10,2,224,2017,15.107913669064748
62688,Rang-Du-Fliers,3414,689,2725,56,23,2646,2017,20.181605155243115
62689,Ransart,306,46,260,1,6,253,2017,15.032679738562091
62690,Raye-Sur-Authie,184,25,159,3,3,153,2017,13.586956521739129
62691,Saint-Augustin,619,60,559,9,5,545,2017,9.693053311793214
62692,Rebergues,226,25,201,1,3,197,2017,11.061946902654867
62693,Rebreuve-Ranchicourt,943,145,798,17,4,777,2017,15.37645811240721
62694,Rebreuve-Sur-Canche,175,30,145,2,2,141,2017,17.142857142857142
62695,Rebreuviette,213,31,182,4,0,178,2017,14.553990610328638
62696,Reclinghem,164,22,142,1,2,139,2017,13.414634146341465
62697,Récourt,172,30,142,3,0,139,2017,17.441860465116278
62698,Recques-Sur-Course,223,35,188,3,2,183,2017,15.695067264573993
62699,Recques-Sur-Hem,470,58,412,10,1,401,2017,12.340425531914894
62700,Regnauville,177,13,164,7,3,154,2017,7.344632768361582
62701,Rely,344,66,278,6,4,268,2017,19.186046511627907
62702,Remilly-Wirquin,261,28,233,6,1,226,2017,10.727969348659004
62703,Rémy,261,27,234,5,1,228,2017,10.344827586206897
62704,Renty,513,101,412,10,4,398,2017,19.68810916179337
62705,Rety,1484,253,1231,31,10,1190,2017,17.048517520215633
62706,Richebourg,2142,329,1813,48,11,1754,2017,15.359477124183007
62708,Riencourt-Lès-Bapaume,25,1,24,0,0,24,2017,4.0
62709,Riencourt-Lès-Cagnicourt,215,39,176,2,0,174,2017,18.13953488372093
62710,Rimboval,117,17,100,5,3,92,2017,14.529914529914532
62711,Rinxent,2267,399,1868,32,16,1820,2017,17.600352889280988
62712,Rivière,956,122,834,10,2,822,2017,12.761506276150628
62713,Robecq,1080,150,930,18,9,903,2017,13.88888888888889
62714,Roclincourt,658,63,595,12,7,576,2017,9.574468085106384
62715,Rocquigny,235,51,184,0,2,182,2017,21.70212765957447
62716,Rodelinghem,377,48,329,7,1,321,2017,12.73209549071618
62717,Roëllecourt,464,78,386,9,2,375,2017,16.810344827586206
62718,Roeux,1079,181,898,18,6,874,2017,16.774791473586653
62719,Rollancourt,203,22,181,3,0,178,2017,10.83743842364532
62720,Rombly,40,5,35,1,0,34,2017,12.5
62721,Roquetoire,1595,235,1360,27,6,1327,2017,14.733542319749215
62722,Rougefay,83,17,66,1,0,65,2017,20.481927710843372
62723,Roussent,168,9,159,2,0,157,2017,5.357142857142857
62724,Rouvroy,6905,1699,5206,99,53,5054,2017,24.605358435916003
62725,Royon,119,17,102,3,0,99,2017,14.285714285714285
62726,Ruisseauville,145,13,132,0,2,130,2017,8.96551724137931
62727,Ruitz,1322,178,1144,20,9,1115,2017,13.464447806354011
62728,Rumaucourt,569,123,446,8,4,434,2017,21.616871704745165
62729,Rumilly,192,44,148,6,0,142,2017,22.916666666666664
62730,Ruminghem,1132,213,919,22,2,895,2017,18.81625441696113
62731,Ruyaulcourt,237,48,189,7,1,181,2017,20.253164556962027
62732,Sachin,254,27,227,1,0,226,2017,10.62992125984252
62733,Sailly-Au-Bois,201,34,167,1,2,164,2017,16.91542288557214
62734,Sailly-En-Ostrevent,546,79,467,9,1,457,2017,14.46886446886447
62735,Sailly-Labourse,1670,300,1370,28,4,1338,2017,17.964071856287426
62736,Sailly-Sur-La-Lys,3108,411,2697,45,11,2641,2017,13.223938223938225
62737,Sains-En-Gohelle,5031,1411,3620,97,37,3486,2017,28.046114092625718
62738,Sains-Lès-Fressin,120,17,103,0,3,100,2017,14.166666666666666
62739,Sains-Lès-Marquion,267,35,232,6,0,226,2017,13.108614232209737
62740,Sains-Lès-Pernes,230,40,190,8,2,180,2017,17.391304347826086
62741,Saint-Amand,108,14,94,0,0,94,2017,12.962962962962962
62742,Saint-Aubin,239,37,202,4,0,198,2017,15.481171548117153
62743,Sainte-Austreberthe,314,33,281,5,3,273,2017,10.509554140127388
62744,Sainte-Catherine,2488,355,2133,28,9,2096,2017,14.268488745980706
62745,Saint-Denoeux,113,15,98,0,2,96,2017,13.274336283185843
62746,Saint-Etienne-Au-Mont,4007,911,3096,48,21,3027,2017,22.735213376590966
62747,Saint-Floris,431,59,372,9,2,361,2017,13.68909512761021
62748,Saint-Folquin,1749,305,1444,28,8,1408,2017,17.438536306460833
62749,Saint-Georges,244,36,208,5,0,203,2017,14.754098360655737
62750,Saint-Hilaire-Cottes,643,97,546,16,4,526,2017,15.085536547433904
62751,Saint-Inglevert,534,47,487,6,2,479,2017,8.801498127340825
62752,Saint-Josse,954,145,809,20,2,787,2017,15.199161425576522
62753,Saint-Laurent-Blangy,4839,979,3860,86,33,3741,2017,20.231452779499897
62754,Saint-Léger,327,48,279,4,0,275,2017,14.678899082568808
62755,Saint-Léonard,2869,587,2282,49,13,2220,2017,20.46009062391077
62756,Sainte-Marie-Kerque,1151,160,991,25,9,957,2017,13.900955690703737
62757,Saint-Martin-Lez-Tatinghem,4980,1038,3942,59,58,3825,2017,20.843373493975903
62758,Saint-Martin-Boulogne,8824,1823,7001,109,72,6820,2017,20.65956482320943
62759,Saint-Martin-Choquel,345,35,310,15,0,295,2017,10.144927536231885
62760,Saint-Martin-D'Hardinghem,226,33,193,6,1,186,2017,14.601769911504425
62761,Saint-Martin-Sur-Cojeul,184,27,157,1,0,156,2017,14.673913043478262
62762,Saint-Michel-Sous-Bois,106,10,96,2,0,94,2017,9.433962264150944
62763,Saint-Michel-Sur-Ternoise,731,132,599,8,16,575,2017,18.057455540355676
62764,Saint-Nicolas,3438,772,2666,53,20,2593,2017,22.454915648632927
62765,Saint-Omer,9181,2486,6695,103,56,6536,2017,27.077660385578913
62766,Saint-Omer-Capelle,809,143,666,12,8,646,2017,17.676143386897404
62767,Saint-Pol-Sur-Ternoise,3480,876,2604,52,27,2525,2017,25.17241379310345
62768,Saint-Rémy-Au-Bois,90,12,78,2,1,75,2017,13.333333333333334
62769,Saint-Tricat,604,78,526,7,1,518,2017,12.91390728476821
62770,Saint-Venant,2216,363,1853,63,16,1774,2017,16.380866425992778
62771,Sallaumines,6812,1942,4870,101,50,4719,2017,28.50851438637698
62772,Salperwick,410,54,356,2,7,347,2017,13.170731707317074
62773,Samer,2926,518,2408,33,11,2364,2017,17.703349282296653
62774,Sangatte,3789,748,3041,57,24,2960,2017,19.741356558458698
62775,Sanghen,233,31,202,3,0,199,2017,13.304721030042918
62776,Sapignies,142,23,119,0,1,118,2017,16.19718309859155
62777,Le Sars,127,31,96,0,0,96,2017,24.409448818897637
62778,Sars-Le-Bois,63,6,57,3,2,52,2017,9.523809523809524
62779,Sarton,143,15,128,3,1,124,2017,10.48951048951049
62780,Sauchy-Cauchy,267,44,223,8,2,213,2017,16.479400749063668
62781,Sauchy-Lestrée,330,72,258,7,1,250,2017,21.818181818181817
62782,Saudemont,385,58,327,0,11,316,2017,15.064935064935064
62783,Saulchoy,228,46,182,6,0,176,2017,20.175438596491226
62784,Saulty,538,73,465,9,4,452,2017,13.568773234200743
62785,Savy-Berlette,765,119,646,12,2,632,2017,15.555555555555555
62786,Selles,244,38,206,5,4,197,2017,15.573770491803279
62787,Sempy,217,30,187,2,0,185,2017,13.82488479262673
62788,Seninghem,538,91,447,8,2,437,2017,16.91449814126394
62789,Senlecques,191,12,179,9,0,170,2017,6.282722513089005
62790,Senlis,129,18,111,2,0,109,2017,13.953488372093023
62791,Séricourt,41,6,35,1,0,34,2017,14.634146341463413
62792,Serques,958,148,810,22,11,777,2017,15.44885177453027
62793,Servins,800,97,703,14,2,687,2017,12.125
62794,Setques,443,43,400,9,5,386,2017,9.706546275395034
62795,Sibiville,93,16,77,1,1,75,2017,17.20430107526882
62796,Simencourt,430,42,388,7,5,376,2017,9.767441860465116
62797,Siracourt,240,36,204,5,1,198,2017,15.0
62798,Sombrin,186,18,168,7,1,160,2017,9.67741935483871
62799,Sorrus,602,92,510,14,0,496,2017,15.282392026578073
62800,Souastre,286,45,241,6,1,234,2017,15.734265734265735
62801,Souchez,2122,336,1786,37,14,1735,2017,15.83411875589067
62802,Le Souich,126,26,100,3,1,96,2017,20.634920634920633
62803,Surques,435,74,361,14,3,344,2017,17.011494252873565
62804,Sus-Saint-Léger,242,32,210,5,1,204,2017,13.223140495867769
62805,Tangry,192,28,164,4,2,158,2017,14.583333333333334
62806,Tardinghen,151,20,131,0,0,131,2017,13.245033112582782
62808,Teneur,196,19,177,7,2,168,2017,9.693877551020408
62809,Ternas,112,15,97,0,1,96,2017,13.392857142857142
62810,Thélus,1027,146,881,18,6,857,2017,14.216163583252191
62811,Thérouanne,912,141,771,16,5,750,2017,15.460526315789474
62812,Thiembronne,602,81,521,9,2,510,2017,13.455149501661129
62813,La Thieuloye,361,52,309,6,2,301,2017,14.40443213296399
62814,Thièvres,93,9,84,0,0,84,2017,9.67741935483871
62815,Tigny-Noyelle,140,12,128,2,1,125,2017,8.571428571428571
62816,Tilloy-Lès-Hermaville,180,15,165,5,1,159,2017,8.333333333333332
62817,Tilloy-Lès-Mofflaines,1101,181,920,15,10,895,2017,16.439600363306088
62818,Tilly-Capelle,127,7,120,1,1,118,2017,5.511811023622047
62819,Tilques,941,123,818,13,10,795,2017,13.071200850159407
62820,Tincques,659,92,567,18,0,549,2017,13.960546282245827
62821,Tingry,228,32,196,1,2,193,2017,14.035087719298245
62822,Tollent,75,9,66,4,0,62,2017,12.0
62823,Torcy,132,19,113,5,1,107,2017,14.393939393939394
62824,Tortefontaine,177,24,153,0,3,150,2017,13.559322033898304
62825,Tortequesne,603,95,508,1,10,497,2017,15.754560530679933
62826,Le Touquet-Paris-Plage,5208,919,4289,22,19,4248,2017,17.645929339477725
62827,Tournehem-Sur-La-Hem,1072,210,862,8,4,850,2017,19.58955223880597
62828,Tramecourt,55,8,47,2,0,45,2017,14.545454545454545
62829,Le Transloy,348,76,272,7,0,265,2017,21.839080459770116
62830,Trescault,163,31,132,2,2,128,2017,19.018404907975462
62831,Troisvaux,240,32,208,7,1,200,2017,13.333333333333334
62832,Tubersent,435,55,380,6,3,371,2017,12.643678160919542
62833,Vacquerie-Le-Boucq,68,7,61,1,0,60,2017,10.294117647058822
62834,Vacqueriette-Erquières,188,26,162,3,2,157,2017,13.829787234042554
62835,Valhuon,402,45,357,9,3,345,2017,11.194029850746269
62836,Vaudricourt,799,87,712,13,2,697,2017,10.888610763454318
62837,Vaudringhem,388,55,333,8,0,325,2017,14.175257731958762
62838,Vaulx,72,10,62,1,0,61,2017,13.88888888888889
62839,Vaulx-Vraucourt,773,140,633,14,4,615,2017,18.111254851228978
62840,Vélu,122,23,99,2,0,97,2017,18.852459016393443
62841,Vendin-Lès-Béthune,2109,450,1659,22,18,1619,2017,21.337126600284495
62842,Vendin-Le-Vieil,6017,1445,4572,90,49,4433,2017,24.015290011633706
62843,Verchin,185,32,153,2,1,150,2017,17.2972972972973
62844,Verchocq,510,82,428,5,1,422,2017,16.07843137254902
62845,Verlincthun,360,55,305,7,6,292,2017,15.277777777777779
62846,Vermelles,3463,743,2720,57,26,2637,2017,21.455385503898356
62847,Verquigneul,1377,237,1140,22,12,1106,2017,17.21132897603486
62848,Verquin,2608,545,2063,49,15,1999,2017,20.89723926380368
62849,Verton,1986,331,1655,34,5,1616,2017,16.666666666666664
62850,Vieil-Hesdin,308,39,269,4,3,262,2017,12.662337662337661
62851,Vieille-Chapelle,643,139,504,6,7,491,2017,21.61741835147745
62852,Vieille-Eglise,1042,180,862,22,6,834,2017,17.274472168905948
62853,Vieil-Moutier,279,0,279,6,3,270,2017,0.0
62854,Villers-Au-Bois,403,49,354,7,1,346,2017,12.158808933002481
62855,Villers-Au-Flos,166,17,149,3,2,144,2017,10.240963855421686
62856,Villers-Brûlin,275,19,256,3,4,249,2017,6.909090909090909
62857,Villers-Châtel,115,15,100,0,0,100,2017,13.043478260869565
62858,Villers-Lès-Cagnicourt,194,17,177,2,0,175,2017,8.762886597938143
62859,Villers-L'Hôpital,193,21,172,5,3,164,2017,10.880829015544041
62860,Villers-Sir-Simon,84,11,73,1,0,72,2017,13.095238095238097
62861,Vimy,3307,433,2874,29,35,2810,2017,13.093438161475657
62862,Vincly,109,17,92,3,0,89,2017,15.59633027522936
62863,Violaines,2902,521,2381,62,18,2301,2017,17.953135768435562
62864,Vis-En-Artois,481,52,429,12,1,416,2017,10.81081081081081
62865,Vitry-En-Artois,3771,772,2999,58,25,2916,2017,20.472023335985153
62866,Waben,344,54,290,10,1,279,2017,15.69767441860465
62867,Wacquinghen,222,28,194,5,0,189,2017,12.612612612612612
62868,Wail,196,26,170,5,1,164,2017,13.26530612244898
62869,Wailly,867,133,734,18,3,713,2017,15.340253748558247
62870,Wailly-Beaucamp,813,124,689,17,1,671,2017,15.252152521525215
62871,Wambercourt,184,28,156,6,0,150,2017,15.217391304347828
62872,Wamin,199,37,162,3,3,156,2017,18.592964824120603
62873,Wancourt,514,78,436,7,5,424,2017,15.17509727626459
62874,Wanquetin,550,62,488,8,4,476,2017,11.272727272727273
62875,Wardrecques,999,190,809,21,4,784,2017,19.01901901901902
62876,Warlencourt-Eaucourt,103,15,88,3,0,85,2017,14.563106796116504
62877,Warlincourt-Lès-Pas,137,12,125,2,0,123,2017,8.75912408759124
62878,Warlus,318,59,259,6,2,251,2017,18.553459119496853
62879,Warluzel,190,29,161,1,2,158,2017,15.263157894736842
62880,Le Wast,163,21,142,0,0,142,2017,12.883435582822086
62881,Beauvoir-Wavans,292,38,254,7,3,244,2017,13.013698630136986
62882,Wavrans-Sur-L'Aa,978,150,828,22,9,797,2017,15.337423312883436
62883,Wavrans-Sur-Ternoise,154,29,125,3,0,122,2017,18.83116883116883
62885,Westrehem,184,29,155,3,3,149,2017,15.760869565217392
62886,Wicquinghem,182,22,160,4,0,156,2017,12.087912087912088
62887,Widehem,214,29,185,2,2,181,2017,13.551401869158877
62888,Wierre-Au-Bois,205,31,174,2,0,172,2017,15.121951219512194
62889,Wierre-Effroy,668,79,589,6,3,580,2017,11.826347305389222
62890,Willeman,144,12,132,3,1,128,2017,8.333333333333332
62891,Willencourt,111,13,98,1,1,96,2017,11.711711711711711
62892,Willerval,513,67,446,12,0,434,2017,13.060428849902534
62893,Wimereux,5837,1251,4586,70,26,4490,2017,21.432242590371768
62894,Wimille,3360,743,2617,52,11,2554,2017,22.113095238095237
62895,Wingles,6491,1788,4703,92,31,4580,2017,27.545832691418887
62896,Wirwignes,614,67,547,4,6,537,2017,10.912052117263844
62897,Wismes,403,63,340,8,1,331,2017,15.632754342431761
62898,Wisques,202,23,179,3,2,174,2017,11.386138613861387
62899,Wissant,985,167,818,11,1,806,2017,16.95431472081218
62900,Witternesse,471,67,404,8,3,393,2017,14.225053078556263
62901,Wittes,708,138,570,13,4,553,2017,19.491525423728813
62902,Wizernes,2600,461,2139,40,21,2078,2017,17.73076923076923
62903,Zoteux,421,58,363,2,3,358,2017,13.77672209026128
62904,Zouafques,411,55,356,6,1,349,2017,13.381995133819952
62905,Zudausques,677,76,601,10,2,589,2017,11.225997045790251
62906,Zutkerque,1362,285,1077,23,9,1045,2017,20.92511013215859
62907,Libercourt,5802,1534,4268,81,39,4148,2017,26.43915891072044
62908,La Capelle-Lès-Boulogne,1358,195,1163,23,9,1131,2017,14.359351988217966
62909,Ytres,312,53,259,1,0,258,2017,16.98717948717949
62001,Ablain-Saint-Nazaire,1454,262,1192,24,4,1164,2022,18.019257221458044
62002,Ablainzevelle,161,38,123,4,1,118,2022,23.60248447204969
62003,Acheville,529,106,423,5,4,414,2022,20.03780718336484
62004,Achicourt,6013,1493,4520,42,55,4423,2022,24.829536005321803
62005,Achiet-Le-Grand,741,187,554,14,5,535,2022,25.236167341430498
62006,Achiet-Le-Petit,255,42,213,2,1,210,2022,16.470588235294116
62007,Acq,546,94,452,12,3,437,2022,17.216117216117215
62008,Acquin-Westbécourt,591,143,448,4,3,441,2022,24.196277495769884
62009,Adinfer,211,40,171,6,2,163,2022,18.95734597156398
62010,Affringues,196,27,169,2,0,167,2022,13.77551020408163
62011,Agnez-Lès-Duisans,562,95,467,5,6,456,2022,16.90391459074733
62012,Agnières,170,30,140,4,0,136,2022,17.647058823529413
62013,Agny,1644,390,1254,12,16,1226,2022,23.722627737226276
62014,Aire-Sur-La-Lys,7564,2009,5555,69,44,5442,2022,26.56002115282919
62015,Airon-Notre-Dame,191,34,157,5,0,152,2022,17.801047120418847
62016,Airon-Saint-Vaast,149,22,127,2,3,122,2022,14.76510067114094
62017,Aix-En-Ergny,136,38,98,0,4,94,2022,27.941176470588236
62018,Aix-En-Issart,225,30,195,2,3,190,2022,13.333333333333334
62019,Aix-Noulette,2955,644,2311,31,12,2268,2022,21.79357021996616
62020,Alembon,436,105,331,4,1,326,2022,24.08256880733945
62021,Alette,298,48,250,5,1,244,2022,16.10738255033557
62022,Alincthun,261,38,223,2,1,220,2022,14.559386973180077
62023,Allouagne,2398,602,1796,21,8,1767,2022,25.10425354462052
62024,Alquines,664,163,501,13,0,488,2022,24.548192771084338
62025,Ambleteuse,1790,446,1344,15,15,1314,2022,24.916201117318433
62026,Ambricourt,103,13,90,1,3,86,2022,12.62135922330097
62027,Ambrines,163,26,137,4,2,131,2022,15.950920245398773
62028,Ames,484,99,385,3,3,379,2022,20.454545454545457
62029,Amettes,335,45,290,6,2,282,2022,13.432835820895523
62030,Amplier,231,48,183,4,1,178,2022,20.77922077922078
62031,Andres,1182,270,912,15,2,895,2022,22.84263959390863
62032,Angres,3274,637,2637,38,18,2581,2022,19.456322541233963
62033,Annay,3266,730,2536,34,18,2484,2022,22.351500306184935
62034,Annequin,1727,358,1369,15,12,1342,2022,20.729588882455126
62035,Annezin,4448,1153,3295,42,25,3228,2022,25.92176258992806
62036,Anvin,567,156,411,9,2,400,2022,27.513227513227513
62037,Anzin-Saint-Aubin,2390,411,1979,23,11,1945,2022,17.196652719665273
62038,Ardres,3453,845,2608,37,18,2553,2022,24.471474080509704
62039,Arleux-En-Gohelle,763,127,636,10,3,623,2022,16.644823066841415
62040,Arques,7097,1917,5180,63,50,5067,2022,27.011413273214036
62041,Arras,26719,7924,18795,217,159,18419,2022,29.656798532879225
62042,Athies,852,179,673,17,3,653,2022,21.009389671361504
62043,Les Attaques,1567,366,1201,20,15,1166,2022,23.35673261008296
62044,Attin,652,148,504,16,3,485,2022,22.699386503067483
62045,Aubigny-En-Artois,1038,240,798,21,18,759,2022,23.121387283236995
62046,Aubin-Saint-Vaast,560,143,417,12,7,398,2022,25.535714285714285
62047,Aubrometz,129,31,98,1,0,97,2022,24.031007751937985
62048,Auchel,7450,2741,4709,29,43,4637,2022,36.79194630872483
62049,Auchy-Au-Bois,396,83,313,4,4,305,2022,20.95959595959596
62050,Auchy-Lès-Hesdin,1161,265,896,15,5,876,2022,22.82515073212748
62051,Auchy-Les-Mines,3856,1092,2764,32,24,2708,2022,28.319502074688796
62052,Audembert,360,59,301,8,3,290,2022,16.38888888888889
62053,Audincthun,523,111,412,5,6,401,2022,21.223709369024856
62054,Audinghen,480,70,410,3,4,403,2022,14.583333333333334
62055,Audrehem,430,99,331,3,8,320,2022,23.02325581395349
62056,Audresselles,652,193,459,2,4,453,2022,29.601226993865033
62057,Audruicq,3984,935,3049,45,20,2984,2022,23.468875502008032
62058,Aumerval,163,31,132,1,0,131,2022,19.018404907975462
62059,Autingues,256,60,196,6,3,187,2022,23.4375
62060,Auxi-Le-Château,2038,607,1431,9,6,1416,2022,29.784102060843963
62061,Averdoingt,206,22,184,10,4,170,2022,10.679611650485436
62062,Avesnes,32,5,27,1,0,26,2022,15.625
62063,Avesnes-Le-Comte,1499,422,1077,13,6,1058,2022,28.152101400933955
62064,Avesnes-Lès-Bapaume,142,39,103,2,0,101,2022,27.464788732394368
62065,Avion,12296,3609,8687,91,67,8529,2022,29.351008458035132
62066,Avondance,35,10,25,0,1,24,2022,28.57142857142857
62067,Avroult,447,88,359,8,7,344,2022,19.686800894854585
62068,Ayette,278,54,224,2,3,219,2022,19.424460431654676
62069,Azincourt,233,34,199,3,0,196,2022,14.592274678111588
62070,Bailleul-Aux-Cornailles,221,48,173,5,0,168,2022,21.71945701357466
62071,Bailleul-Lès-Pernes,294,48,246,3,3,240,2022,16.3265306122449
62072,Bailleulmont,201,41,160,0,2,158,2022,20.398009950248756
62073,Bailleul-Sir-Berthoult,1145,240,905,13,5,887,2022,20.96069868995633
62074,Bailleulval,182,30,152,1,1,150,2022,16.483516483516482
62075,Baincthun,1139,258,881,12,12,857,2022,22.651448639157156
62076,Bainghen,168,31,137,1,1,135,2022,18.452380952380953
62077,Bajus,291,60,231,1,3,227,2022,20.618556701030926
62078,Balinghem,936,172,764,8,7,749,2022,18.37606837606838
62079,Bancourt,68,12,56,3,2,51,2022,17.647058823529413
62080,Bapaume,2104,740,1364,23,13,1328,2022,35.17110266159696
62081,Baralle,395,108,287,11,0,276,2022,27.341772151898734
62082,Barastre,212,44,168,3,1,164,2022,20.754716981132077
62083,Barlin,5756,1723,4033,46,34,3953,2022,29.93398193189715
62084,Barly,172,32,140,2,3,135,2022,18.6046511627907
62085,Basseux,117,20,97,4,2,91,2022,17.094017094017094
62086,Bavincourt,294,57,237,3,0,234,2022,19.387755102040817
62087,Bayenghem-Lès-Eperlecques,767,143,624,7,3,614,2022,18.64406779661017
62088,Bayenghem-Lès-Seninghem,275,33,242,3,2,237,2022,12.0
62089,Bazinghen,312,44,268,3,0,265,2022,14.102564102564102
62090,Béalencourt,103,15,88,1,1,86,2022,14.563106796116504
62091,Beaudricourt,86,8,78,2,0,76,2022,9.30232558139535
62092,Beaufort-Blavincourt,321,64,257,3,0,254,2022,19.937694704049843
62093,Beaulencourt,158,51,107,2,1,104,2022,32.278481012658226
62094,Beaumerie-Saint-Martin,309,62,247,1,0,246,2022,20.06472491909385
62095,Beaumetz-Lès-Aire,177,48,129,1,0,128,2022,27.11864406779661
62096,Beaumetz-Lès-Cambrai,418,101,317,3,2,312,2022,24.16267942583732
62097,Beaumetz-Lès-Loges,784,161,623,15,3,605,2022,20.535714285714285
62099,Beaurains,4278,1105,3173,38,30,3105,2022,25.829827021972886
62100,Beaurainville,1610,453,1157,19,7,1131,2022,28.13664596273292
62101,Beauvois,104,30,74,0,1,73,2022,28.846153846153843
62102,Bécourt,195,25,170,0,1,169,2022,12.82051282051282
62103,Béhagnies,98,14,84,0,1,83,2022,14.285714285714285
62104,Bellebrune,313,31,282,2,2,278,2022,9.904153354632587
62105,Belle-Et-Houllefort,432,79,353,5,2,346,2022,18.287037037037038
62106,Bellonne,199,31,168,2,1,165,2022,15.577889447236181
62107,Bénifontaine,312,46,266,4,3,259,2022,14.743589743589745
62108,Berck,11028,3371,7657,105,64,7488,2022,30.56764599202031
62109,Bergueneuse,151,32,119,5,1,113,2022,21.192052980132452
62111,Berlencourt-Le-Cauroy,187,31,156,5,1,150,2022,16.577540106951872
62112,Berles-Au-Bois,413,85,328,0,3,325,2022,20.581113801452787
62113,Berles-Monchel,397,81,316,7,4,305,2022,20.40302267002519
62114,Bermicourt,142,25,117,0,0,117,2022,17.6056338028169
62115,Berneville,407,82,325,9,0,316,2022,20.14742014742015
62116,Bernieulles,148,27,121,2,0,119,2022,18.243243243243242
62117,Bertincourt,719,208,511,4,2,505,2022,28.929068150208625
62118,Béthonsart,130,23,107,0,1,106,2022,17.692307692307693
62119,Béthune,17396,5815,11581,138,81,11362,2022,33.42722464934468
62120,Beugin,388,61,327,6,2,319,2022,15.721649484536082
62121,Beugnâtre,126,30,96,1,1,94,2022,23.809523809523807
62122,Beugny,250,61,189,1,4,184,2022,24.4
62123,Beussent,386,76,310,2,3,305,2022,19.689119170984455
62124,Beutin,358,79,279,7,1,271,2022,22.067039106145252
62125,Beuvrequen,401,64,337,0,0,337,2022,15.96009975062344
62126,Beuvry,6888,2034,4854,32,54,4768,2022,29.529616724738677
62127,Bezinghem,288,46,242,4,1,237,2022,15.972222222222221
62128,Biache-Saint-Vaast,3355,834,2521,30,16,2475,2022,24.858420268256335
62129,Biefvillers-Lès-Bapaume,81,21,60,1,1,58,2022,25.925925925925924
62130,Bienvillers-Au-Bois,530,105,425,5,1,419,2022,19.81132075471698
62131,Bihucourt,270,64,206,4,1,201,2022,23.703703703703706
62132,Billy-Berclau,3803,821,2982,51,25,2906,2022,21.5882198264528
62133,Billy-Montigny,5180,1441,3739,50,20,3669,2022,27.81853281853282
62134,Bimont,101,17,84,1,1,82,2022,16.831683168316832
62135,Blairville,248,50,198,0,0,198,2022,20.161290322580644
62137,Blangerval-Blangermont,89,15,74,1,0,73,2022,16.853932584269664
62138,Blangy-Sur-Ternoise,541,125,416,6,7,403,2022,23.10536044362292
62139,Blendecques,3796,1004,2792,41,23,2728,2022,26.44889357218124
62140,Bléquin,382,103,279,9,0,270,2022,26.96335078534031
62141,Blessy,646,133,513,6,2,505,2022,20.588235294117645
62142,Blingel,111,20,91,1,0,90,2022,18.01801801801802
62143,Boffles,34,6,28,0,0,28,2022,17.647058823529413
62144,Boiry-Becquerelle,369,69,300,5,1,294,2022,18.69918699186992
62145,Boiry-Notre-Dame,392,90,302,1,0,301,2022,22.95918367346939
62146,Boiry-Saint-Martin,210,45,165,3,0,162,2022,21.428571428571427
62147,Boiry-Sainte-Rictrude,287,43,244,2,2,240,2022,14.982578397212542
62148,Bois-Bernard,661,128,533,9,5,519,2022,19.36459909228442
62149,Boisdinghem,197,35,162,0,3,159,2022,17.766497461928935
62150,Boisjean,418,35,383,5,6,372,2022,8.373205741626794
62151,Boisleux-Au-Mont,424,64,360,8,5,347,2022,15.09433962264151
62152,Boisleux-Saint-Marc,191,18,173,6,0,167,2022,9.424083769633508
62153,Bomy,514,117,397,7,3,387,2022,22.762645914396888
62154,Bonnières,587,148,439,4,7,428,2022,25.2129471890971
62155,Bonningues-Lès-Ardres,485,90,395,2,3,390,2022,18.556701030927837
62156,Bonningues-Lès-Calais,486,69,417,8,4,405,2022,14.19753086419753
62157,Boubers-Lès-Hesmond,61,6,55,0,0,55,2022,9.836065573770492
62158,Boubers-Sur-Canche,473,110,363,1,0,362,2022,23.25581395348837
62160,Boulogne-Sur-Mer,25712,8746,16966,204,116,16646,2022,34.01524579962663
62161,Bouquehault,545,136,409,5,0,404,2022,24.954128440366972
62162,Bourecq,403,77,326,3,4,319,2022,19.106699751861044
62163,Bouret-Sur-Canche,206,41,165,2,3,160,2022,19.902912621359224
62164,Bourlon,915,218,697,10,3,684,2022,23.825136612021858
62165,Bournonville,175,27,148,3,3,142,2022,15.428571428571427
62166,Bours,516,109,407,1,2,404,2022,21.124031007751938
62167,Boursin,223,48,175,5,4,166,2022,21.524663677130047
62168,Bourthes,592,99,493,14,8,471,2022,16.722972972972975
62169,Bouvelinghem,188,37,151,0,1,150,2022,19.680851063829788
62170,Bouvigny-Boyeffles,1935,440,1495,30,8,1457,2022,22.739018087855296
62171,Boyaval,90,12,78,1,0,77,2022,13.333333333333334
62172,Boyelles,274,42,232,6,1,225,2022,15.328467153284672
62173,Brebières,4050,1024,3026,41,19,2966,2022,25.283950617283953
62174,Brêmes,996,232,764,13,4,747,2022,23.293172690763054
62175,Brévillers,120,16,104,2,1,101,2022,13.333333333333334
62176,Bréxent-Enocq,557,152,405,7,0,398,2022,27.289048473967686
62177,Brimeux,673,142,531,5,5,521,2022,21.099554234769688
62178,Bruay-La-Buissière,15328,4781,10547,130,75,10342,2022,31.19128392484342
62179,Brunembert,295,55,240,4,2,234,2022,18.64406779661017
62180,Brias,232,42,190,4,0,186,2022,18.103448275862068
62181,Bucquoy,1025,252,773,2,8,763,2022,24.585365853658537
62182,Buire-Au-Bois,206,40,166,5,0,161,2022,19.41747572815534
62183,Buire-Le-Sec,589,139,450,10,5,435,2022,23.599320882852293
62184,Buissy,216,46,170,1,3,166,2022,21.296296296296298
62185,Bullecourt,174,42,132,1,0,131,2022,24.137931034482758
62186,Bully-Les-Mines,9319,3022,6297,74,51,6172,2022,32.428372142933796
62187,Buneville,132,22,110,0,0,110,2022,16.666666666666664
62188,Burbure,2234,464,1770,23,14,1733,2022,20.769919427036708
62189,Bus,100,22,78,0,2,76,2022,22.0
62190,Busnes,985,166,819,10,8,801,2022,16.85279187817259
62191,Caffiers,459,112,347,2,3,342,2022,24.40087145969499
62192,Cagnicourt,305,62,243,2,2,239,2022,20.327868852459016
62193,Calais,50946,17887,33059,376,237,32446,2022,35.109724021512974
62194,Calonne-Ricouart,4401,1403,2998,37,21,2940,2022,31.879118382185865
62195,Calonne-Sur-La-Lys,1235,290,945,14,10,921,2022,23.481781376518217
62196,La Calotterie,469,86,383,8,6,369,2022,18.336886993603414
62197,Camblain-Châtelain,1336,373,963,17,5,941,2022,27.91916167664671
62198,Cambligneul,290,57,233,5,3,225,2022,19.655172413793103
62199,Camblain-L'Abbé,514,90,424,11,4,409,2022,17.509727626459142
62200,Cambrin,857,148,709,9,4,696,2022,17.269544924154026
62201,Camiers,2300,652,1648,21,12,1615,2022,28.347826086956523
62202,Campagne-Lès-Boulonnais,466,71,395,4,1,390,2022,15.236051502145923
62203,Campagne-Lès-Guines,351,62,289,3,2,284,2022,17.663817663817664
62204,Campagne-Lès-Hesdin,1193,207,986,8,14,964,2022,17.351215423302598
62205,Campagne-Lès-Wardrecques,1037,194,843,11,4,828,2022,18.70781099324976
62206,Campigneulles-Les-Grandes,253,43,210,0,1,209,2022,16.99604743083004
62207,Campigneulles-Les-Petites,478,74,404,5,3,396,2022,15.481171548117153
62208,Canettemont,55,7,48,1,0,47,2022,12.727272727272727
62209,Canlers,151,24,127,1,2,124,2022,15.894039735099339
62211,Capelle-Fermont,190,37,153,2,2,149,2022,19.473684210526315
62212,Capelle-Lès-Hesdin,350,54,296,8,1,287,2022,15.428571428571427
62213,Carency,650,129,521,11,2,508,2022,19.846153846153847
62214,Carly,481,58,423,4,3,416,2022,12.058212058212058
62215,Carvin,12879,4016,8863,85,54,8724,2022,31.182545228666818
62216,La Cauchie,169,33,136,2,2,132,2022,19.526627218934912
62217,Cauchy-À-La-Tour,2041,504,1537,27,17,1493,2022,24.693777560019598
62218,Caucourt,263,32,231,3,5,223,2022,12.167300380228136
62219,Caumont,152,34,118,0,1,117,2022,22.36842105263158
62220,Cavron-Saint-Martin,372,87,285,3,3,279,2022,23.387096774193548
62221,Chelers,202,29,173,0,1,172,2022,14.356435643564355
62222,Chériennes,116,12,104,5,2,97,2022,10.344827586206897
62223,Chérisy,215,30,185,1,2,182,2022,13.953488372093023
62224,Chocques,2467,725,1742,20,10,1712,2022,29.387920551276853
62225,Clairmarais,490,106,384,4,1,379,2022,21.63265306122449
62227,Clenleu,155,30,125,1,0,124,2022,19.35483870967742
62228,Clerques,247,46,201,4,1,196,2022,18.62348178137652
62229,Cléty,607,110,497,4,3,490,2022,18.12191103789127
62230,Colembert,667,100,567,11,4,552,2022,14.992503748125937
62231,Colline-Beaumont,121,34,87,1,1,85,2022,28.09917355371901
62232,La Comté,694,126,568,6,5,557,2022,18.155619596541786
62233,Conchil-Le-Temple,892,175,717,14,4,699,2022,19.61883408071749
62234,Conchy-Sur-Canche,174,39,135,2,0,133,2022,22.413793103448278
62235,Condette,2271,487,1784,25,6,1753,2022,21.44429766622633
62236,Contes,274,43,231,2,1,228,2022,15.693430656934307
62237,Conteville-Lès-Boulogne,388,52,336,10,3,323,2022,13.402061855670103
62238,Conteville-En-Ternois,77,16,61,1,1,59,2022,20.77922077922078
62239,Coquelles,2078,523,1555,21,13,1521,2022,25.16843118383061
62240,Corbehem,1484,364,1120,21,7,1092,2022,24.528301886792452
62241,Cormont,243,54,189,3,0,186,2022,22.22222222222222
62242,Couin,90,15,75,0,0,75,2022,16.666666666666664
62243,Coullemont,96,16,80,1,0,79,2022,16.666666666666664
62244,Coulogne,4518,1149,3369,41,33,3295,2022,25.431606905710492
62245,Coulomby,565,135,430,4,1,425,2022,23.893805309734514
62246,Coupelle-Neuve,136,27,109,0,0,109,2022,19.852941176470587
62247,Coupelle-Vieille,409,65,344,6,1,337,2022,15.892420537897312
62248,Courcelles-Le-Comte,353,63,290,3,1,286,2022,17.847025495750707
62249,Courcelles-Lès-Lens,4858,1290,3568,51,17,3500,2022,26.55413750514615
62250,Courrières,7820,2235,5585,58,57,5470,2022,28.58056265984655
62251,Courset,390,45,345,5,1,339,2022,11.538461538461538
62252,La Couture,2167,515,1652,29,8,1615,2022,23.76557452699585
62253,Couturelle,64,5,59,1,0,58,2022,7.8125
62254,Coyecques,498,109,389,4,3,382,2022,21.88755020080321
62255,Crémarest,594,97,497,4,2,491,2022,16.329966329966332
62256,Crépy,118,18,100,3,1,96,2022,15.254237288135593
62257,Créquy,335,60,275,10,5,260,2022,17.91044776119403
62258,Croisette,220,29,191,3,2,186,2022,13.18181818181818
62259,Croisilles,1242,273,969,20,8,941,2022,21.980676328502415
62260,Croix-En-Ternois,219,42,177,0,0,177,2022,19.17808219178082
62261,Cucq,4414,1008,3406,33,24,3349,2022,22.836429542365202
62262,Cuinchy,1340,294,1046,17,9,1020,2022,21.940298507462686
62263,Dainville,4581,889,3692,59,30,3603,2022,19.40624317834534
62264,Dannes,1068,236,832,16,6,810,2022,22.09737827715356
62265,Delettes,842,129,713,10,0,703,2022,15.320665083135394
62266,Denier,58,6,52,1,0,51,2022,10.344827586206897
62267,Dennebroeucq,291,68,223,3,1,219,2022,23.367697594501717
62268,Desvres,3439,1068,2371,27,27,2317,2022,31.055539400988657
62269,Diéval,578,128,450,4,0,446,2022,22.145328719723185
62270,Divion,5136,1685,3451,42,18,3391,2022,32.807632398753896
62271,Dohem,596,107,489,9,4,476,2022,17.953020134228186
62272,Douchy-Lès-Ayette,211,46,165,4,0,161,2022,21.80094786729858
62273,Doudeauville,471,95,376,7,7,362,2022,20.169851380042463
62274,Dourges,4390,1126,3264,43,14,3207,2022,25.649202733485193
62275,Douriez,223,43,180,7,1,172,2022,19.282511210762333
62276,Douvrin,4442,1201,3241,54,21,3166,2022,27.03737055380459
62277,Drocourt,2082,567,1515,19,10,1486,2022,27.23342939481268
62278,Drouvin-Le-Marais,498,97,401,11,0,390,2022,19.477911646586346
62279,Duisans,1147,203,944,13,6,925,2022,17.698343504795115
62280,Dury,290,55,235,4,1,230,2022,18.96551724137931
62281,Echinghen,278,47,231,0,1,230,2022,16.906474820143885
62282,Eclimeux,135,28,107,1,1,105,2022,20.74074074074074
62283,Ecoivres,87,16,71,2,0,69,2022,18.39080459770115
62284,Ecourt-Saint-Quentin,1327,271,1056,10,7,1039,2022,20.422004521477017
62285,Ecoust-Saint-Mein,374,61,313,5,4,304,2022,16.31016042780749
62286,Ecquedecques,384,86,298,4,0,294,2022,22.395833333333336
62288,Ecques,1701,347,1354,30,13,1311,2022,20.39976484420929
62289,Ecuires,574,139,435,2,6,427,2022,24.21602787456446
62290,Ecurie,292,32,260,2,1,257,2022,10.95890410958904
62291,Eleu-Dit-Leauwette,2073,593,1480,20,11,1449,2022,28.605885190545106
62292,Elnes,659,124,535,4,6,525,2022,18.81638846737481
62293,Embry,195,26,169,1,0,168,2022,13.333333333333334
62295,Enquin-Lez-Guinegatte,1137,251,886,22,8,856,2022,22.075637642919965
62296,Enquin-Sur-Baillons,173,22,151,1,1,149,2022,12.716763005780345
62297,Eperlecques,2745,636,2109,31,14,2064,2022,23.169398907103826
62298,Epinoy,387,99,288,4,0,284,2022,25.581395348837212
62299,Eps,194,29,165,1,0,164,2022,14.948453608247423
62300,Equihen-Plage,2131,544,1587,17,15,1555,2022,25.527921163772877
62301,Equirre,62,13,49,0,1,48,2022,20.967741935483872
62302,Ergny,180,42,138,0,3,135,2022,23.333333333333332
62303,Erin,164,29,135,0,5,130,2022,17.682926829268293
62304,Erny-Saint-Julien,261,61,200,3,3,194,2022,23.371647509578544
62306,Ervillers,282,58,224,1,3,220,2022,20.56737588652482
62307,Escalles,189,33,156,5,0,151,2022,17.46031746031746
62308,Escoeuilles,381,93,288,2,9,277,2022,24.409448818897637
62309,Esquerdes,1200,220,980,6,12,962,2022,18.333333333333332
62310,Essars,1430,337,1093,14,6,1073,2022,23.566433566433567
62311,Estevelles,1569,419,1150,21,5,1124,2022,26.704907584448694
62312,Estrée,207,40,167,2,2,163,2022,19.32367149758454
62313,Estrée-Blanche,625,151,474,8,4,462,2022,24.16
62314,Estrée-Cauchy,265,54,211,8,2,201,2022,20.37735849056604
62315,Estréelles,274,51,223,4,2,217,2022,18.613138686131386
62316,Estrée-Wamin,165,35,130,0,3,127,2022,21.21212121212121
62317,Etaing,330,88,242,10,1,231,2022,26.666666666666668
62318,Etaples,8017,2444,5573,61,26,5486,2022,30.48521890981664
62319,Eterpigny,207,23,184,3,1,180,2022,11.11111111111111
62320,Etrun,245,35,210,1,2,207,2022,14.285714285714285
62321,Evin-Malmaison,3421,1042,2379,19,13,2347,2022,30.45893013738673
62322,Famechon,99,20,79,0,2,77,2022,20.2020202020202
62323,Fampoux,924,168,756,11,6,739,2022,18.181818181818183
62324,Farbus,524,103,421,4,5,412,2022,19.65648854961832
62325,Fauquembergues,682,122,560,8,3,549,2022,17.888563049853374
62326,Favreuil,200,55,145,1,2,142,2022,27.500000000000004
62327,Febvin-Palfart,438,99,339,4,1,334,2022,22.602739726027394
62328,Ferfay,637,119,518,10,0,508,2022,18.681318681318682
62329,Ferques,1439,373,1066,16,4,1046,2022,25.920778318276582
62330,Festubert,1052,222,830,18,6,806,2022,21.102661596958175
62331,Feuchy,808,162,646,8,7,631,2022,20.049504950495052
62332,Ficheux,404,47,357,7,2,348,2022,11.633663366336634
62333,Fiefs,279,61,218,4,2,212,2022,21.863799283154123
62334,Fiennes,702,141,561,5,5,551,2022,20.085470085470085
62335,Fillièvres,343,67,276,1,2,273,2022,19.533527696793
62336,Fléchin,399,74,325,5,0,320,2022,18.546365914786968
62337,Flers,172,25,147,2,0,145,2022,14.534883720930234
62338,Fleurbaix,2396,459,1937,21,3,1913,2022,19.156928213689483
62339,Fleury,84,16,68,2,1,65,2022,19.047619047619047
62340,Floringhem,645,132,513,7,2,504,2022,20.46511627906977
62341,Foncquevillers,321,53,268,2,7,259,2022,16.510903426791277
62342,Fontaine-Lès-Boulans,88,23,65,1,0,64,2022,26.136363636363637
62343,Fontaine-Lès-Croisilles,237,39,198,1,3,194,2022,16.455696202531644
62344,Fontaine-Lès-Hermans,79,18,61,0,0,61,2022,22.78481012658228
62345,Fontaine-L'Etalon,76,6,70,1,1,68,2022,7.894736842105263
62346,Fortel-En-Artois,170,26,144,1,0,143,2022,15.294117647058824
62347,Fosseux,112,12,100,2,0,98,2022,10.714285714285714
62348,Foufflin-Ricametz,121,22,99,2,0,97,2022,18.181818181818183
62349,Fouquereuil,1211,251,960,19,8,933,2022,20.726672171758878
62350,Fouquières-Lès-Béthune,833,148,685,12,7,666,2022,17.767106842737096
62351,Fouquières-Lès-Lens,4331,1170,3161,34,18,3109,2022,27.014546294158393
62352,Framecourt,83,11,72,1,2,69,2022,13.253012048192772
62353,Frémicourt,200,52,148,2,2,144,2022,26.0
62354,Frencq,661,155,506,9,0,497,2022,23.44931921331316
62355,Fresnes-Lès-Montauban,419,62,357,3,3,351,2022,14.797136038186157
62356,Fresnicourt-Le-Dolmen,699,144,555,10,5,540,2022,20.600858369098713
62357,Fresnoy,45,10,35,0,1,34,2022,22.22222222222222
62358,Fresnoy-En-Gohelle,193,42,151,2,0,149,2022,21.761658031088082
62359,Fressin,458,75,383,10,2,371,2022,16.375545851528383
62360,Fréthun,1033,224,809,15,6,788,2022,21.684414327202322
62361,Frévent,2348,695,1653,17,14,1622,2022,29.59965928449744
62362,Frévillers,199,41,158,1,1,156,2022,20.603015075376884
62363,Frévin-Capelle,325,49,276,12,3,261,2022,15.076923076923077
62364,Fruges,1489,354,1135,11,10,1114,2022,23.774345198119544
62365,Galametz,139,25,114,4,1,109,2022,17.985611510791365
62366,Gauchin-Légal,270,60,210,2,1,207,2022,22.22222222222222
62367,Gauchin-Verloingt,530,95,435,7,3,425,2022,17.92452830188679
62368,Gaudiempré,134,25,109,1,1,107,2022,18.65671641791045
62369,Gavrelle,572,119,453,5,2,446,2022,20.804195804195803
62370,Gennes-Ivergny,97,22,75,0,0,75,2022,22.68041237113402
62371,Givenchy-En-Gohelle,1728,351,1377,18,10,1349,2022,20.3125
62372,Givenchy-Le-Noble,129,25,104,7,1,96,2022,19.379844961240313
62373,Givenchy-Lès-La-Bassée,835,180,655,11,4,640,2022,21.55688622754491
62374,Gomiécourt,118,22,96,2,0,94,2022,18.64406779661017
62375,Gommecourt,83,22,61,0,2,59,2022,26.506024096385545
62376,Gonnehem,1946,424,1522,27,4,1491,2022,21.788283658787254
62377,Gosnay,696,135,561,10,4,547,2022,19.396551724137932
62378,Gouves,167,23,144,4,1,139,2022,13.77245508982036
62379,Gouy-En-Artois,279,54,225,3,2,220,2022,19.35483870967742
62380,Gouy-Servins,277,48,229,0,2,227,2022,17.328519855595665
62381,Gouy-En-Ternois,112,24,88,1,1,86,2022,21.428571428571427
62382,Gouy-Saint-André,525,92,433,11,4,418,2022,17.523809523809526
62383,Gouy-Sous-Bellonne,1035,202,833,3,3,827,2022,19.516908212560384
62384,Graincourt-Lès-Havrincourt,460,112,348,7,0,341,2022,24.347826086956523
62385,Grand-Rullecourt,301,51,250,0,0,250,2022,16.943521594684384
62386,Grenay,4567,1332,3235,31,24,3180,2022,29.165754324501865
62387,Grévillers,293,53,240,3,4,233,2022,18.088737201365188
62388,Grigny,210,34,176,1,0,175,2022,16.19047619047619
62389,Grincourt-Lès-Pas,34,4,30,0,0,30,2022,11.76470588235294
62390,Groffliers,1369,270,1099,28,7,1064,2022,19.722425127830533
62391,Guarbecque,1180,274,906,10,7,889,2022,23.220338983050848
62392,Guémappe,327,52,275,9,0,266,2022,15.902140672782874
62393,Guemps,883,190,693,6,6,681,2022,21.517553793884485
62395,Guigny,142,31,111,1,0,110,2022,21.830985915492956
62396,Guinecourt,15,2,13,0,0,13,2022,13.333333333333334
62397,Guînes,3902,951,2951,33,23,2895,2022,24.372116863147102
62398,Guisy,235,31,204,4,1,199,2022,13.191489361702127
62399,Habarcq,574,138,436,9,4,423,2022,24.041811846689896
62400,Haillicourt,3539,993,2546,29,10,2507,2022,28.058773664877084
62401,Haisnes,3464,888,2576,24,38,2514,2022,25.635103926096996
62402,Halinghen,226,51,175,3,0,172,2022,22.566371681415927
62403,Hallines,967,225,742,10,6,726,2022,23.26783867631851
62404,Halloy,165,23,142,1,1,140,2022,13.939393939393941
62405,Hamblain-Les-Prés,392,69,323,6,2,315,2022,17.602040816326532
62406,Hamelincourt,206,25,181,1,2,178,2022,12.135922330097088
62407,Ham-En-Artois,809,150,659,6,2,651,2022,18.541409147095177
62408,Hames-Boucres,1132,218,914,14,4,896,2022,19.257950530035338
62409,Hannescamps,160,23,137,1,1,135,2022,14.374999999999998
62410,Haplincourt,169,36,133,0,1,132,2022,21.301775147928996
62411,Haravesnes,38,4,34,1,1,32,2022,10.526315789473683
62412,Hardinghen,907,209,698,9,7,682,2022,23.042998897464166
62413,Harnes,8537,2418,6119,75,37,6007,2022,28.323767131310767
62414,Haucourt,187,39,148,1,1,146,2022,20.855614973262032
62415,Haute-Avesnes,388,61,327,5,1,321,2022,15.721649484536082
62416,Hautecloque,170,33,137,3,3,131,2022,19.411764705882355
62418,Hauteville,248,43,205,3,0,202,2022,17.338709677419356
62419,Haut-Loquin,116,25,91,0,2,89,2022,21.551724137931032
62421,Havrincourt,280,62,218,2,2,214,2022,22.142857142857142
62422,Hébuterne,417,94,323,5,2,316,2022,22.54196642685851
62423,Helfaut,1276,254,1022,16,18,988,2022,19.905956112852667
62424,Hendecourt-Lès-Cagnicourt,259,59,200,3,1,196,2022,22.779922779922778
62425,Hendecourt-Lès-Ransart,103,25,78,4,1,73,2022,24.271844660194176
62426,Héninel,164,29,135,1,0,134,2022,17.682926829268293
62427,Hénin-Beaumont,18127,4856,13271,155,89,13027,2022,26.78876813592983
62428,Hénin-Sur-Cojeul,417,63,354,4,3,347,2022,15.107913669064748
62429,Henneveux,260,55,205,3,1,201,2022,21.153846153846153
62430,Hénu,126,21,105,5,1,99,2022,16.666666666666664
62432,Herbinghen,295,57,238,2,3,233,2022,19.322033898305087
62433,Héricourt,81,12,69,0,0,69,2022,14.814814814814813
62434,La Herlière,103,16,87,1,1,85,2022,15.53398058252427
62435,Herlincourt,86,10,76,3,1,72,2022,11.627906976744185
62436,Herlin-Le-Sec,106,18,88,1,3,84,2022,16.9811320754717
62437,Herly,239,56,183,2,0,181,2022,23.430962343096233
62438,Hermaville,471,86,385,7,3,375,2022,18.259023354564754
62439,Hermelinghen,288,60,228,6,3,219,2022,20.833333333333336
62440,Hermies,853,252,601,11,1,589,2022,29.54279015240328
62441,Hermin,178,24,154,4,2,148,2022,13.48314606741573
62442,Hernicourt,396,63,333,2,0,331,2022,15.909090909090908
62443,Hersin-Coupigny,4601,1104,3497,39,22,3436,2022,23.994783742664637
62444,Hervelinghen,198,44,154,2,2,150,2022,22.22222222222222
62445,Hesdigneul-Lès-Béthune,707,148,559,3,7,549,2022,20.933521923620933
62446,Hesdigneul-Lès-Boulogne,636,150,486,5,0,481,2022,23.58490566037736
62447,Hesdin,1542,496,1046,12,11,1023,2022,32.16601815823606
62448,Hesdin-L'Abbé,1501,271,1230,22,9,1199,2022,18.05463024650233
62449,Hesmond,147,30,117,3,0,114,2022,20.408163265306122
62450,Hestrus,181,22,159,0,1,158,2022,12.154696132596685
62451,Heuchin,363,65,298,3,3,292,2022,17.90633608815427
62452,Heuringhem,1162,195,967,14,3,950,2022,16.78141135972461
62453,Hézecques,102,14,88,2,0,86,2022,13.725490196078432
62454,Hinges,1911,302,1609,27,6,1576,2022,15.803244374672945
62455,Hocquinghen,89,15,74,2,0,72,2022,16.853932584269664
62456,Houchin,627,125,502,7,2,493,2022,19.936204146730464
62457,Houdain,5274,1379,3895,41,25,3829,2022,26.14713689799014
62458,Houlle,792,167,625,15,7,603,2022,21.085858585858585
62459,Houvin-Houvigneul,188,30,158,3,3,152,2022,15.957446808510639
62460,Hubersent,204,43,161,4,0,157,2022,21.07843137254902
62461,Huby-Saint-Leu,609,170,439,6,2,431,2022,27.914614121510674
62462,Huclier,102,15,87,1,0,86,2022,14.705882352941178
62463,Hucqueliers,376,70,306,1,1,304,2022,18.617021276595743
62464,Hulluch,2680,708,1972,21,18,1933,2022,26.417910447761194
62465,Humbercamps,189,32,157,5,0,152,2022,16.93121693121693
62466,Humbert,194,33,161,1,1,159,2022,17.010309278350515
62467,Humeroeuille,130,23,107,1,0,106,2022,17.692307692307693
62468,Humières,188,33,155,2,1,152,2022,17.5531914893617
62469,Inchy-En-Artois,425,112,313,3,2,308,2022,26.35294117647059
62470,Incourt,72,14,58,3,0,55,2022,19.444444444444446
62471,Bellinghem,830,160,670,20,6,644,2022,19.27710843373494
62472,Inxent,138,36,102,2,0,100,2022,26.08695652173913
62473,Isbergues,7101,2243,4858,81,50,4727,2022,31.58710040839318
62474,Isques,937,187,750,11,4,735,2022,19.957310565635005
62475,Ivergny,203,45,158,0,6,152,2022,22.167487684729064
62476,Izel-Lès-Equerchin,829,188,641,11,3,627,2022,22.67792521109771
62477,Izel-Lès-Hameau,574,123,451,13,1,437,2022,21.428571428571427
62478,Journy,208,46,162,2,0,160,2022,22.115384615384613
62479,Labeuvrière,1273,231,1042,10,8,1024,2022,18.146111547525532
62480,Labourse,2230,575,1655,19,14,1622,2022,25.784753363228702
62481,Labroye,117,20,97,2,1,94,2022,17.094017094017094
62483,Lacres,177,40,137,3,2,132,2022,22.598870056497177
62484,Lagnicourt-Marcel,269,55,214,6,1,207,2022,20.44609665427509
62485,Laires,254,34,220,2,4,214,2022,13.385826771653544
62486,Lambres,835,195,640,5,4,631,2022,23.353293413173652
62487,Landrethun-Le-Nord,923,190,733,10,6,717,2022,20.585048754062836
62488,Landrethun-Lès-Ardres,597,105,492,5,2,485,2022,17.587939698492463
62489,Lapugnoy,2779,725,2054,27,8,2019,2022,26.088521050737672
62490,Lattre-Saint-Quentin,222,49,173,4,3,166,2022,22.07207207207207
62491,Laventie,4087,909,3178,54,13,3111,2022,22.24125275263029
62492,Lebiez,190,28,162,0,0,162,2022,14.736842105263156
62493,Lebucquière,203,50,153,3,0,150,2022,24.63054187192118
62494,Léchelle,41,11,30,0,30,0,2022,26.82926829268293
62495,Ledinghem,228,46,182,4,0,178,2022,20.175438596491226
62496,Lefaux,217,46,171,1,2,168,2022,21.19815668202765
62497,Leforest,5434,1572,3862,45,26,3791,2022,28.928965771071034
62498,Lens,22398,8356,14042,140,75,13827,2022,37.30690240200018
62499,Lépine,253,41,212,2,1,209,2022,16.205533596837945
62500,Lespesses,346,38,308,3,3,302,2022,10.982658959537572
62501,Lespinoy,181,13,168,1,0,167,2022,7.18232044198895
62502,Lestrem,3773,851,2922,47,15,2860,2022,22.55499602438378
62503,Leubringhen,263,36,227,7,1,219,2022,13.688212927756654
62504,Leulinghem,189,24,165,2,2,161,2022,12.698412698412698
62505,Leulinghen-Bernes,365,48,317,2,7,308,2022,13.150684931506849
62506,Licques,1281,291,990,7,14,969,2022,22.716627634660423
62507,Liencourt,218,31,187,2,4,181,2022,14.220183486238533
62508,Lières,284,56,228,7,0,221,2022,19.718309859154928
62509,Liettres,253,50,203,2,1,200,2022,19.76284584980237
62510,Liévin,21358,6681,14677,159,90,14428,2022,31.28101882198708
62511,Lignereuil,109,13,96,1,1,94,2022,11.926605504587156
62512,Ligny-Lès-Aire,507,113,394,4,2,388,2022,22.287968441814595
62513,Ligny-Sur-Canche,157,30,127,2,3,122,2022,19.10828025477707
62514,Ligny-Saint-Flochel,191,33,158,3,1,154,2022,17.277486910994764
62515,Ligny-Thilloy,466,105,361,11,4,346,2022,22.532188841201716
62516,Lillers,6417,1616,4801,56,33,4712,2022,25.18310737104566
62517,Linghem,188,42,146,1,0,145,2022,22.340425531914892
62518,Linzeux,125,19,106,1,1,104,2022,15.2
62519,Lisbourg,494,108,386,5,6,375,2022,21.86234817813765
62520,Locon,1991,391,1600,7,9,1584,2022,19.63837267704671
62521,La Loge,184,41,143,5,1,137,2022,22.282608695652172
62522,Loison-Sur-Créquoise,222,47,175,6,2,167,2022,21.17117117117117
62523,Loison-Sous-Lens,3824,977,2847,49,22,2776,2022,25.549163179916317
62524,Longfossé,1062,192,870,18,7,845,2022,18.07909604519774
62525,Longuenesse,6932,1765,5167,53,53,5061,2022,25.461627236006922
62526,Longueville,118,23,95,2,4,89,2022,19.491525423728813
62527,Longvilliers,188,24,164,0,2,162,2022,12.76595744680851
62528,Loos-En-Gohelle,5367,1464,3903,56,37,3810,2022,27.277808831749578
62529,Lorgies,1303,240,1063,8,22,1033,2022,18.41903300076746
62530,Lottinghen,391,62,329,6,3,320,2022,15.856777493606138
62531,Louches,748,160,588,8,4,576,2022,21.390374331550802
62532,Lozinghem,961,203,758,6,7,745,2022,21.12382934443288
62533,Lugy,117,29,88,5,0,83,2022,24.786324786324787
62534,Lumbres,2699,686,2013,37,13,1963,2022,25.416821044831416
62535,La Madelaine-Sous-Montreuil,136,16,120,0,0,120,2022,11.76470588235294
62536,Magnicourt-En-Comte,498,97,401,6,3,392,2022,19.477911646586346
62537,Magnicourt-Sur-Canche,89,13,76,1,2,73,2022,14.606741573033707
62538,Maintenay,341,71,270,3,5,262,2022,20.821114369501466
62539,Maisnil,212,32,180,0,0,180,2022,15.09433962264151
62540,Maisnil-Lès-Ruitz,1232,250,982,15,11,956,2022,20.29220779220779
62541,Maisoncelle,96,20,76,1,0,75,2022,20.833333333333336
62542,Maizières,154,20,134,3,0,131,2022,12.987012987012985
62543,Mametz,1568,331,1237,19,10,1208,2022,21.10969387755102
62544,Manin,139,21,118,2,1,115,2022,15.107913669064748
62545,Maninghem,111,17,94,0,4,90,2022,15.315315315315313
62546,Maninghen-Henne,271,22,249,2,2,245,2022,8.118081180811808
62547,Marant,60,8,52,0,0,52,2022,13.333333333333334
62548,Marck,8043,2064,5979,87,44,5848,2022,25.66206639313689
62549,Marconne,810,181,629,12,4,613,2022,22.34567901234568
62550,Marconnelle,918,251,667,20,8,639,2022,27.342047930283226
62551,Marenla,210,37,173,3,3,167,2022,17.61904761904762
62552,Maresquel-Ecquemicourt,848,221,627,14,8,605,2022,26.06132075471698
62553,Marest,248,40,208,2,2,204,2022,16.129032258064516
62554,Maresville,84,9,75,2,0,73,2022,10.714285714285714
62555,Marles-Les-Mines,3854,1109,2745,43,16,2686,2022,28.775298391281783
62556,Marles-Sur-Canche,237,41,196,4,0,192,2022,17.29957805907173
62557,Maroeuil,2207,486,1721,27,13,1681,2022,22.020842772995017
62558,Marquay,122,19,103,0,1,102,2022,15.573770491803279
62559,Marquion,810,190,620,15,1,604,2022,23.456790123456788
62560,Marquise,3791,1022,2769,37,16,2716,2022,26.958586125032973
62561,Martinpuich,148,21,127,3,1,123,2022,14.18918918918919
62562,Matringhem,152,29,123,3,2,118,2022,19.078947368421055
62563,Mazingarbe,5636,1586,4050,59,27,3964,2022,28.140525195173883
62564,Mazinghem,343,57,286,3,0,283,2022,16.61807580174927
62565,Mencas,62,10,52,2,0,50,2022,16.129032258064516
62566,Menneville,561,91,470,10,2,458,2022,16.22103386809269
62567,Mentque-Nortbécourt,468,112,356,4,5,347,2022,23.931623931623932
62568,Mercatel,511,112,399,2,3,394,2022,21.91780821917808
62569,Merck-Saint-Liévin,462,92,370,4,1,365,2022,19.913419913419915
62570,Méricourt,8672,2695,5977,72,40,5865,2022,31.077029520295202
62571,Merlimont,3122,722,2400,52,16,2332,2022,23.126201153106983
62572,Metz-En-Couture,499,134,365,9,3,353,2022,26.853707414829657
62573,Meurchin,2893,884,2009,17,11,1981,2022,30.55651572761839
62574,Mingoval,189,22,167,0,3,164,2022,11.64021164021164
62576,Moncheaux-Lès-Frévent,95,17,78,0,2,76,2022,17.894736842105264
62577,Monchel-Sur-Canche,66,11,55,0,0,55,2022,16.666666666666664
62578,Monchiet,96,17,79,2,1,76,2022,17.708333333333336
62579,Monchy-Au-Bois,393,78,315,1,2,312,2022,19.84732824427481
62580,Monchy-Breton,385,63,322,4,1,317,2022,16.363636363636363
62581,Monchy-Cayeux,241,52,189,0,3,186,2022,21.57676348547718
62582,Monchy-Le-Preux,587,131,456,9,3,444,2022,22.31686541737649
62583,Mondicourt,405,83,322,5,1,316,2022,20.493827160493826
62584,Mont-Bernanchon,1169,253,916,15,5,896,2022,21.642429426860566
62585,Montcavrel,328,70,258,5,3,250,2022,21.341463414634145
62586,Montenescourt,364,52,312,4,2,306,2022,14.285714285714285
62587,Montigny-En-Gohelle,6182,1759,4423,54,20,4349,2022,28.453574894856033
62588,Montreuil,1466,383,1083,20,10,1053,2022,26.125511596180083
62589,Mont-Saint-Eloi,851,136,715,10,7,698,2022,15.981198589894241
62590,Monts-En-Ternois,47,7,40,1,0,39,2022,14.893617021276595
62591,Morchies,161,32,129,2,1,126,2022,19.875776397515526
62592,Moringhem,440,84,356,7,2,347,2022,19.090909090909093
62593,Morval,80,19,61,0,1,60,2022,23.75
62594,Mory,255,51,204,1,1,202,2022,20.0
62595,Moulle,902,183,719,0,20,699,2022,20.288248337028826
62596,Mouriez,212,52,160,2,2,156,2022,24.528301886792452
62597,Moyenneville,207,41,166,1,2,163,2022,19.806763285024154
62598,Muncq-Nieurlet,507,104,403,4,3,396,2022,20.51282051282051
62599,Nabringhen,166,27,139,2,1,136,2022,16.265060240963855
62600,Nédon,132,15,117,3,0,114,2022,11.363636363636363
62601,Nédonchel,157,40,117,0,1,116,2022,25.477707006369428
62602,Nempont-Saint-Firmin,173,43,130,1,4,125,2022,24.85549132947977
62603,Nesles,784,188,596,5,6,585,2022,23.97959183673469
62604,Neufchâtel-Hardelot,3561,764,2797,26,17,2754,2022,21.45464757090705
62605,Neulette,30,5,25,2,0,23,2022,16.666666666666664
62606,Neuve-Chapelle,1203,211,992,12,11,969,2022,17.539484621778886
62607,Neuville-Au-Cornet,54,4,50,0,1,49,2022,7.4074074074074066
62608,Neuville-Bourjonval,139,32,107,0,2,105,2022,23.021582733812952
62609,Neuville-Saint-Vaast,1283,259,1024,15,18,991,2022,20.187061574434917
62610,Neuville-Sous-Montreuil,465,115,350,3,4,343,2022,24.731182795698924
62611,Neuville-Vitasse,421,86,335,9,1,325,2022,20.42755344418052
62612,Neuvireuil,460,78,382,10,2,370,2022,16.956521739130434
62613,Nielles-Lès-Bléquin,616,120,496,8,7,481,2022,19.480519480519483
62614,Nielles-Lès-Ardres,443,74,369,5,0,364,2022,16.70428893905192
62615,Nielles-Lès-Calais,222,36,186,4,3,179,2022,16.216216216216218
62616,Noeux-Lès-Auxi,171,36,135,3,0,132,2022,21.052631578947366
62617,Noeux-Les-Mines,8599,2557,6042,70,53,5919,2022,29.736015815792534
62618,Nordausques,832,144,688,15,5,668,2022,17.307692307692307
62619,Noreuil,123,22,101,1,1,99,2022,17.88617886178862
62620,Norrent-Fontes,1164,247,917,8,3,906,2022,21.219931271477662
62621,Nortkerque,1260,230,1030,22,6,1002,2022,18.253968253968253
62622,Nort-Leulinghem,165,47,118,0,0,118,2022,28.484848484848484
62623,Nouvelle-Eglise,486,110,376,8,3,365,2022,22.633744855967077
62624,Noyelles-Godault,3939,1109,2830,27,21,2782,2022,28.154353896928153
62625,Noyelles-Lès-Humières,50,13,37,0,0,37,2022,26.0
62626,Noyelles-Lès-Vermelles,1664,332,1332,25,7,1300,2022,19.951923076923077
62627,Noyelles-Sous-Bellonne,598,110,488,7,2,479,2022,18.394648829431436
62628,Noyelles-Sous-Lens,4605,1319,3286,37,18,3231,2022,28.64277958740499
62629,Noyellette,120,18,102,1,0,101,2022,15.0
62630,Noyelle-Vion,224,41,183,4,3,176,2022,18.303571428571427
62631,Nuncq-Hautecôte,339,60,279,4,1,274,2022,17.699115044247787
62632,Oblinghem,266,51,215,1,4,210,2022,19.172932330827066
62633,Oeuf-En-Ternois,185,35,150,1,0,149,2022,18.91891891891892
62634,Offekerque,943,218,725,10,4,711,2022,23.117709437963946
62635,Offin,186,31,155,2,1,152,2022,16.666666666666664
62636,Offrethun,221,43,178,3,0,175,2022,19.457013574660635
62637,Oignies,7091,2203,4888,54,32,4802,2022,31.067550416020307
62638,Oisy-Le-Verger,961,223,738,9,1,728,2022,23.204994797086368
62639,Oppy,350,66,284,8,1,275,2022,18.857142857142858
62640,Orville,281,50,231,1,1,229,2022,17.793594306049823
62641,Ostreville,190,24,166,0,1,165,2022,12.631578947368421
62642,Ourton,542,97,445,10,2,433,2022,17.89667896678967
62643,Outreau,10468,3278,7190,107,40,7043,2022,31.314482231562856
62644,Ouve-Wirquin,415,100,315,2,8,305,2022,24.096385542168676
62645,Oye-Plage,4325,1048,3277,39,24,3214,2022,24.23121387283237
62646,Palluel,489,116,373,4,2,367,2022,23.721881390593047
62647,Le Parcq,588,136,452,8,3,441,2022,23.12925170068027
62648,Parenty,380,81,299,4,1,294,2022,21.31578947368421
62649,Pas-En-Artois,554,125,429,9,5,415,2022,22.563176895306857
62650,Pelves,606,116,490,8,2,480,2022,19.141914191419144
62651,Penin,333,58,275,0,2,273,2022,17.417417417417415
62652,Pernes,1197,276,921,7,5,909,2022,23.05764411027569
62653,Pernes-Lès-Boulogne,351,43,308,1,0,307,2022,12.250712250712251
62654,Peuplingues,577,122,455,7,3,445,2022,21.143847487001732
62655,Pierremont,246,40,206,2,1,203,2022,16.260162601626014
62656,Pihem,785,166,619,11,6,602,2022,21.146496815286625
62657,Pihen-Lès-Guînes,386,52,334,6,5,323,2022,13.471502590673575
62658,Pittefaux,123,23,100,1,1,98,2022,18.69918699186992
62659,Planques,62,10,52,2,0,50,2022,16.129032258064516
62660,Plouvain,427,97,330,6,2,322,2022,22.716627634660423
62661,Bouin-Plumoison,385,91,294,2,3,289,2022,23.636363636363637
62662,Polincove,676,105,571,5,10,556,2022,15.532544378698224
62663,Pommera,226,49,177,3,1,173,2022,21.68141592920354
62664,Pommier,196,23,173,4,1,168,2022,11.73469387755102
62665,Le Ponchel,192,43,149,5,0,144,2022,22.395833333333336
62666,Pont-À-Vendin,2114,544,1570,15,9,1546,2022,25.733207190160833
62667,Le Portel,7372,2422,4950,50,31,4869,2022,32.8540423223006
62668,Prédefin,131,18,113,2,0,111,2022,13.740458015267176
62669,Pressy,245,49,196,3,2,191,2022,20.0
62670,Preures,457,94,363,5,2,356,2022,20.568927789934357
62671,Pronville,230,36,194,3,0,191,2022,15.65217391304348
62672,Puisieux,485,99,386,7,4,375,2022,20.412371134020617
62673,Quéant,520,124,396,6,2,388,2022,23.846153846153847
62674,Quelmes,452,80,372,2,8,362,2022,17.699115044247787
62675,Quercamps,208,45,163,2,1,160,2022,21.634615384615387
62676,Quernes,353,62,291,8,3,280,2022,17.56373937677054
62677,Le Quesnoy-En-Artois,277,78,199,0,3,196,2022,28.158844765342963
62678,Quesques,572,94,478,9,4,465,2022,16.433566433566433
62679,Questrecques,261,35,226,4,3,219,2022,13.409961685823754
62680,Quiéry-La-Motte,550,92,458,5,4,449,2022,16.727272727272727
62681,Quiestède,545,91,454,19,7,428,2022,16.69724770642202
62682,Quilen,42,5,37,2,1,34,2022,11.904761904761903
62683,Quoeux-Haut-Maînil,168,19,149,0,2,147,2022,11.30952380952381
62684,Racquinghem,1858,416,1442,23,12,1407,2022,22.38966630785791
62685,Radinghem,186,26,160,3,1,156,2022,13.978494623655912
62686,Ramecourt,265,55,210,2,1,207,2022,20.754716981132077
62688,Rang-Du-Fliers,3512,847,2665,46,22,2597,2022,24.117312072892936
62689,Ransart,315,51,264,0,1,263,2022,16.19047619047619
62690,Raye-Sur-Authie,185,36,149,0,3,146,2022,19.45945945945946
62691,Saint-Augustin,642,128,514,9,4,501,2022,19.937694704049843
62692,Rebergues,245,52,193,5,0,188,2022,21.224489795918366
62693,Rebreuve-Ranchicourt,931,199,732,23,5,704,2022,21.374865735767994
62694,Rebreuve-Sur-Canche,160,45,115,3,1,111,2022,28.125
62695,Rebreuviette,225,47,178,0,0,178,2022,20.88888888888889
62696,Reclinghem,163,43,120,1,2,117,2022,26.380368098159508
62697,Récourt,214,30,184,3,0,181,2022,14.018691588785046
62698,Recques-Sur-Course,243,42,201,1,2,198,2022,17.28395061728395
62699,Recques-Sur-Hem,516,83,433,1,1,431,2022,16.08527131782946
62700,Regnauville,169,26,143,4,1,138,2022,15.384615384615385
62701,Rely,348,74,274,4,1,269,2022,21.26436781609195
62702,Remilly-Wirquin,284,52,232,6,3,223,2022,18.30985915492958
62703,Rémy,278,49,229,2,5,222,2022,17.62589928057554
62704,Renty,512,122,390,2,3,385,2022,23.828125
62705,Rety,1500,357,1143,25,5,1113,2022,23.799999999999997
62706,Richebourg,2176,427,1749,24,14,1711,2022,19.62316176470588
62708,Riencourt-Lès-Bapaume,25,9,16,0,0,16,2022,36.0
62709,Riencourt-Lès-Cagnicourt,209,42,167,1,1,165,2022,20.095693779904305
62710,Rimboval,151,6,145,1,1,143,2022,3.9735099337748347
62711,Rinxent,2300,623,1677,26,18,1633,2022,27.08695652173913
62712,Rivière,925,173,752,8,5,739,2022,18.7027027027027
62713,Robecq,1063,229,834,12,7,815,2022,21.54280338664158
62714,Roclincourt,648,85,563,5,9,549,2022,13.117283950617283
62715,Rocquigny,240,63,177,1,1,175,2022,26.25
62716,Rodelinghem,410,61,349,7,3,339,2022,14.878048780487804
62717,Roëllecourt,423,78,345,2,1,342,2022,18.439716312056735
62718,Roeux,1091,230,861,12,6,843,2022,21.081576535288725
62719,Rollancourt,214,36,178,6,0,172,2022,16.822429906542055
62720,Rombly,41,7,34,0,0,34,2022,17.073170731707318
62721,Roquetoire,1623,279,1344,29,13,1302,2022,17.190388170055453
62722,Rougefay,79,17,62,2,0,60,2022,21.518987341772153
62723,Roussent,163,27,136,5,1,130,2022,16.56441717791411
62724,Rouvroy,6531,1787,4744,42,29,4673,2022,27.361812892359517
62725,Royon,108,17,91,0,4,87,2022,15.74074074074074
62726,Ruisseauville,158,25,133,1,1,131,2022,15.822784810126583
62727,Ruitz,1299,276,1023,12,8,1003,2022,21.247113163972287
62728,Rumaucourt,560,140,420,9,1,410,2022,25.0
62729,Rumilly,184,46,138,2,0,136,2022,25.0
62730,Ruminghem,1080,242,838,8,3,827,2022,22.407407407407405
62731,Ruyaulcourt,239,66,173,0,2,171,2022,27.615062761506277
62732,Sachin,249,24,225,3,1,221,2022,9.63855421686747
62733,Sailly-Au-Bois,216,47,169,0,2,167,2022,21.75925925925926
62734,Sailly-En-Ostrevent,568,141,427,10,1,416,2022,24.823943661971832
62735,Sailly-Labourse,1711,417,1294,14,30,1250,2022,24.371712448860315
62736,Sailly-Sur-La-Lys,3190,678,2512,47,22,2443,2022,21.253918495297803
62737,Sains-En-Gohelle,4723,1362,3361,71,0,3290,2022,28.837603218293456
62738,Sains-Lès-Fressin,107,18,89,0,2,87,2022,16.822429906542055
62739,Sains-Lès-Marquion,270,55,215,5,1,209,2022,20.37037037037037
62740,Sains-Lès-Pernes,257,43,214,5,0,209,2022,16.731517509727624
62741,Saint-Amand,110,15,95,1,0,94,2022,13.636363636363635
62742,Saint-Aubin,246,23,223,3,0,220,2022,9.34959349593496
62743,Sainte-Austreberthe,313,49,264,5,3,256,2022,15.654952076677317
62744,Sainte-Catherine,2634,537,2097,26,16,2055,2022,20.387243735763096
62745,Saint-Denoeux,122,16,106,0,0,106,2022,13.114754098360656
62746,Saint-Etienne-Au-Mont,3945,1104,2841,35,29,2777,2022,27.984790874524716
62747,Saint-Floris,466,80,386,11,1,374,2022,17.167381974248926
62748,Saint-Folquin,1815,404,1411,21,4,1386,2022,22.258953168044076
62749,Saint-Georges,243,35,208,7,0,201,2022,14.40329218106996
62750,Saint-Hilaire-Cottes,650,146,504,6,1,497,2022,22.46153846153846
62751,Saint-Inglevert,575,97,478,3,2,473,2022,16.869565217391305
62752,Saint-Josse,950,188,762,17,3,742,2022,19.789473684210527
62753,Saint-Laurent-Blangy,4897,1211,3686,63,26,3597,2022,24.729426179293444
62754,Saint-Léger,351,51,300,4,2,294,2022,14.529914529914532
62755,Saint-Léonard,2824,769,2055,46,12,1997,2022,27.230878186968837
62756,Sainte-Marie-Kerque,1170,228,942,12,5,925,2022,19.48717948717949
62757,Saint-Martin-Lez-Tatinghem,4998,1259,3739,48,35,3656,2022,25.19007603041217
62758,Saint-Martin-Boulogne,8847,2366,6481,78,58,6345,2022,26.743528879846274
62759,Saint-Martin-Choquel,357,48,309,1,6,302,2022,13.445378151260504
62760,Saint-Martin-D'Hardinghem,224,48,176,5,2,169,2022,21.428571428571427
62761,Saint-Martin-Sur-Cojeul,185,30,155,3,0,152,2022,16.216216216216218
62762,Saint-Michel-Sous-Bois,116,14,102,1,1,100,2022,12.068965517241379
62763,Saint-Michel-Sur-Ternoise,672,173,499,7,2,490,2022,25.744047619047617
62764,Saint-Nicolas,3399,930,2469,30,29,2410,2022,27.360988526037072
62765,Saint-Omer,8721,2670,6051,62,39,5950,2022,30.61575507395941
62766,Saint-Omer-Capelle,762,138,624,20,8,596,2022,18.11023622047244
62767,Saint-Pol-Sur-Ternoise,3381,1067,2314,32,11,2271,2022,31.558710440698018
62768,Saint-Rémy-Au-Bois,103,28,75,0,0,75,2022,27.184466019417474
62769,Saint-Tricat,639,122,517,5,1,511,2022,19.092331768388107
62770,Saint-Venant,2253,514,1739,28,15,1696,2022,22.814025743453172
62771,Sallaumines,6424,1988,4436,46,40,4350,2022,30.94645080946451
62772,Salperwick,426,72,354,6,2,346,2022,16.901408450704224
62773,Samer,3179,727,2452,24,11,2417,2022,22.868826675055047
62774,Sangatte,3789,925,2864,42,11,2811,2022,24.41277381894959
62775,Sanghen,245,53,192,2,2,188,2022,21.63265306122449
62776,Sapignies,135,29,106,1,0,105,2022,21.48148148148148
62777,Le Sars,132,38,94,0,1,93,2022,28.78787878787879
62778,Sars-Le-Bois,65,5,60,2,0,58,2022,7.6923076923076925
62779,Sarton,152,40,112,1,1,110,2022,26.31578947368421
62780,Sauchy-Cauchy,289,64,225,4,0,221,2022,22.145328719723185
62781,Sauchy-Lestrée,343,93,250,4,0,246,2022,27.113702623906704
62782,Saudemont,383,105,278,4,1,273,2022,27.415143603133156
62783,Saulchoy,255,49,206,1,0,205,2022,19.215686274509807
62784,Saulty,544,105,439,8,5,426,2022,19.301470588235293
62785,Savy-Berlette,776,137,639,10,2,627,2022,17.65463917525773
62786,Selles,225,49,176,3,1,172,2022,21.777777777777775
62787,Sempy,251,55,196,4,0,192,2022,21.91235059760956
62788,Seninghem,547,136,411,7,5,399,2022,24.862888482632542
62789,Senlecques,200,26,174,2,1,171,2022,13.0
62790,Senlis,144,30,114,1,2,111,2022,20.833333333333336
62791,Séricourt,44,6,38,0,0,38,2022,13.636363636363635
62792,Serques,988,211,777,13,9,755,2022,21.356275303643724
62793,Servins,836,160,676,14,3,659,2022,19.138755980861244
62794,Setques,451,60,391,5,2,384,2022,13.303769401330376
62795,Sibiville,81,7,74,3,3,68,2022,8.641975308641975
62796,Simencourt,459,78,381,6,3,372,2022,16.99346405228758
62797,Siracourt,233,49,184,5,2,177,2022,21.030042918454935
62798,Sombrin,179,35,144,4,0,140,2022,19.553072625698324
62799,Sorrus,692,135,557,11,1,545,2022,19.508670520231213
62800,Souastre,266,43,223,6,0,217,2022,16.165413533834585
62801,Souchez,2201,538,1663,22,7,1634,2022,24.443434802362564
62802,Le Souich,130,33,97,1,0,96,2022,25.384615384615383
62803,Surques,440,75,365,6,4,355,2022,17.045454545454543
62804,Sus-Saint-Léger,248,53,195,3,0,192,2022,21.370967741935484
62805,Tangry,198,29,169,5,0,164,2022,14.646464646464647
62806,Tardinghen,140,18,122,0,0,122,2022,12.857142857142856
62808,Teneur,213,30,183,1,1,181,2022,14.084507042253522
62809,Ternas,108,30,78,2,0,76,2022,27.77777777777778
62810,Thélus,1085,193,892,10,7,875,2022,17.788018433179722
62811,Thérouanne,931,247,684,13,7,664,2022,26.53061224489796
62812,Thiembronne,597,126,471,5,4,462,2022,21.105527638190953
62813,La Thieuloye,377,93,284,5,3,276,2022,24.6684350132626
62814,Thièvres,87,18,69,1,0,68,2022,20.689655172413794
62815,Tigny-Noyelle,153,26,127,1,1,125,2022,16.99346405228758
62816,Tilloy-Lès-Hermaville,176,31,145,4,1,140,2022,17.613636363636363
62817,Tilloy-Lès-Mofflaines,1169,234,935,19,10,906,2022,20.01710863986313
62818,Tilly-Capelle,115,21,94,0,1,93,2022,18.26086956521739
62819,Tilques,910,158,752,8,4,740,2022,17.36263736263736
62820,Tincques,664,122,542,0,12,530,2022,18.373493975903614
62821,Tingry,210,34,176,5,2,169,2022,16.19047619047619
62822,Tollent,79,21,58,2,0,56,2022,26.582278481012654
62823,Torcy,143,27,116,1,0,115,2022,18.88111888111888
62824,Tortefontaine,188,35,153,0,0,153,2022,18.617021276595743
62825,Tortequesne,644,136,508,8,1,499,2022,21.11801242236025
62826,Le Touquet-Paris-Plage,5342,1151,4191,21,20,4150,2022,21.54623736428304
62827,Tournehem-Sur-La-Hem,1114,292,822,8,1,813,2022,26.21184919210054
62828,Tramecourt,58,11,47,2,0,45,2022,18.96551724137931
62829,Le Transloy,331,69,262,3,0,259,2022,20.84592145015106
62830,Trescault,158,49,109,0,1,108,2022,31.0126582278481
62831,Troisvaux,236,24,212,6,1,205,2022,10.16949152542373
62832,Tubersent,446,76,370,10,4,356,2022,17.040358744394617
62833,Vacquerie-Le-Boucq,58,10,48,0,0,48,2022,17.24137931034483
62834,Vacqueriette-Erquières,189,44,145,1,0,144,2022,23.28042328042328
62835,Valhuon,439,88,351,8,2,341,2022,20.045558086560362
62836,Vaudricourt,878,164,714,1,6,707,2022,18.678815489749432
62837,Vaudringhem,413,85,328,4,2,322,2022,20.581113801452787
62838,Vaulx,67,18,49,3,0,46,2022,26.865671641791046
62839,Vaulx-Vraucourt,781,179,602,9,3,590,2022,22.91933418693982
62840,Vélu,111,27,84,0,1,83,2022,24.324324324324326
62841,Vendin-Lès-Béthune,2031,518,1513,15,10,1488,2022,25.50467749876908
62842,Vendin-Le-Vieil,6106,1770,4336,50,41,4245,2022,28.987880773010154
62843,Verchin,180,31,149,0,1,148,2022,17.22222222222222
62844,Verchocq,522,114,408,6,3,399,2022,21.839080459770116
62845,Verlincthun,383,71,312,11,5,296,2022,18.5378590078329
62846,Vermelles,3514,968,2546,40,16,2490,2022,27.54695503699488
62847,Verquigneul,1377,354,1023,6,14,1003,2022,25.70806100217865
62848,Verquin,2640,669,1971,29,10,1932,2022,25.340909090909093
62849,Verton,2049,457,1592,31,7,1554,2022,22.30356271351879
62850,Vieil-Hesdin,297,46,251,3,0,248,2022,15.488215488215488
62851,Vieille-Chapelle,707,136,571,4,14,553,2022,19.236209335219236
62852,Vieille-Eglise,1100,253,847,16,10,821,2022,23.0
62853,Vieil-Moutier,296,44,252,4,2,246,2022,14.864864864864865
62854,Villers-Au-Bois,414,62,352,6,0,346,2022,14.975845410628018
62855,Villers-Au-Flos,172,45,127,2,0,125,2022,26.16279069767442
62856,Villers-Brûlin,265,38,227,4,1,222,2022,14.339622641509434
62857,Villers-Châtel,109,11,98,2,0,96,2022,10.091743119266056
62858,Villers-Lès-Cagnicourt,185,38,147,1,0,146,2022,20.54054054054054
62859,Villers-L'Hôpital,211,32,179,3,0,176,2022,15.165876777251185
62860,Villers-Sir-Simon,107,22,85,1,0,84,2022,20.5607476635514
62861,Vimy,3403,660,2743,24,23,2696,2022,19.39465177784308
62862,Vincly,99,20,79,2,1,76,2022,20.2020202020202
62863,Violaines,3011,657,2354,35,13,2306,2022,21.819993357688475
62864,Vis-En-Artois,467,96,371,7,8,356,2022,20.556745182012847
62865,Vitry-En-Artois,3814,1001,2813,52,19,2742,2022,26.245411641321446
62866,Waben,377,98,279,5,2,272,2022,25.9946949602122
62867,Wacquinghen,214,28,186,3,3,180,2022,13.084112149532709
62868,Wail,220,41,179,0,179,0,2022,18.636363636363637
62869,Wailly,900,185,715,15,3,697,2022,20.555555555555554
62870,Wailly-Beaucamp,823,169,654,16,4,634,2022,20.534629404617256
62871,Wambercourt,181,41,140,0,5,135,2022,22.65193370165746
62872,Wamin,197,38,159,0,3,156,2022,19.289340101522843
62873,Wancourt,520,106,414,10,3,401,2022,20.384615384615383
62874,Wanquetin,567,98,469,11,2,456,2022,17.28395061728395
62875,Wardrecques,986,216,770,16,11,743,2022,21.906693711967545
62876,Warlencourt-Eaucourt,85,14,71,0,1,70,2022,16.470588235294116
62877,Warlincourt-Lès-Pas,128,13,115,0,0,115,2022,10.15625
62878,Warlus,320,40,280,3,2,275,2022,12.5
62879,Warluzel,182,32,150,0,1,149,2022,17.582417582417584
62880,Le Wast,162,29,133,0,1,132,2022,17.901234567901234
62881,Beauvoir-Wavans,276,58,218,6,2,210,2022,21.014492753623188
62882,Wavrans-Sur-L'Aa,1001,235,766,18,5,743,2022,23.476523476523475
62883,Wavrans-Sur-Ternoise,149,35,114,0,0,114,2022,23.48993288590604
62885,Westrehem,183,35,148,1,4,143,2022,19.12568306010929
62886,Wicquinghem,173,29,144,2,1,141,2022,16.76300578034682
62887,Widehem,209,41,168,5,1,162,2022,19.617224880382775
62888,Wierre-Au-Bois,204,36,168,1,2,165,2022,17.647058823529413
62889,Wierre-Effroy,721,138,583,7,5,571,2022,19.14008321775312
62890,Willeman,151,20,131,0,2,129,2022,13.245033112582782
62891,Willencourt,115,18,97,1,1,95,2022,15.65217391304348
62892,Willerval,541,94,447,8,1,438,2022,17.375231053604438
62893,Wimereux,5970,1583,4387,42,22,4323,2022,26.515912897822446
62894,Wimille,3196,812,2384,28,12,2344,2022,25.406758448060074
62895,Wingles,6278,1973,4305,52,24,4229,2022,31.427206116597645
62896,Wirwignes,642,109,533,4,3,526,2022,16.978193146417446
62897,Wismes,402,77,325,4,5,316,2022,19.154228855721392
62898,Wisques,194,22,172,3,1,168,2022,11.34020618556701
62899,Wissant,936,243,693,6,4,683,2022,25.961538461538463
62900,Witternesse,505,111,394,12,5,377,2022,21.980198019801982
62901,Wittes,711,125,586,8,4,574,2022,17.580872011251756
62902,Wizernes,2624,666,1958,25,27,1906,2022,25.381097560975608
62903,Zoteux,439,65,374,8,3,363,2022,14.80637813211845
62904,Zouafques,400,68,332,4,2,326,2022,17.0
62905,Zudausques,810,110,700,5,6,689,2022,13.580246913580247
62906,Zutkerque,1329,341,988,18,5,965,2022,25.658389766741912
62907,Libercourt,5742,1742,4000,50,25,3925,2022,30.337861372344133
62908,La Capelle-Lès-Boulogne,1386,306,1080,13,21,1046,2022,22.07792207792208
62909,Ytres,303,69,234,0,1,233,2022,22.772277227722775
