"code_commune","commune","annee","inscrits","abstentions","votants","blancs","nuls","exprimes","taux_abstention","population","part_jeunes","part_seniors","indice_jeunesse","emploi_total","emploi_moins_25","emploi_25_49","emploi_50_plus","creations_total","creations_industrie","creations_construction","creations_commerce_transport","creations_info_com","creations_finance","creations_immo","creations_services_admin","creations_adm_sante_social","creations_autres_services","nombre_infractions_total","taux_infractions_moyen"
"62001","Ablain-Saint-Nazaire",2017,1485,252,1233,21,7,1205,"16.969696969696972",1772,"27.627798277654914","32.969651018591186","0.8379766671499171","110","15","55","40","7","0","0","2","0","0","0","3","2","0","46","1.7164855133333332"
"62002","Ablainzevelle",2017,183,29,154,5,0,149,"15.846994535519126",222,"39.20704845814977","15.859030837004404","2.472222222222222","15","0","10","5","1","0","1","0","0","0","0","0","0","0","2","0.7461790733333333"
"62003","Acheville",2017,529,66,463,9,3,451,"12.476370510396976",627,"32.78145695364236","24.172185430463582","1.3561643835616428","30","5","20","10","1","0","0","0","0","0","0","1","0","0","14","1.3778480333333334"
"62004","Achicourt",2017,5926,1138,4788,71,54,4663,"19.203509956125547",7799,"35.18591672334478","27.64338882131579","1.272851058558094","700","120","425","150","37","2","3","15","1","0","0","7","7","2","315","2.849340506666666"
"62005","Achiet-Le-Grand",2017,710,164,546,12,4,530,"23.098591549295776",988,"40.64755867570253","18.52205496499626","2.1945490795983464","95","15","60","20","2","0","0","0","0","0","0","0","2","0","22","1.5218721866666667"
"62006","Achiet-Le-Petit",2017,267,50,217,3,0,214,"18.726591760299627",303,"33.118971061093234","24.75884244372993","1.3376623376623358","15","5","10","5","4","4","0","0","0","0","0","0","0","0","5","1.4789602533333333"
"62007","Acq",2017,536,49,487,20,3,464,"9.14179104477612",769,"37.32119635890767","18.725617685305593","1.9930555555555556","25","5","15","5","6","0","0","1","0","0","0","2","2","1","16","1.2681457333333335"
"62008","Acquin-Westbécourt",2017,579,58,521,16,9,496,"10.01727115716753",833,"43.03672286077629","17.772666935540947","2.4215118089403607","45","10","30","5","4","0","1","3","0","0","0","0","0","0","16","1.1939178333333333"
"62009","Adinfer",2017,195,27,168,8,2,158,"13.846153846153847",259,"38","18.8","2.021276595744681","20","5","15","5","2","0","0","0","0","0","0","0","1","1","3","0.9497691466666668"
"62010","Affringues",2017,176,15,161,5,2,154,"8.522727272727272",239,"36.82008368200837","25.10460251046025","1.4666666666666666","10","0","5","0","0","0","0","0","0","0","0","0","0","0","3","0.8697410666666667"
"62011","Agnez-Lès-Duisans",2017,551,81,470,10,1,459,"14.700544464609798",653,"32.00612557427259","27.871362940275652","1.1483516483516483","35","5","25","10","7","0","0","1","0","0","2","3","1","0","14","1.3655849333333334"
"62012","Agnières",2017,169,19,150,0,1,149,"11.242603550295858",249,"39.27125506072879","18.2186234817814","2.155555555555556","10","0","10","0","2","0","1","0","0","0","0","0","0","1","3","0.9962929866666668"
"62013","Agny",2017,1591,279,1312,15,15,1282,"17.536140791954747",1929,"32.907920469599695","24.478948792698645","1.344335524710733","140","15","95","30","15","0","1","6","0","0","0","1","4","3","48","1.6284291999999998"
"62014","Aire-Sur-La-Lys",2017,7474,1666,5808,106,58,5644,"22.29060743912229",9871,"35.67616603025066","26.006508678322536","1.371816819840495","940","175","555","210","68","6","4","29","3","3","3","7","9","4","443","3.1291565599999998"
"62015","Airon-Notre-Dame",2017,175,13,162,8,0,154,"7.428571428571429",223,"36.238532110091775","21.559633027522974","1.6808510638297858","15","0","10","5","0","0","0","0","0","0","0","0","0","0","3","1.4023283666666666"
"62016","Airon-Saint-Vaast",2017,167,15,152,5,2,145,"8.982035928143713",186,"31.052631578947366","25.78947368421054","1.2040816326530606","15","5","5","5","2","0","0","0","0","0","0","0","2","0","1","0.6787868066666668"
"62017","Aix-En-Ergny",2017,114,15,99,2,0,97,"13.157894736842104",189,"37.93103448275863","23.645320197044338","1.6041666666666667","15","0","10","0","5","0","1","2","0","0","0","1","0","1","2","0.9831252799999999"
"62018","Aix-En-Issart",2017,223,44,179,4,0,175,"19.730941704035875",263,"40.68441064638783","16.730038022813687","2.4318181818181817","15","0","10","0","1","0","0","0","0","0","0","1","0","0","4","1.0687622866666666"
"62019","Aix-Noulette",2017,2956,538,2418,11,37,2370,"18.200270635994585",3906,"35.192188849723884","25.985471782294887","1.35430247888368","315","55","180","80","23","3","2","8","1","1","2","1","4","1","100","1.9163800333333332"
"62020","Alembon",2017,445,81,364,6,2,356,"18.202247191011235",630,"38.30128205128202","17.467948717948712","2.1926605504587147","45","10","25","5","1","0","0","1","0","0","0","0","0","0","14","1.3660767"
"62021","Alette",2017,263,27,236,3,3,230,"10.26615969581749",386,"39.37823834196891","19.4300518134715","2.026666666666667","30","5","15","5","3","0","0","1","0","0","0","0","1","1","7","1.1865904333333332"
"62022","Alincthun",2017,270,47,223,0,4,219,"17.40740740740741",330,"30.425218130601632","34.78508634986641","0.874662716791516","20","5","5","5","4","0","2","1","0","0","0","1","0","0","6","0.96401426"
"62023","Allouagne",2017,2451,486,1965,42,24,1899,"19.828641370869033",2925,"33.94871794871795","25.743589743589745","1.3187250996015936","235","40","135","60","12","0","5","2","0","0","0","4","0","1","70","1.61455562"
"62024","Alquines",2017,652,109,543,10,5,528,"16.717791411042946",999,"42.2764227642277","20.528455284552845","2.059405940594062","80","20","55","5","5","1","0","1","0","0","0","1","1","1","20","1.3899934466666666"
"62025","Ambleteuse",2017,1577,316,1261,13,24,1224,"20.038046924540268",1843,"29.23496264289593","30.27423882230589","0.9656712697052444","180","35","100","45","11","0","0","5","2","0","0","1","3","0","74","2.8278937866666665"
"62026","Ambricourt",2017,93,6,87,1,0,86,"6.451612903225806",112,"33.62068965517241","21.551724137931053","1.5599999999999987","10","0","5","0","1","0","0","1","0","0","0","0","0","0","2","0.7389765933333334"
"62027","Ambrines",2017,169,21,148,2,4,142,"12.42603550295858",239,"43.80530973451329","19.91150442477876","2.200000000000001","20","5","10","5","0","0","0","0","0","0","0","0","0","0","3","0.60900284"
"62028","Ames",2017,466,62,404,1,5,398,"13.304721030042918",636,"34.11949685534591","25.31446540880503","1.3478260869565217","55","10","30","15","4","0","0","3","0","0","0","1","0","0","15","1.4285332666666666"
"62029","Amettes",2017,354,42,312,2,2,308,"11.864406779661017",475,"29.894736842105264","32.21052631578947","0.9281045751633987","35","10","20","10","7","3","0","1","0","0","0","2","0","1","9","1.3428654000000002"
"62030","Amplier",2017,224,29,195,2,3,190,"12.946428571428573",302,"31.33333333333334","27.33333333333332","1.146341463414635","20","0","15","0","0","0","0","0","0","0","0","0","0","0","4","0.96401426"
"62031","Andres",2017,1169,255,914,21,10,883,"21.813515825491873",1564,"39.28442490154936","18.85123855727532","2.083917445646466","135","25","75","35","5","0","0","2","0","0","1","0","2","0","35","1.5218721866666667"
"62032","Angres",2017,3303,529,2774,53,22,2699,"16.015743263699665",4526,"36.62359397233535","24.729446944124554","1.4809710081703513","430","75","270","85","28","1","3","12","1","0","0","5","3","3","177","3.2133061733333337"
"62033","Annay",2017,3132,565,2567,41,29,2497,"18.039591315453386",4337,"35.937856979666435","24.354580763079724","1.4756097560975612","390","55","255","85","22","1","6","10","0","1","0","0","1","3","166","2.808621286666667"
"62034","Annequin",2017,1745,338,1407,32,0,1375,"19.369627507163322",2201,"38.605962409668784","20.187913877614747","1.9123304489859543","225","45","130","50","11","1","2","1","1","0","0","3","2","1","51","1.577459053333333"
"62035","Annezin",2017,4539,966,3573,67,30,3476,"21.28222075346993",5898,"36.28348592743303","25.059342149881314","1.4479025710419486","520","90","320","110","25","1","7","5","0","2","0","4","3","3","177","2.15437388"
"62036","Anvin",2017,607,118,489,15,4,470,"19.43986820428336",772,"37.52300679824995","24.205150194486738","1.5502075590010862","75","10","45","25","5","0","0","5","0","0","0","0","0","0","19","1.5218721866666667"
"62037","Anzin-Saint-Aubin",2017,2394,334,2060,22,12,2026,"13.951545530492899",2742,"29.20969127982305","28.845882782769632","1.0126121464124762","145","10","100","35","31","1","1","8","0","3","2","7","6","3","63","1.5265079133333335"
"62038","Ardres",2017,3322,666,2656,51,24,2581,"20.048163756773025",4405,"34.56039208698311","25.51133461525114","1.3547073333561417","390","60","240","95","28","2","3","9","1","1","0","4","4","4","157","2.3850150466666666"
"62039","Arleux-En-Gohelle",2017,714,104,610,15,1,594,"14.565826330532214",856,"34.007861724364055","20.343078962738197","1.671716547266775","50","5","30","15","7","0","1","0","0","1","0","2","1","2","20","1.5434105666666667"
"62040","Arques",2017,7256,1735,5521,87,50,5384,"23.91124586549063",9753,"35.84295399280122","24.278113875212878","1.4763483760324414","1060","185","640","230","41","1","3","19","0","2","2","6","3","5","341","2.4943685466666667"
"62041","Arras",2017,26318,6269,20049,337,170,19542,"23.820199103275325",41019,"41.76287436190609","21.743673969798003","1.9206907912579443","5210","750","3435","1025","402","8","29","138","15","22","8","77","66","39","3352","5.5528669666666675"
"62042","Athies",2017,789,135,654,26,0,628,"17.110266159695815",1014,"34.81624758220503","22.727272727272677","1.5319148936170248","85","15","50","25","7","0","0","4","0","0","1","1","0","1","20","1.3815210533333333"
"62043","Les Attaques",2017,1416,247,1169,15,10,1144,"17.443502824858754",1978,"33.61546740426672","24.351902383556034","1.3804041620570078","165","25","100","45","14","3","0","6","0","1","0","2","2","0","47","1.8404457066666668"
"62044","Attin",2017,602,122,480,2,13,465,"20.26578073089701",729,"38.53914079266963","21.28921270000605","1.8102661350486986","60","10","35","10","6","1","0","3","0","0","0","2","0","0","24","2.207487873333333"
"62045","Aubigny-En-Artois",2017,1056,173,883,19,10,854,"16.382575757575758",1459,"33.79827642052564","27.59588301984778","1.224757924804106","95","20","50","25","8","0","3","1","0","0","1","0","3","0","45","2.01147826"
"62046","Aubin-Saint-Vaast",2017,569,130,439,12,5,422,"22.847100175746924",759,"32.34605954890782","26.23119049292194","1.2331144313726774","65","10","35","15","7","2","1","2","0","0","0","0","0","2","27","2.28359268"
"62047","Aubrometz",2017,125,17,108,2,0,106,"13.600000000000001",152,"37.086092715231715","27.814569536423818","1.3333333333333317","10","5","5","0","0","0","0","0","0","0","0","0","0","0","2","0.8136962600000001"
"62048","Auchel",2017,7802,2568,5234,67,45,5122,"32.91463727249423",10291,"39.579259384255174","24.555936449275794","1.6118000413469242","1165","230","720","215","32","2","7","14","1","1","0","1","3","3","423","2.852010339999999"
"62049","Auchy-Au-Bois",2017,372,44,328,0,8,320,"11.827956989247312",504,"38.30188679245288","24.33962264150943","1.5736434108527155","25","0","15","5","2","1","0","0","0","0","0","0","0","1","9","1.24952648"
"62050","Auchy-Lès-Hesdin",2017,1204,282,922,27,10,885,"23.421926910299003",1571,"31.570877041689048","34.44797707228876","0.9164798552738775","165","45","85","40","11","1","1","4","0","0","0","2","3","0","58","2.4786683666666667"
"62051","Auchy-Les-Mines",2017,3724,824,2900,80,32,2788,"22.12674543501611",4726,"39.59818874251932","19.564428519947512","2.023989032040766","420","75","260","85","30","4","3","8","0","1","0","4","5","5","150","2.2230489799999997"
"62052","Audembert",2017,349,50,299,8,1,290,"14.326647564469914",432,"35.648148148148145","19.444444444444446","1.8333333333333333","30","10","15","10","3","1","0","1","0","0","1","0","0","0","7","0.9989968933333333"
"62053","Audincthun",2017,528,85,443,5,2,436,"16.098484848484848",664,"36.89759036144578","21.385542168674696","1.7253521126760563","50","5","40","5","5","1","0","3","0","0","0","1","0","0","15","1.4244329866666667"
"62054","Audinghen",2017,458,63,395,5,1,389,"13.755458515283841",582,"33.67346938775512","24.999999999999968","1.3469387755102065","35","5","20","5","4","0","0","3","0","0","0","0","0","1","13","1.3705206333333335"
"62055","Audrehem",2017,398,73,325,4,2,319,"18.341708542713565",562,"38.93984569094557","18.394413084902094","2.116938741737126","35","5","25","10","5","1","0","0","0","0","1","1","2","0","8","0.80015148"
"62056","Audresselles",2017,648,141,507,13,1,493,"21.75925925925926",649,"32.38993710691823","33.33333333333329","0.9716981132075481","65","15","30","15","4","0","0","2","1","0","0","1","0","0","19","1.8645995866666665"
"62057","Audruicq",2017,3894,676,3218,66,31,3121,"17.360041088854647",5412,"37.82335550628233","24.27937915742794","1.5578386605783867","470","90","270","110","22","1","4","5","0","0","0","2","6","4","183","2.3218925533333334"
"62058","Aumerval",2017,164,14,150,1,3,146,"8.536585365853659",198,"34.5","21.5","1.6046511627906976","10","0","5","0","2","0","0","1","0","0","0","0","1","0","1","0.48441994000000005"
"62059","Autingues",2017,237,35,202,3,0,199,"14.767932489451477",291,"34.694579329524295","30.967003747446537","1.120372497529249","10","5","5","5","3","0","1","0","0","0","0","1","1","0","5","1.2804088333333334"
"62060","Auxi-Le-Château",2017,2100,470,1630,19,24,1587,"22.380952380952383",2639,"31.794352109118673","35.01203334175238","0.9080978473536248","290","50","155","80","22","2","2","9","0","0","0","2","5","2","102","2.584842426666667"
"62061","Averdoingt",2017,212,27,185,4,0,181,"12.735849056603774",293,"32.99319727891154","23.469387755102016","1.4057971014492756","20","0","15","5","3","0","2","1","0","0","0","0","0","0","4","0.87818254"
"62062","Avesnes",2017,36,3,33,1,0,32,"8.333333333333332",52,"36.53846153846153","21.153846153846153","1.7272727272727273","5","0","5","0","0","0","0","0","0","0","0","0","0","0","0","0.5052883666666667"
"62063","Avesnes-Le-Comte",2017,1481,312,1169,17,11,1141,"21.066846725185687",1902,"35.7809280226312","26.277577746024317","1.3616524463730186","160","25","95","35","13","1","1","6","1","0","0","2","2","0","68","2.3254070666666666"
"62064","Avesnes-Lès-Bapaume",2017,137,27,110,1,0,109,"19.708029197080293",162,"29.090909090909133","35.75757575757577","0.8135593220338991","10","0","5","5","0","0","0","0","0","0","0","0","0","0","2","0.9871947000000001"
"62065","Avion",2017,12361,3143,9218,163,88,8967,"25.4267454089475",17622,"40.6627844291653","21.714466359657106","1.8726126516611947","2025","355","1255","415","59","2","12","23","1","2","0","6","10","3","657","2.6636216133333335"
"62066","Avondance",2017,37,10,27,1,0,26,"27.027027027027028",38,"31.428571428571473","22.85714285714289","1.375","0","0","0","0","1","0","0","1","0","0","0","0","0","0","0","0.6885407133333333"
"62067","Avroult",2017,463,53,410,9,3,398,"11.447084233261338",607,"38.506473371382995","19.4251635968444","1.9822985366073491","50","10","30","10","1","0","0","1","0","0","0","0","0","0","11","1.2097894466666665"
"62068","Ayette",2017,286,47,239,5,3,231,"16.433566433566433",324,"31.790123456790127","24.691358024691358","1.2875","20","5","10","5","0","0","0","0","0","0","0","0","0","0","5","1.1172859466666667"
"62069","Azincourt",2017,227,24,203,5,1,197,"10.572687224669604",307,"37.007048526277494","25.72017991454342","1.4388331904844855","20","0","15","0","5","2","0","2","0","0","0","0","0","1","5","1.2730814333333336"
"62070","Bailleul-Aux-Cornailles",2017,195,37,158,0,2,156,"18.974358974358974",263,"34.74903474903477","23.938223938223945","1.451612903225807","25","0","15","10","2","0","2","0","0","0","0","0","0","0","2","0.9735920266666667"
"62071","Bailleul-Lès-Pernes",2017,308,33,275,1,13,261,"10.714285714285714",422,"36.04938271604938","22.962962962962976","1.5698924731182784","25","5","15","5","3","0","0","2","0","0","0","1","0","0","8","1.0065040933333333"
"62072","Bailleulmont",2017,199,29,170,2,1,167,"14.572864321608039",240,"27.077597371252914","35.29215288255373","0.7672413032257496","10","0","5","5","0","0","0","0","0","0","0","0","0","0","4","1.04256628"
"62073","Bailleul-Sir-Berthoult",2017,1092,146,946,24,8,914,"13.36996336996337",1412,"34.82678133958173","22.863208709030484","1.5232674373403192","75","10","45","20","10","0","1","3","0","1","1","1","3","0","32","1.5218721866666667"
"62074","Bailleulval",2017,179,22,157,3,4,150,"12.290502793296088",240,"33.47826086956523","24.782608695652204","1.3508771929824552","10","5","5","0","1","0","0","0","0","0","0","1","0","0","4","0.9921304000000002"
"62075","Baincthun",2017,1094,158,936,14,5,917,"14.442413162705666",1291,"32.84475760964941","24.265530622059924","1.353556125403253","90","20","45","30","11","0","0","3","0","0","1","4","2","1","30","1.5996474466666666"
"62076","Bainghen",2017,165,29,136,4,1,131,"17.575757575757574",227,"33.4862385321101","23.853211009174313","1.403846153846154","15","0","10","5","4","0","1","1","0","0","0","1","1","0","3","0.9174107333333335"
"62077","Bajus",2017,280,56,224,3,2,219,"20",365,"37.26027397260274","21.095890410958905","1.7662337662337662","15","5","10","5","0","0","0","0","0","0","0","0","0","0","7","1.01539172"
"62078","Balinghem",2017,820,147,673,12,3,658,"17.926829268292682",1169,"38.77442683433798","17.844675116784515","2.172884996817183","90","20","40","30","3","0","1","1","0","0","0","1","0","0","23","1.4244329866666667"
"62079","Bancourt",2017,63,6,57,1,0,56,"9.523809523809524",87,"27.90697674418608","30.232558139534856","0.9230769230769251","5","0","5","0","4","1","0","0","0","2","1","0","0","0","0","0.30541315333333335"
"62080","Bapaume",2017,2126,499,1627,45,9,1573,"23.471307619943556",3887,"34.50747888593468","28.921173103192316","1.193156265232054","315","50","185","75","16","0","1","7","0","1","0","1","3","3","258","4.444163799999999"
"62081","Baralle",2017,406,75,331,12,2,317,"18.472906403940886",480,"33.66640933074727","24.00258347299685","1.4026160712500937","40","5","25","10","7","0","2","1","0","0","0","1","1","2","11","1.4488415000000001"
"62082","Barastre",2017,219,43,176,2,1,173,"19.63470319634703",307,"42.671009771986974","20.195439739413683","2.1129032258064515","20","5","15","5","1","0","0","0","0","0","0","1","0","0","5","1.1359052"
"62083","Barlin",2017,5882,1637,4245,83,35,4127,"27.830669840190414",7661,"37.930568413835026","24.84757628478234","1.5265299109702397","870","155","530","180","31","0","5","12","0","1","0","1","5","7","303","2.7258550466666667"
"62084","Barly",2017,183,26,157,2,2,153,"14.207650273224044",221,"30.110683999032762","28.590961269357194","1.0531539571320518","15","0","10","5","0","0","0","0","0","0","0","0","0","0","3","0.9015576933333332"
"62085","Basseux",2017,128,12,116,3,1,112,"9.375",137,"24.817518248175183","34.306569343065696","0.723404255319149","5","0","0","0","0","0","0","0","0","0","0","0","0","0","1","0.30541315333333335"
"62086","Bavincourt",2017,275,43,232,2,1,229,"15.636363636363637",378,"42.29618750718976","18.447809167800784","2.2927485384559625","35","5","20","5","3","1","1","0","0","0","0","0","1","0","9","1.4594156200000001"
"62087","Bayenghem-Lès-Eperlecques",2017,750,111,639,11,5,623,"14.799999999999999",1009,"37.82435129740506","17.564870259481026","2.153409090909085","75","10","40","25","2","0","1","1","0","0","0","0","0","0","16","1.1828154600000003"
"62088","Bayenghem-Lès-Seninghem",2017,245,35,210,7,3,200,"14.285714285714285",324,"35.18518518518518","25.617283950617285","1.3734939759036144","15","0","10","5","1","0","1","0","0","0","0","0","0","0","3","0.8136962600000001"
"62089","Bazinghen",2017,308,28,280,6,0,274,"9.090909090909092",393,"33.356625791315366","18.645211142176322","1.789018399253262","20","5","15","5","5","0","0","1","0","2","0","0","1","1","7","1.2177098533333335"
"62090","Béalencourt",2017,106,10,96,1,0,95,"9.433962264150944",130,"29.770992366412152","31.297709923664108","0.9512195121951205","10","5","5","0","2","2","0","0","0","0","0","0","0","0","2","1.0107496533333336"
"62091","Beaudricourt",2017,79,6,73,1,0,72,"7.59493670886076",90,"34.782608695652115","27.173913043478226","1.2799999999999994","5","0","5","0","0","0","0","0","0","0","0","0","0","0","0","0.09333892"
"62092","Beaufort-Blavincourt",2017,311,43,268,3,2,263,"13.826366559485532",397,"29.24381579798738","30.77283231400405","0.9503127791288536","15","5","10","5","1","0","0","1","0","0","0","0","0","0","5","0.7094367800000001"
"62093","Beaulencourt",2017,168,37,131,3,0,128,"22.023809523809522",235,"33.04721030042916","20.600858369098702","1.6041666666666663","25","0","10","10","0","0","0","0","0","0","0","0","0","0","3","1.27717282"
"62094","Beaumerie-Saint-Martin",2017,301,31,270,6,2,262,"10.299003322259136",397,"36.51579921188141","20.71210008977537","1.7630177072149056","25","5","10","10","4","2","1","1","0","0","0","0","0","0","7","1.2177098533333335"
"62095","Beaumetz-Lès-Aire",2017,182,32,150,5,3,142,"17.582417582417584",239,"37.65690376569037","24.686192468619247","1.5254237288135593","10","5","5","0","3","0","0","3","0","0","0","0","0","0","3","0.9015576933333332"
"62096","Beaumetz-Lès-Cambrai",2017,424,85,339,6,0,333,"20.047169811320757",581,"37.734008068083455","21.556325437510914","1.7504842454466378","55","10","35","10","3","0","1","0","0","0","1","1","0","0","13","1.35464902"
"62097","Beaumetz-Lès-Loges",2017,746,103,643,12,2,629,"13.80697050938338",999,"33.632734530938144","25.848303393213595","1.3011583011583006","70","15","35","20","11","0","2","3","1","0","0","0","5","0","21","1.5003661799999999"
"62099","Beaurains",2017,4365,929,3436,52,39,3345,"21.282932416953035",5662,"37.21080874961126","23.610819658139622","1.5760066481547652","495","90","310","95","37","1","4","18","0","1","0","5","4","4","179","2.3664745000000003"
"62100","Beaurainville",2017,1619,305,1314,34,5,1275,"18.83878937615812",2095,"33.30049503619475","28.53905324952184","1.166839514438086","155","35","80","40","10","1","0","1","0","1","0","4","1","2","73","2.3193365666666663"
"62101","Beauvois",2017,105,21,84,2,0,82,"20",142,"36.23188405797112","19.565217391304436","1.8518518518518492","10","5","5","0","0","0","0","0","0","0","0","0","0","0","0","0.46264315333333333"
"62102","Bécourt",2017,193,17,176,6,1,169,"8.808290155440414",272,"41.09090909090908","24","1.7121212121212117","15","0","10","5","1","0","0","0","0","0","0","0","0","1","4","0.8274973066666668"
"62103","Béhagnies",2017,110,16,94,0,0,94,"14.545454545454545",126,"39.682539682539684","27.77777777777778","1.4285714285714286","10","5","5","0","1","0","0","0","0","0","0","0","1","0","2","1.0687719666666666"
"62104","Bellebrune",2017,280,22,258,6,1,251,"7.857142857142857",400,"38.5690475609542","16.506356913409277","2.3366178111429208","25","5","15","5","2","0","1","1","0","0","0","0","0","0","7","1.1241338666666667"
"62105","Belle-Et-Houllefort",2017,412,45,367,4,5,358,"10.922330097087379",560,"33.92857142857143","24.642857142857146","1.3768115942028984","25","5","15","5","5","1","0","1","1","0","0","0","2","0","11","1.1243709333333336"
"62106","Bellonne",2017,199,31,168,5,2,161,"15.577889447236181",211,"25.925925925925924","31.944444444444475","0.8115942028985498","15","0","10","5","0","0","0","0","0","0","0","0","0","0","1","0.6679109466666666"
"62107","Bénifontaine",2017,305,30,275,2,2,271,"9.836065573770492",356,"31.953299706361975","24.682425451137238","1.2945769762221537","15","0","10","5","3","0","2","0","1","0","0","0","0","0","8","1.4838241333333333"
"62108","Berck",2017,11049,2800,8249,168,89,7992,"25.341659878722055",14189,"29.738404794888645","34.57683933616285","0.8600671827105425","1520","275","855","395","89","4","9","33","1","2","4","10","14","12","1121","5.297066073333332"
"62109","Bergueneuse",2017,149,22,127,1,3,123,"14.76510067114094",218,"34.56221198156682","29.032258064516103","1.1904761904761914","15","0","10","5","1","0","0","0","0","0","0","0","0","1","2","0.7966149533333334"
"62111","Berlencourt-Le-Cauroy",2017,188,19,169,0,1,168,"10.106382978723403",275,"39.402080218316726","24.66194409719668","1.597687516565069","25","0","15","10","0","0","0","0","0","0","0","0","0","0","5","1.3896316533333333"
"62112","Berles-Au-Bois",2017,423,73,350,6,0,344,"17.257683215130022",515,"32.23300970873787","27.96116504854369","1.1527777777777777","35","5","25","5","1","0","0","0","0","0","0","0","1","0","10","1.3310940666666666"
"62113","Berles-Monchel",2017,378,48,330,1,4,325,"12.698412698412698",488,"36.0655737704918","22.131147540983605","1.6296296296296295","30","5","20","5","3","0","1","1","1","0","0","0","0","0","8","1.1359052"
"62114","Bermicourt",2017,123,17,106,0,3,103,"13.821138211382115",165,"32.72727272727273","27.878787878787882","1.173913043478261","5","0","0","0","0","0","0","0","0","0","0","0","0","0","2","0.7764021466666667"
"62115","Berneville",2017,382,50,332,8,3,321,"13.089005235602095",480,"31.276595744680808","27.02127659574466","1.1574803149606294","30","5","15","10","3","0","0","2","0","0","0","0","1","0","8","0.9996561733333335"
"62116","Bernieulles",2017,163,27,136,8,1,127,"16.56441717791411",184,"34.59459459459456","29.72972972972977","1.163636363636361","10","5","0","5","1","1","0","0","0","0","0","0","0","0","2","1.04256628"
"62117","Bertincourt",2017,732,175,557,11,1,545,"23.90710382513661",918,"37.36383442265795","24.074074074074073","1.5520361990950227","70","15","35","25","9","3","0","3","0","0","0","2","1","0","19","1.44715252"
"62118","Béthonsart",2017,127,13,114,5,1,108,"10.236220472440944",147,"33.333333333333265","20.833333333333293","1.5999999999999999","20","5","10","5","3","1","0","1","0","0","0","1","0","0","2","1.04256628"
"62119","Béthune",2017,17459,5048,12411,218,133,12060,"28.9134543788304",24895,"39.56206781390078","23.657956664840192","1.6722521042020861","2910","520","1780","610","234","10","15","80","8","4","5","50","39","23","1797","5.006260313333333"
"62120","Beugin",2017,382,55,327,4,1,322,"14.397905759162304",471,"32.11991434689509","26.766595289079238","1.2000000000000004","30","10","20","5","5","0","1","1","0","0","0","1","2","0","7","0.9989968933333333"
"62121","Beugnâtre",2017,117,19,98,2,2,94,"16.23931623931624",170,"42.94117647058823","14.705882352941178","2.92","20","5","10","5","0","0","0","0","0","0","0","0","0","0","2","0.9297547133333334"
"62122","Beugny",2017,281,53,228,1,2,225,"18.86120996441281",376,"36.414565826330566","24.649859943977624","1.4772727272727268","20","10","5","5","0","0","0","0","0","0","0","0","0","0","8","1.2056891666666667"
"62123","Beussent",2017,406,62,344,6,6,332,"15.270935960591133",548,"35.250463821892446","25.231910946196674","1.3970588235294135","30","5","25","5","1","0","0","0","0","0","1","0","0","0","10","1.13683058"
"62124","Beutin",2017,329,51,278,7,0,271,"15.501519756838904",466,"40.57479017339106","17.54997879375711","2.311956649647027","35","10","25","0","2","0","0","0","0","0","0","1","1","0","9","1.2333444"
"62125","Beuvrequen",2017,373,49,324,5,2,317,"13.136729222520108",457,"34.657206436981916","22.795782056969802","1.5203341719257","25","5","15","5","0","0","0","0","0","0","0","0","0","0","10","1.35464902"
"62126","Beuvry",2017,7039,1785,5254,95,48,5111,"25.35871572666572",9442,"35.35630004176692","26.310070830968503","1.3438314274756906","880","150","530","195","51","3","10","17","0","2","1","9","3","6","419","3.14780842"
"62127","Bezinghem",2017,242,29,213,5,4,204,"11.983471074380166",363,"41.94983981263248","19.723060297674408","2.1269437490681344","20","5","10","5","3","1","0","1","0","0","0","0","0","1","7","1.1241338666666667"
"62128","Biache-Saint-Vaast",2017,3263,663,2600,43,15,2542,"20.318725099601593",4083,"35.47177713583274","23.95369032783328","1.480848113604269","345","65","205","80","21","1","6","6","0","1","0","2","1","4","128","2.09286142"
"62129","Biefvillers-Lès-Bapaume",2017,78,14,64,2,1,61,"17.94871794871795",94,"30.208333333333297","28.124999999999968","1.0740740740740742","10","0","5","5","1","0","0","0","0","1","0","0","0","0","0","1.1055646333333333"
"62130","Bienvillers-Au-Bois",2017,495,61,434,11,2,421,"12.323232323232324",643,"35.45878693623639","26.905132192846033","1.3179190751445087","50","5","30","15","4","0","0","4","0","0","0","0","0","0","14","1.3773685533333333"
"62131","Bihucourt",2017,259,41,218,1,6,211,"15.83011583011583",351,"38.84057971014496","21.159420289855092","1.835616438356164","15","0","5","5","1","0","0","1","0","0","0","0","0","0","5","0.9694917466666666"
"62132","Billy-Berclau",2017,3586,591,2995,49,22,2924,"16.480758505298382",4624,"36.548442906574394","22.296712802768166","1.6391852570320078","360","60","205","90","31","2","5","11","2","0","0","5","4","2","118","1.9952940800000003"
"62133","Billy-Montigny",2017,5380,1234,4146,68,33,4045,"22.936802973977695",8150,"41.987730061349694","19.852760736196316","2.11495673671199","980","205","615","165","27","1","5","7","0","1","1","7","3","2","415","3.715321326666666"
"62134","Bimont",2017,111,16,95,0,0,95,"14.414414414414415",114,"34.2342342342343","26.12612612612619","1.310344827586206","5","0","0","0","0","0","0","0","0","0","0","0","0","0","1","0.5745720266666666"
"62135","Blairville",2017,242,26,216,2,0,214,"10.743801652892563",314,"33.54822956322803","26.74285361658606","1.25447456147392","20","5","10","5","2","0","0","1","0","0","0","1","0","0","5","1.2563744"
"62137","Blangerval-Blangermont",2017,87,12,75,3,0,72,"13.793103448275861",106,"38.61386138613858","18.81188118811882","2.0526315789473655","10","0","10","0","0","0","0","0","0","0","0","0","0","0","0","0.7371531266666668"
"62138","Blangy-Sur-Ternoise",2017,578,112,466,10,4,452,"19.377162629757784",720,"30.44692737430174","31.84357541899445","0.9561403508771937","60","10","40","15","4","2","1","1","0","0","0","0","0","0","17","1.5218721866666667"
"62139","Blendecques",2017,3989,911,3078,55,20,3003,"22.837803960892455",5002,"35.957481327941665","24.113024253971428","1.4912057877609215","480","100","275","105","32","12","2","8","0","1","1","0","6","2","131","1.8612976066666669"
"62140","Bléquin",2017,392,70,322,5,4,313,"17.857142857142858",519,"43.97883539425093","16.45146263316902","2.673247745497225","30","5","20","5","2","0","1","0","0","0","0","0","1","0","6","0.9174107333333335"
"62141","Blessy",2017,616,91,525,3,5,517,"14.772727272727273",870,"35.08571428571426","20.228571428571474","1.734463276836153","40","10","30","5","4","1","1","0","0","1","0","0","1","0","18","1.3863849333333333"
"62142","Blingel",2017,114,26,88,0,3,85,"22.807017543859647",166,"40.251572327044094","27.672955974842818","1.4545454545454544","10","5","5","0","2","0","0","1","0","0","1","0","0","0","2","1.04256628"
"62143","Boffles",2017,31,8,23,2,0,21,"25.806451612903224",50,"38","32","1.1875","0","0","0","0","0","0","0","0","0","0","0","0","0","0","0","0.46799425333333333"
"62144","Boiry-Becquerelle",2017,363,32,331,0,3,328,"8.81542699724518",447,"35.86956521739131","23.260869565217416","1.542056074766354","15","5","5","5","6","0","1","3","1","0","0","0","1","0","10","1.4244329866666667"
"62145","Boiry-Notre-Dame",2017,375,51,324,2,5,317,"13.600000000000001",454,"32.29398663697104","28.953229398663687","1.1153846153846156","30","5","15","10","3","2","0","0","0","0","0","1","0","0","10","1.3808636"
"62146","Boiry-Saint-Martin",2017,218,40,178,4,1,173,"18.34862385321101",277,"36.19188713405549","27.15073113156048","1.3329986201360673","20","5","15","5","1","0","0","1","0","0","0","0","0","0","5","1.3349361"
"62147","Boiry-Sainte-Rictrude",2017,299,42,257,8,1,248,"14.046822742474916",406,"33.62117835220796","28.697753148467807","1.1715613476173141","20","5","10","5","2","0","1","1","0","0","0","0","0","0","7","1.1361731266666666"
"62148","Bois-Bernard",2017,670,117,553,6,5,542,"17.46268656716418",827,"32.406287787182585","25.997581620314392","1.2465116279069768","65","10","35","20","8","0","1","1","0","1","0","0","5","0","27","2.133650193333333"
"62149","Boisdinghem",2017,179,30,149,2,3,144,"16.75977653631285",249,"40.16064257028113","17.269076305220885","2.3255813953488373","10","0","5","0","3","0","0","1","0","0","0","1","1","0","3","0.9733240999999999"
"62150","Boisjean",2017,394,27,367,9,0,358,"6.852791878172589",505,"34.199999999999996","23.8","1.4369747899159662","30","5","15","10","2","0","0","0","0","0","0","1","0","1","6","0.8246136"
"62151","Boisleux-Au-Mont",2017,406,48,358,6,6,346,"11.822660098522167",517,"38.28125","21.875","1.75","35","5","25","5","1","0","0","1","0","0","0","0","0","0","8","1.1576283799999998"
"62152","Boisleux-Saint-Marc",2017,206,17,189,2,2,185,"8.25242718446602",251,"38.58267716535435","16.141732283464584","2.3902439024390225","20","10","5","5","0","0","0","0","0","0","0","0","0","0","2","0.8136962600000001"
"62153","Bomy",2017,483,64,419,8,5,406,"13.250517598343686",631,"34.23137876386688","24.722662440570524","1.3846153846153846","50","10","30","10","3","0","0","1","0","0","0","2","0","0","14","1.3655849333333334"
"62154","Bonnières",2017,547,99,448,10,0,438,"18.09872029250457",674,"35.164280338586344","29.105339228193642","1.208172839453579","40","5","25","10","1","0","0","0","0","0","0","0","0","1","14","1.3619764200000002"
"62155","Bonningues-Lès-Ardres",2017,490,61,429,6,4,419,"12.448979591836734",656,"35.211267605633836","23.630672926447556","1.4900662251655656","50","15","25","10","3","0","2","1","0","0","0","0","0","0","12","1.1201253733333334"
"62156","Bonningues-Lès-Calais",2017,464,51,413,5,2,406,"10.991379310344827",565,"32.86057105477168","25.31635657493126","1.2979976387009355","30","5","20","5","2","0","1","0","0","0","0","0","0","1","13","1.3790575333333335"
"62157","Boubers-Lès-Hesmond",2017,75,6,69,2,0,67,"8",88,"28.57142857142857","33.33333333333333","0.8571428571428571","0","0","0","0","0","0","0","0","0","0","0","0","0","0","0","0.3408838"
"62158","Boubers-Sur-Canche",2017,470,81,389,12,2,375,"17.23404255319149",589,"34.58262350936968","28.6201022146507","1.2083333333333364","45","10","25","5","2","0","1","1","0","0","0","0","0","0","16","1.6849507866666664"
"62160","Boulogne-Sur-Mer",2017,25989,7209,18780,289,150,18341,"27.738658663280617",40874,"40.179647655761414","23.7239976541379","1.6936288833578326","5610","980","3525","1110","289","8","19","117","9","13","14","49","27","33","3161","5.5287514"
"62161","Bouquehault",2017,514,108,406,9,2,395,"21.011673151750973",765,"40.58524173027987","16.15776081424938","2.5118110236220432","70","20","40","15","8","0","0","2","1","0","1","3","0","1","18","1.4244329866666667"
"62162","Bourecq",2017,405,49,356,3,2,351,"12.098765432098766",639,"39.92584583990134","20.83446204854849","1.9163367763883745","50","10","25","15","4","0","2","2","0","0","0","0","0","0","12","1.2147251466666666"
"62163","Bouret-Sur-Canche",2017,218,23,195,3,1,191,"10.550458715596331",256,"27.82258064516129","35.88709677419359","0.7752808988764035","15","0","10","5","3","1","0","1","0","0","0","0","0","1","4","1.14000548"
"62164","Bourlon",2017,842,96,746,18,6,722,"11.401425178147269",1156,"33.996539792387544","23.78892733564014","1.4290909090909092","100","15","55","25","7","0","0","1","0","2","1","1","1","1","27","1.6445584333333334"
"62165","Bournonville",2017,187,26,161,1,2,158,"13.903743315508022",240,"35.02109704641346","23.20675105485229","1.5090909090909093","10","5","5","0","2","0","0","0","0","0","0","1","0","1","4","0.9174107333333335"
"62166","Bours",2017,484,71,413,0,5,408,"14.669421487603307",617,"37.32185875623608","22.610645931708795","1.6506321344803565","40","10","25","5","6","0","1","5","0","0","0","0","0","0","30","3.1645608399999996"
"62167","Boursin",2017,180,9,171,3,5,163,"5",255,"38.43137254901961","18.43137254901961","2.0851063829787235","15","5","5","5","0","0","0","0","0","0","0","0","0","0","3","0.8504661933333334"
"62168","Bourthes",2017,580,74,506,10,14,482,"12.758620689655173",853,"38.92857142857139","21.54761904761904","1.8066298342541425","55","10","40","5","4","0","1","1","1","0","0","0","0","1","18","1.3538135999999998"
"62169","Bouvelinghem",2017,169,11,158,2,1,155,"6.508875739644971",219,"33.613445378151226","23.529411764705895","1.4285714285714266","20","0","5","10","0","0","0","0","0","0","0","0","0","0","3","0.9871947000000001"
"62170","Bouvigny-Boyeffles",2017,2038,373,1665,43,12,1610,"18.30225711481845",2403,"31.68745187005173","27.65597875689108","1.1457722089172535","125","30","60","40","14","0","2","7","0","0","0","2","1","2","58","1.57711932"
"62171","Boyaval",2017,96,10,86,3,2,81,"10.416666666666668",133,"43.18181818181827","20.45454545454549","2.111111111111112","10","5","5","0","1","0","0","1","0","0","0","0","0","0","1","0.38698074000000005"
"62172","Boyelles",2017,260,29,231,9,5,217,"11.153846153846155",358,"40.616246498599466","16.246498599439793","2.499999999999999","30","5","20","5","1","0","0","1","0","0","0","0","0","0","8","1.2804088333333334"
"62173","Brebières",2017,3794,721,3073,63,18,2992,"19.00369003690037",5023,"35.25096554104181","22.681454643294007","1.5541756953169712","440","100","235","105","32","3","2","11","1","1","1","8","0","5","128","1.7939504"
"62174","Brêmes",2017,1013,147,866,15,9,842,"14.511352418558737",1290,"31.3953488372093","28.527131782945737","1.1005434782608696","100","20","55","25","3","0","0","1","0","0","1","0","1","0","29","1.5218721866666667"
"62175","Brévillers",2017,123,27,96,4,0,92,"21.951219512195124",158,"32.075471698113226","27.67295597484278","1.1590909090909094","5","0","5","0","0","0","0","0","0","0","0","0","0","0","2","0.6138210466666667"
"62176","Bréxent-Enocq",2017,545,89,456,8,1,447,"16.3302752293578",681,"34.84246243367768","22.630804882199765","1.5396033245411866","50","5","30","10","2","0","1","0","1","0","0","0","0","0","15","1.4285332666666666"
"62177","Brimeux",2017,674,121,553,14,6,533,"17.95252225519288",847,"34.49585222011039","20.794160583740936","1.658920160839908","70","20","40","15","9","2","0","2","0","0","0","3","1","1","19","1.4403046000000002"
"62178","Bruay-La-Buissière",2017,15841,4693,11148,195,109,10844,"29.62565494602614",21831,"38.03224929966007","25.36338600277323","1.4994941643636077","2685","535","1660","490","121","3","13","57","2","4","4","21","8","9","1393","4.5226127866666666"
"62179","Brunembert",2017,294,37,257,4,4,249,"12.585034013605442",418,"40.909090909090914","17.703349282296653","2.310810810810811","25","5","15","5","3","0","0","2","0","0","0","0","1","0","8","1.1241338666666667"
"62180","Brias",2017,233,26,207,10,3,194,"11.158798283261802",294,"38.01369863013701","20.20547945205479","1.8813559322033913","15","5","5","5","1","0","0","1","0","0","0","0","0","0","4","1.0107496533333336"
"62181","Bucquoy",2017,1046,222,824,9,10,805,"21.223709369024856",1461,"39.891655976188225","22.053216385080123","1.8088815381676713","115","25","60","30","3","1","0","0","0","0","0","1","1","0","35","1.5146526266666667"
"62182","Buire-Au-Bois",2017,193,21,172,3,0,169,"10.880829015544041",230,"26.956521739130434","34.34782608695652","0.7848101265822784","10","0","5","5","0","0","0","0","0","0","0","0","0","0","3","1.0846339"
"62183","Buire-Le-Sec",2017,590,121,469,10,9,450,"20.508474576271183",777,"41.77654644379325","18.673188946196845","2.237247561954427","70","10","50","10","8","6","0","0","0","0","0","0","0","2","16","1.24952648"
"62184","Buissy",2017,190,31,159,1,0,158,"16.315789473684212",263,"39.543726235741445","15.96958174904943","2.4761904761904763","15","0","10","5","5","0","0","1","0","0","1","0","1","2","3","0.7751204666666667"
"62185","Bullecourt",2017,170,29,141,3,0,138,"17.058823529411764",236,"28.352116248929832","28.622065356325027","0.9905684965765218","15","0","5","5","2","0","0","0","0","1","0","1","0","0","2","0.9138831000000001"
"62186","Bully-Les-Mines",2017,9624,2731,6893,126,49,6718,"28.37697423108894",12163,"37.582846903376144","23.56483819527568","1.5948697203832622","1235","250","740","245","62","2","11","26","2","1","0","11","4","5","482","3.09369264"
"62187","Buneville",2017,142,20,122,12,0,110,"14.084507042253522",180,"36.26373626373628","19.780219780219774","1.8333333333333346","20","0","15","5","2","0","0","1","0","0","0","0","0","1","2","0.8511218133333335"
"62188","Burbure",2017,2209,304,1905,30,19,1856,"13.761883205070166",2865,"34.973821989528794","25.445026178010473","1.374485596707819","250","60","140","45","6","0","0","4","0","0","0","0","1","1","101","2.3619725533333336"
"62189","Bus",2017,93,18,75,1,0,74,"19.35483870967742",126,"45.8646616541354","13.53383458646616","3.3888888888888955","15","5","10","0","3","0","0","0","0","0","0","1","0","2","2","1.1870699133333333"
"62190","Busnes",2017,975,124,851,13,9,829,"12.717948717948719",1290,"31.582643272928212","26.62156517170494","1.186355613173947","65","10","35","15","7","0","0","2","1","0","0","0","3","1","27","1.3846959533333334"
"62191","Caffiers",2017,440,77,363,4,0,359,"17.5",749,"35.17656720503698","31.155043799616642","1.1290809742167596","80","15","50","15","4","0","1","1","0","0","0","1","1","0","12","1.06211274"
"62192","Cagnicourt",2017,297,29,268,6,0,262,"9.764309764309765",432,"36.574074074074076","20.13888888888889","1.8160919540229885","40","5","25","10","0","0","0","0","0","0","0","0","0","0","9","1.2221148533333333"
"62193","Calais",2017,50977,14812,36165,614,338,35213,"29.05624104988524",73911,"43.441837461850206","21.158573196952556","2.053155336017982","9705","1835","5800","2065","402","19","25","172","9","12","13","61","39","52","4984","4.639035453333333"
"62194","Calonne-Ricouart",2017,4404,1184,3220,57,44,3119,"26.88465031789282",5454,"37.18371837183718","24.752475247524753","1.5022222222222221","675","140","400","140","23","1","5","8","0","1","0","2","2","4","210","2.7262742133333333"
"62195","Calonne-Sur-La-Lys",2017,1226,196,1030,23,6,1001,"15.98694942903752",1545,"34.692556634304204","24.724919093851135","1.4031413612565444","115","30","65","25","8","1","3","2","0","0","0","1","1","0","33","1.4437889866666667"
"62196","La Calotterie",2017,470,51,419,4,6,409,"10.851063829787234",643,"36.87899509118797","23.209407440032763","1.588967541996665","45","10","20","15","4","0","0","1","0","0","2","1","0","0","14","1.3310940666666666"
"62197","Camblain-Châtelain",2017,1301,314,987,18,7,962,"24.135280553420447",1764,"39.1156462585034","23.015873015873016","1.6995073891625616","170","30","120","25","7","0","1","3","0","0","1","0","1","1","46","1.7321751799999998"
"62198","Cambligneul",2017,276,39,237,5,1,231,"14.130434782608695",337,"31.94029850746264","27.164179104477583","1.1758241758241754","20","0","15","5","1","0","0","0","0","0","0","1","0","0","7","1.1748068133333334"
"62199","Camblain-L'Abbé",2017,499,76,423,4,1,418,"15.230460921843688",650,"32.852798009336865","27.921649307861152","1.1766066412161182","35","0","20","15","4","0","0","0","0","0","0","1","2","1","14","1.35464902"
"62200","Cambrin",2017,822,104,718,14,2,702,"12.652068126520682",1244,"41.69619892324027","19.671090718670765","2.11966888463711","100","20","55","25","8","1","1","2","0","0","0","3","1","0","31","1.6695920933333332"
"62201","Camiers",2017,2188,436,1752,35,10,1707,"19.926873857404022",2717,"30.100180548576628","31.37040530921378","0.9595088189611604","270","55","155","60","22","2","0","9","0","0","1","5","2","3","98","2.3489304200000003"
"62202","Campagne-Lès-Boulonnais",2017,443,64,379,1,6,372,"14.446952595936793",634,"43.987793951721926","21.82491952289853","2.0154848179655507","40","10","25","10","4","2","0","1","1","0","0","0","0","0","13","1.2799293533333334"
"62203","Campagne-Lès-Guines",2017,364,80,284,4,1,279,"21.978021978021978",445,"35.561731059847915","20.49209978941486","1.7353873651453344","25","5","5","15","2","0","0","0","0","0","1","0","0","1","6","0.9167260333333334"
"62204","Campagne-Lès-Hesdin",2017,1171,165,1006,32,12,962,"14.090520922288643",1920,"35.46471223520187","26.744554119880252","1.32605359865916","135","25","70","35","12","0","1","7","0","1","0","2","1","0","63","2.1389214"
"62205","Campagne-Lès-Wardrecques",2017,1010,117,893,14,4,875,"11.584158415841586",1243,"34.778248333259896","22.235113117497395","1.5641138477452574","65","10","40","20","4","0","1","0","0","0","0","2","1","0","29","1.5083044666666665"
"62206","Campigneulles-Les-Grandes",2017,243,43,200,3,1,196,"17.695473251028808",299,"35.67648299616861","20.066738390164016","1.7778914690817875","15","5","10","5","2","0","0","0","0","0","1","0","0","1","4","1.0244888133333334"
"62207","Campigneulles-Les-Petites",2017,496,68,428,9,5,414,"13.709677419354838",552,"30.316073924428167","30.75067774595804","0.9858668538911473","35","10","15","10","5","0","1","1","0","0","0","2","0","1","13","1.4023283666666666"
"62208","Canettemont",2017,52,4,48,5,0,43,"7.6923076923076925",70,"37.142857142857146","28.57142857142857","1.3","5","0","0","0","0","0","0","0","0","0","0","0","0","0","0","0.7764021466666667"
"62209","Canlers",2017,123,9,114,1,1,112,"7.317073170731707",159,"31.446540880503143","22.0125786163522","1.4285714285714286","20","0","10","5","0","0","0","0","0","0","0","0","0","0","1","0.6837225066666667"
"62210","Canteleux",2017,13,2,11,0,0,11,"15.384615384615385",NULL,NULL,NULL,NULL,NULL,NULL,NULL,NULL,NULL,NULL,NULL,NULL,NULL,NULL,NULL,NULL,NULL,NULL,NULL,NULL
"62211","Capelle-Fermont",2017,173,23,150,1,4,145,"13.294797687861271",217,"37.78801843317972","19.35483870967742","1.9523809523809523","15","0","10","5","3","0","1","2","0","0","0","0","0","0","1","0.82120346"
"62212","Capelle-Lès-Hesdin",2017,345,37,308,11,2,295,"10.72463768115942",485,"39.478957915831586","19.839679358717433","1.989898989898986","45","5","25","10","1","0","0","0","0","0","0","0","0","1","9","1.1961682"
"62213","Carency",2017,627,95,532,15,5,512,"15.151515151515152",750,"33.5897435897436","25.384615384615362","1.3232323232323246","35","5","20","10","4","1","0","2","0","0","0","0","1","0","16","1.45208822"
"62214","Carly",2017,432,48,384,6,6,372,"11.11111111111111",551,"34.02370645001345","24.053073532416278","1.4145263558172625","30","5","15","10","5","0","0","2","0","0","0","1","2","0","13","1.3746731333333335"
"62215","Carvin",2017,12785,3020,9765,200,79,9486,"23.621431364880717",17124,"37.39392647661031","22.90575437527138","1.632512331354609","1830","285","1125","420","101","7","9","35","5","6","3","15","12","9","815","3.5509058933333337"
"62216","La Cauchie",2017,158,22,136,1,0,135,"13.924050632911392",211,"34.59715639810427","22.748815165876778","1.5208333333333333","10","0","10","0","6","0","0","3","0","0","0","3","0","0","3","1.3031283666666666"
"62217","Cauchy-À-La-Tour",2017,2136,410,1726,37,15,1674,"19.194756554307116",2814,"35.44158985926274","25.505792311956892","1.3895506332750946","285","45","170","70","10","0","1","4","0","0","0","1","1","3","76","1.8282402733333334"
"62218","Caucourt",2017,264,18,246,6,1,239,"6.8181818181818175",346,"33.81502890173411","20.809248554913296","1.625","20","5","10","5","4","0","0","3","0","0","0","0","0","1","4","0.7023417599999999"
"62219","Caumont",2017,152,20,132,1,2,129,"13.157894736842104",162,"25.925925925925924","32.098765432098766","0.8076923076923077","10","0","5","0","2","2","0","0","0","0","0","0","0","0","2","1.1123502466666666"
"62220","Cavron-Saint-Martin",2017,360,48,312,3,6,303,"13.333333333333334",457,"35.44547908923967","23.28442821284444","1.5222825643485978","35","5","20","5","2","0","0","2","0","0","0","0","0","0","8","1.1870699133333333"
"62221","Chelers",2017,217,33,184,4,4,176,"15.207373271889402",259,"33.864541832669346","23.50597609561754","1.4406779661016949","15","5","10","0","0","0","0","0","0","0","0","0","0","0","4","1.2174727866666666"
"62222","Chériennes",2017,123,14,109,3,1,105,"11.38211382113821",155,"29.03225806451613","35.483870967741936","0.8181818181818182","10","0","10","0","2","0","0","2","0","0","0","0","0","0","2","0.7764021466666667"
"62223","Chérisy",2017,221,17,204,3,3,198,"7.6923076923076925",293,"38.59060402684567","20.46979865771809","1.8852459016393484","15","5","5","5","3","0","0","1","0","0","0","0","1","1","5","1.1870699133333333"
"62224","Chocques",2017,2509,573,1936,43,24,1869,"22.837783977680353",2881,"34.63569165786691","25.90637099612812","1.336956521739129","225","45","135","45","12","1","2","3","0","0","0","4","1","1","67","1.5728964466666666"
"62225","Clairmarais",2017,499,70,429,5,2,422,"14.02805611222445",624,"26.567656765676574","30.198019801980198","0.8797814207650274","45","5","20","15","2","0","0","1","1","0","0","0","0","0","16","1.5855024733333332"
"62227","Clenleu",2017,159,24,135,2,0,133,"15.09433962264151",195,"39.19597989949749","21.105527638190942","1.8571428571428583","10","0","5","5","2","0","0","2","0","0","0","0","0","0","2","1.04256628"
"62228","Clerques",2017,232,28,204,7,0,197,"12.068965517241379",327,"38.434467442250515","23.443647076519117","1.6394406261449834","15","5","10","5","2","1","0","0","0","0","0","1","0","0","6","1.14000548"
"62229","Cléty",2017,557,61,496,10,6,480,"10.951526032315979",772,"39.185750636132255","18.320610687022924","2.1388888888888826","60","10","45","10","3","0","0","2","0","0","0","1","0","0","18","1.44715252"
"62230","Colembert",2017,624,64,560,2,8,550,"10.256410256410255",942,"41.482350395609274","16.36947172931379","2.5341288394373995","65","10","45","10","5","0","1","3","0","0","0","0","0","1","17","1.2681457333333335"
"62231","Colline-Beaumont",2017,134,24,110,1,2,107,"17.91044776119403",137,"26.277372262773724","37.22627737226277","0.7058823529411765","5","0","0","0","0","0","0","0","0","0","0","0","0","0","1","0.8069370933333334"
"62232","La Comté",2017,653,76,577,14,7,556,"11.638591117917304",935,"35.87183981536652","20.719953958015708","1.7312702474171842","55","10","30","15","5","0","0","2","0","0","0","0","0","3","17","1.2686375"
"62233","Conchil-Le-Temple",2017,936,182,754,15,4,735,"19.444444444444446",1135,"35.43653868761533","22.469506570513992","1.5770946538771597","90","25","50","20","4","0","0","1","1","0","1","0","0","1","20","1.2134642933333335"
"62234","Conchy-Sur-Canche",2017,167,19,148,1,0,147,"11.377245508982035",216,"31.531531531531527","29.27927927927927","1.076923076923077","15","0","10","5","1","0","0","1","0","0","0","0","0","0","3","1.24952648"
"62235","Condette",2017,2219,378,1841,26,5,1810,"17.034700315457414",2506,"27.85315243415802","34.03830806065443","0.8182883939038686","140","20","75","40","26","0","2","10","0","0","1","6","3","4","64","2.035868693333333"
"62236","Contes",2017,257,18,239,4,9,226,"7.003891050583658",331,"32.93413173652695","29.341317365269454","1.122448979591837","25","5","15","5","0","0","0","0","0","0","0","0","0","0","6","1.05735318"
"62237","Conteville-Lès-Boulogne",2017,361,25,336,6,1,329,"6.9252077562326875",478,"29.0920879653418","24.909062275415643","1.1679318813239572","30","5","15","5","2","0","0","1","0","0","0","0","0","1","7","0.9871947000000001"
"62238","Conteville-En-Ternois",2017,69,11,58,2,0,56,"15.942028985507244",91,"33.720930232558196","27.906976744186075","1.2083333333333341","5","0","5","5","0","0","0","0","0","0","0","0","0","0","0","0.30541315333333335"
"62239","Coquelles",2017,2042,399,1643,26,11,1606,"19.539666993143975",2611,"30.508797138728344","33.339407196034706","0.9150971689249763","155","35","90","35","32","0","2","16","0","1","3","0","8","2","239","6.289771020000002"
"62240","Corbehem",2017,1611,308,1303,26,7,1270,"19.118559900682804",2366,"38.212127624311115","23.255001546831217","1.6431788898125441","190","35","110","40","9","0","1","3","0","0","0","2","2","1","61","1.7553280599999999"
"62241","Cormont",2017,240,40,200,4,2,194,"16.666666666666664",319,"39.42307692307689","23.39743589743588","1.6849315068493151","20","5","15","5","3","1","0","0","0","0","1","0","1","0","3","1.02032742"
"62242","Couin",2017,88,17,71,1,1,69,"19.318181818181817",113,"39.44954128440363","22.01834862385315","1.7916666666666696","10","0","5","5","0","0","0","0","0","0","0","0","0","0","0","0.26616413333333333"
"62243","Coullemont",2017,94,7,87,1,0,86,"7.446808510638298",122,"36.0655737704918","27.049180327868854","1.3333333333333333","5","0","5","0","0","0","0","0","0","0","0","0","0","0","0","0.2600203"
"62244","Coulogne",2017,4600,983,3617,56,33,3528,"21.369565217391305",5372,"31.668824180576955","29.69185731340614","1.0665827956231688","500","100","260","145","31","1","2","14","1","1","2","3","3","4","154","2.062372953333333"
"62245","Coulomby",2017,541,101,440,14,4,422,"18.66913123844732",737,"43.638502111031336","15.292814250650583","2.8535298602201276","40","5","25","10","2","0","0","1","0","0","0","0","1","0","7","0.6531448733333334"
"62246","Coupelle-Neuve",2017,145,23,122,4,1,117,"15.862068965517242",161,"36.70886075949354","21.518987341772146","1.7058823529411709","10","5","5","0","0","0","0","0","0","0","0","0","0","0","0","0.51031282"
"62247","Coupelle-Vieille",2017,415,53,362,2,11,349,"12.771084337349398",601,"38.935108153078204","24.958402662229616","1.56","40","10","20","10","5","0","0","3","0","1","0","0","1","0","13","1.3193324133333333"
"62248","Courcelles-Le-Comte",2017,351,38,313,10,3,300,"10.826210826210826",461,"36.77113253877272","21.722226140346304","1.6927884048898179","30","10","15","5","3","1","0","1","0","0","0","1","0","0","8","1.0521351533333336"
"62249","Courcelles-Lès-Lens",2017,4614,1052,3562,61,31,3470,"22.800173385348938",7774,"43.412904682967074","17.393838095999094","2.495878393449739","835","140","555","145","45","2","2","19","0","1","1","12","3","5","262","2.613450246666667"
"62250","Courrières",2017,7876,1994,5882,107,79,5696,"25.317420010157438",10512,"37.0976468058496","24.773934394563284","1.4974467202105286","1115","210","660","245","69","8","4","24","0","2","1","13","9","8","474","3.34412426"
"62251","Courset",2017,404,52,352,6,2,344,"12.871287128712872",515,"34.1747572815534","24.271844660194176","1.408","25","5","15","5","1","0","1","0","0","0","0","0","0","0","7","1.0148499333333334"
"62252","La Couture",2017,2164,324,1840,30,8,1802,"14.972273567467653",2764,"33.45263411816241","24.656902175835125","1.3567249397188064","180","30","105","45","11","2","0","2","0","0","0","2","3","2","64","1.9168567266666667"
"62253","Couturelle",2017,67,7,60,1,1,58,"10.44776119402985",65,"24.28571428571423","31.428571428571466","0.77272727272727","10","0","5","5","0","0","0","0","0","0","0","0","0","0","0","0.14100858666666666"
"62254","Coyecques",2017,479,81,398,3,11,384,"16.910229645093946",606,"33.4983498349835","25.577557755775576","1.3096774193548386","45","10","25","10","0","0","0","0","0","0","0","0","0","0","10","1.1123502466666666"
"62255","Crémarest",2017,590,77,513,13,6,494,"13.050847457627118",786,"39.30231975618468","20.099227447702862","1.9554144485626255","50","15","25","10","1","0","0","1","0","0","0","0","0","0","13","1.0019816000000001"
"62256","Crépy",2017,122,16,106,0,0,106,"13.114754098360656",149,"28.47682119205302","35.76158940397346","0.7962962962962986","5","0","5","5","0","0","0","0","0","0","0","0","0","0","2","0.9321976333333334"
"62257","Créquy",2017,381,80,301,11,5,285,"20.99737532808399",485,"33.86328451873399","27.203191088659363","1.2448276530635087","35","10","15","15","1","0","1","0","0","0","0","0","0","0","8","1.14000548"
"62258","Croisette",2017,229,31,198,4,3,191,"13.537117903930133",278,"30.215827338129497","34.172661870503596","0.8842105263157894","20","5","10","5","1","0","0","1","0","0","0","0","0","0","4","1.0603232866666665"
"62259","Croisilles",2017,1206,129,1077,18,13,1046,"10.696517412935323",1929,"39.00632492524515","23.110762228402432","1.6877991534743737","130","20","90","20","12","3","1","1","0","0","0","4","2","1","53","1.7910785999999999"
"62260","Croix-En-Ternois",2017,234,42,192,1,0,191,"17.94871794871795",322,"40.993788819875775","18.32298136645963","2.23728813559322","30","10","20","5","3","0","1","2","0","0","0","0","0","0","3","0.9284129799999999"
"62261","Cucq",2017,4245,805,3440,16,54,3370,"18.963486454652532",5121,"26.396752548094955","38.700261007997746","0.6820820289206793","460","75","265","120","53","3","5","13","1","2","5","14","6","4","203","2.554811606666667"
"62262","Cuinchy",2017,1298,218,1080,23,7,1050,"16.79506933744222",1741,"33.94829484197995","25.6129534146693","1.3254346069491838","105","25","60","25","5","0","0","0","1","0","0","1","2","1","48","1.8161796866666664"
"62263","Dainville",2017,4459,725,3734,66,37,3631,"16.259250953128504",5646,"27.240142972348853","38.161640405661885","0.713809539704885","310","45","185","80","28","0","1","11","2","2","1","3","7","1","170","2.1303623"
"62264","Dannes",2017,1044,202,842,10,10,822,"19.34865900383142",1316,"35.30314658480434","25.4796623177283","1.385542168674701","135","25","85","25","4","0","1","3","0","0","0","0","0","0","32","1.6344098533333333"
"62265","Delettes",2017,872,109,763,13,5,745,"12.5",1178,"39.30390492359932","18.845500848896435","2.0855855855855854","95","15","55","20","6","0","2","3","0","0","0","1","0","0","21","1.2681457333333335"
"62266","Denier",2017,57,13,44,1,4,39,"22.807017543859647",86,"47.43589743589743","17.94871794871795","2.6428571428571423","5","0","5","0","0","0","0","0","0","0","0","0","0","0","0","0.6787868066666668"
"62267","Dennebroeucq",2017,291,33,258,6,1,251,"11.34020618556701",389,"36.760925449871465","23.65038560411311","1.5543478260869565","35","5","25","5","3","1","0","1","1","0","0","0","0","0","12","2.07717496"
"62268","Desvres",2017,3488,865,2623,43,32,2548,"24.799311926605505",4985,"36.822901594872725","28.15003253448951","1.3080944595626023","515","85","325","110","30","1","4","10","2","2","1","4","3","3","200","2.664981906666667"
"62269","Diéval",2017,577,99,478,6,2,470,"17.157712305025996",750,"36.11647029810507","23.954176709041153","1.5077316468352442","55","5","30","15","4","2","0","2","0","0","0","0","0","0","17","1.5218721866666667"
"62270","Divion",2017,5356,1648,3708,52,40,3616,"30.76923076923077",6978,"39.52421897391803","23.617082258526796","1.6735436893203883","835","190","500","145","22","1","0","15","0","0","0","0","2","4","295","3.2736386933333335"
"62271","Dohem",2017,546,61,485,11,3,471,"11.172161172161173",828,"40.35523307149087","20.80912760994635","1.939304416212137","60","10","35","15","3","0","0","2","0","0","0","1","0","0","17","1.2563744"
"62272","Douchy-Lès-Ayette",2017,226,37,189,4,1,184,"16.371681415929203",308,"32.467532467532465","27.27272727272727","1.1904761904761905","25","0","20","5","1","0","0","0","0","0","0","0","0","1","5","1.2845091133333333"
"62273","Doudeauville",2017,426,38,388,8,3,377,"8.92018779342723",600,"41.833333333333336","19","2.2017543859649122","35","5","20","5","0","0","0","0","0","0","0","0","0","0","10","1.1050228466666667"
"62274","Dourges",2017,4296,919,3377,30,53,3294,"21.39199255121043",5891,"39.61975895433712","19.96265489730097","1.9846938775510203","565","120","330","120","33","1","5","17","0","0","3","2","4","1","234","2.9129713933333337"
"62275","Douriez",2017,211,30,181,1,0,180,"14.218009478672986",326,"32.67326732673272","23.102310231023136","1.4142857142857141","30","5","15","5","1","0","0","1","0","0","0","0","0","0","4","1.0369642333333333"
"62276","Douvrin",2017,4200,949,3251,66,32,3153,"22.595238095238095",5407,"38.58024407024679","21.06186375225512","1.8317583156009145","485","70","315","105","41","0","6","15","2","0","1","6","7","4","145","1.9555004666666667"
"62277","Drocourt",2017,2188,526,1662,30,22,1610,"24.04021937842779",2936,"38.99709231468573","22.79661817364322","1.7106525194940108","280","60","180","40","17","0","3","9","0","0","0","2","3","0","78","2.013571413333333"
"62278","Drouvin-Le-Marais",2017,448,68,380,4,9,367,"15.178571428571427",594,"35.77235772357729","18.04878048780488","1.9819819819819846","30","5","20","5","2","0","0","0","0","0","0","1","0","1","12","1.2030038333333333"
"62279","Duisans",2017,1091,155,936,10,9,917,"14.207149404216315",1309,"33.028553587066995","25.655275052853945","1.2873981479061491","75","10","45","20","18","1","1","2","0","3","2","6","1","2","30","1.55384354"
"62280","Dury",2017,269,35,234,7,0,227,"13.011152416356877",350,"35.302832648292245","17.46425243887518","2.0214339418106797","30","5","20","5","4","1","0","0","0","0","1","0","1","1","6","1.2087047333333334"
"62281","Echinghen",2017,276,28,248,5,0,243,"10.144927536231885",390,"24.56477605930793","24.50051985294014","1.0026226466521313","25","5","10","10","2","0","0","0","1","0","0","0","1","0","8","1.2056891666666667"
"62282","Eclimeux",2017,139,23,116,1,1,114,"16.546762589928058",176,"31.28491620111733","26.25698324022344","1.1914893617021292","15","0","10","5","1","1","0","0","0","0","0","0","0","0","1","0.6531448733333334"
"62283","Ecoivres",2017,95,13,82,2,0,80,"13.684210526315791",131,"35.87786259541985","16.030534351145036","2.238095238095238","10","5","5","0","0","0","0","0","0","0","0","0","0","0","1","0.5241361466666666"
"62284","Ecourt-Saint-Quentin",2017,1337,242,1095,27,7,1061,"18.100224382946898",1672,"31.51335311572703","29.436201780415406","1.070564516129034","155","25","95","40","7","1","1","4","0","0","0","1","0","0","37","1.4642870799999999"
"62285","Ecoust-Saint-Mein",2017,367,39,328,2,2,324,"10.626702997275205",491,"35.88103299364116","22.05699313279763","1.6267418127944144","25","5","15","10","4","2","0","1","0","0","0","0","0","1","12","1.4594156200000001"
"62286","Ecquedecques",2017,360,51,309,2,1,306,"14.166666666666666",513,"33.60242770772089","26.390626732138095","1.2732713038148644","30","5","20","5","1","0","0","1","0","0","0","0","0","0","9","1.160583666666667"
"62288","Ecques",2017,1658,231,1427,23,19,1385,"13.932448733413752",2139,"34.58926203824792","21.65260771220558","1.5974640328772016","130","30","70","30","10","2","1","3","0","0","0","3","0","1","49","1.5218721866666667"
"62289","Ecuires",2017,561,79,482,14,2,466,"14.08199643493761",717,"32.49651324965133","28.451882845188287","1.142156862745098","35","10","20","10","1","0","0","0","0","0","0","1","0","0","12","1.07628806"
"62290","Ecurie",2017,290,32,258,7,1,250,"11.03448275862069",386,"32.80839895013125","24.67191601049869","1.3297872340425538","20","0","15","5","1","0","0","1","0","0","0","0","0","0","8","1.2872567533333334"
"62291","Eleu-Dit-Leauwette",2017,2105,480,1625,34,16,1575,"22.802850356294538",2920,"35.1153592165769","25.70580560991521","1.3660478006194927","285","45","180","60","12","0","1","6","2","0","0","1","1","1","90","2.376668526666667"
"62292","Elnes",2017,676,106,570,7,7,556,"15.680473372781064",914,"39.597315436241594","20.13422818791951","1.966666666666661","80","15","45","15","4","0","0","2","0","0","0","0","1","1","17","1.2613101"
"62293","Embry",2017,173,21,152,2,0,150,"12.138728323699421",239,"34.32203389830511","35.59322033898309","0.9642857142857139","20","5","10","5","1","0","0","1","0","0","0","0","0","0","4","1.1429901866666667"
"62295","Enquin-Lez-Guinegatte",2017,1184,201,983,16,17,950,"16.97635135135135",1616,"37.76806313477425","21.114627584856475","1.7887155708993758","115","25","70","20","13","3","1","5","0","1","1","0","1","1","35","1.4721123333333332"
"62296","Enquin-Sur-Baillons",2017,163,14,149,2,1,146,"8.588957055214724",280,"37.857142857142854","23.57142857142857","1.606060606060606","25","0","15","5","0","0","0","0","0","0","0","0","0","0","3","0.9395250333333333"
"62297","Eperlecques",2017,2525,417,2108,38,19,2051,"16.514851485148515",3640,"39.53296703296703","20.247252747252748","1.9525101763907735","280","45","170","65","21","0","3","8","1","1","1","2","2","3","83","1.5224315800000001"
"62298","Epinoy",2017,389,62,327,5,2,320,"15.938303341902312",546,"39.010989010989015","19.78021978021978","1.9722222222222223","40","5","25","10","7","0","0","4","1","0","0","2","0","0","14","1.4912233533333332"
"62299","Eps",2017,203,21,182,2,1,179,"10.344827586206897",250,"33.734939759036195","28.11244979919686","1.1999999999999988","20","5","10","5","0","0","0","0","0","0","0","0","0","0","2","0.7314730533333335"
"62300","Equihen-Plage",2017,2181,457,1724,37,15,1672,"20.953690967446125",2738,"37.28822818747045","25.681071508569776","1.4519732237429175","315","70","185","60","12","0","1","6","0","0","0","1","2","2","73","1.7647321866666665"
"62301","Equirre",2017,58,10,48,2,1,45,"17.24137931034483",76,"26.25","45","0.5833333333333333","5","0","0","0","1","0","0","1","0","0","0","0","0","0","0","0.12515554666666667"
"62302","Ergny",2017,167,25,142,6,0,136,"14.97005988023952",233,"33.90557939914164","28.75536480686695","1.1791044776119404","15","0","15","0","1","0","1","0","0","0","0","0","0","0","3","0.9174107333333335"
"62303","Erin",2017,166,34,132,0,6,126,"20.481927710843372",234,"43.85964912280702","18.859649122807003","2.3255813953488396","20","5","10","0","0","0","0","0","0","0","0","0","0","0","3","0.9174107333333335"
"62304","Erny-Saint-Julien",2017,258,37,221,4,3,214,"14.34108527131783",325,"34.39636605003634","31.002775158609847","1.1094608748431365","20","5","10","5","1","0","0","1","0","0","0","0","0","0","2","0.6193458066666667"
"62306","Ervillers",2017,294,47,247,4,3,240,"15.98639455782313",399,"32.908163265306094","27.551020408163257","1.194444444444444","25","5","15","10","4","1","0","0","0","1","0","2","0","0","9","1.3349361"
"62307","Escalles",2017,198,28,170,8,1,161,"14.14141414141414",228,"26.728110599078292","33.64055299539167","0.7945205479452047","20","5","10","5","4","0","1","0","0","0","1","0","1","1","3","1.18706102"
"62308","Escoeuilles",2017,364,53,311,7,7,297,"14.560439560439562",479,"40.709812108559504","16.075156576200417","2.5324675324675323","40","10","20","10","2","1","0","1","0","0","0","0","0","0","8","1.1241338666666667"
"62309","Esquerdes",2017,1177,186,991,20,11,960,"15.80288870008496",1629,"38.06015960712094","23.32719459791283","1.631578947368421","140","30","80","25","5","0","0","0","1","0","0","1","2","1","38","1.55367992"
"62310","Essars",2017,1416,244,1172,14,5,1153,"17.231638418079097",1725,"32.516649315023535","27.174127873349583","1.1966032347596889","120","25","70","25","8","0","1","2","0","0","0","3","2","0","42","1.5726717266666665"
"62311","Estevelles",2017,1553,301,1252,18,10,1224,"19.381841596909208",2044,"39.333006375674415","17.557626287395806","2.2402234636871516","170","30","105","35","14","1","0","5","1","0","0","3","2","2","55","2.20765928"
"62312","Estrée",2017,200,24,176,8,1,167,"12",290,"35.05154639175259","28.865979381443307","1.2142857142857142","10","5","5","0","0","0","0","0","0","0","0","0","0","0","4","1.09641752"
"62313","Estrée-Blanche",2017,706,150,556,10,6,540,"21.246458923512748",951,"39.80370774263903","22.355507088331507","1.7804878048780488","105","25","55","25","6","2","1","2","0","0","0","1","0","0","20","1.5218721866666667"
"62314","Estrée-Cauchy",2017,283,40,243,11,6,226,"14.13427561837456",373,"35.71428571428574","21.70329670329671","1.645569620253165","15","5","10","5","3","0","2","1","0","0","0","0","0","0","6","0.9395250333333333"
"62315","Estréelles",2017,275,32,243,6,1,236,"11.636363636363637",352,"36.07954545454545","18.181818181818183","1.984375","15","0","10","5","1","0","0","1","0","0","0","0","0","0","7","1.1983617666666668"
"62316","Estrée-Wamin",2017,167,32,135,3,1,131,"19.16167664670659",172,"30.00000000000011","30.000000000000053","1.000000000000002","5","0","5","5","3","0","1","1","0","1","0","0","0","0","2","0.9951459666666668"
"62317","Etaing",2017,309,47,262,4,2,256,"15.210355987055015",450,"36.703296703296736","18.241758241758244","2.0120481927710854","30","5","20","5","2","0","1","1","0","0","0","0","0","0","11","1.5218721866666667"
"62318","Etaples",2017,8177,2112,6065,112,61,5892,"25.8285434756023",10865,"36.51749217445292","25.650656849635073","1.4236474484267427","1205","245","715","250","66","3","9","23","2","4","2","11","8","4","590","3.7125474333333335"
"62319","Eterpigny",2017,214,22,192,3,0,189,"10.2803738317757",258,"34.10852713178294","24.031007751937985","1.4193548387096775","20","5","10","5","5","0","0","3","0","0","2","0","0","0","2","0.8136962600000001"
"62320","Etrun",2017,237,26,211,5,0,206,"10.970464135021098",314,"32.366586695041526","25.68865602920529","1.2599564048132426","15","0","10","5","3","1","0","1","0","1","0","0","0","0","4","1.07320622"
"62321","Evin-Malmaison",2017,3319,830,2489,41,15,2433,"25.00753238927388",4551,"39.08157764295392","21.391407845348493","1.8269754812538956","485","95","300","90","24","0","4","11","1","0","2","0","3","3","173","3.4321906199999996"
"62322","Famechon",2017,96,13,83,0,0,83,"13.541666666666666",120,"36.206896551724085","27.586206896551758","1.3124999999999964","5","0","5","0","0","0","0","0","0","0","0","0","0","0","1","0.5931498000000001"
"62323","Fampoux",2017,913,115,798,19,4,775,"12.595837897042717",1181,"34.25229741019212","23.057644110275664","1.4855072463768122","70","10","45","15","8","0","1","2","0","1","0","2","1","1","24","1.4594156200000001"
"62324","Farbus",2017,475,77,398,9,5,384,"16.210526315789473",557,"27.660175949175457","28.724301413369176","0.9629538261390602","30","5","15","10","6","1","1","2","0","1","0","1","0","0","14","1.45208822"
"62325","Fauquembergues",2017,675,90,585,15,4,566,"13.333333333333334",984,"40.74209398873903","25.24707399677692","1.6137352785491192","110","25","60","25","6","0","1","3","0","0","1","0","1","0","29","2.0543059066666665"
"62326","Favreuil",2017,203,39,164,1,1,162,"19.21182266009852",237,"34.58789202999835","19.335654557170272","1.7888141271727502","30","5","20","5","5","2","0","0","0","0","0","0","2","1","3","0.8274973066666668"
"62327","Febvin-Palfart",2017,430,68,362,7,2,353,"15.813953488372093",600,"39.23841059602657","20.860927152317892","1.8809523809523838","45","5","30","10","4","2","0","2","0","0","0","0","0","0","12","1.2286580533333333"
"62328","Ferfay",2017,676,86,590,10,3,577,"12.721893491124261",912,"38.44366299356985","21.33176667378467","1.8021790497462435","75","15","50","10","5","0","1","2","0","0","0","0","2","0","17","1.3151490533333334"
"62329","Ferques",2017,1454,262,1192,24,12,1156,"18.019257221458044",1802,"38.857600388806766","18.348079913168107","2.117802002863489","185","35","110","40","1","0","0","0","0","0","1","0","0","0","50","1.82761424"
"62330","Festubert",2017,1030,182,848,18,5,825,"17.66990291262136",1313,"35.29542489572064","19.482353244387753","1.8116612738190718","70","5","40","20","11","0","0","3","0","1","1","4","2","0","29","1.5462807"
"62331","Feuchy",2017,858,159,699,15,3,681,"18.53146853146853",1028,"31.809338521400775","28.21011673151751","1.1275862068965516","65","15","35","10","6","0","3","1","0","0","0","0","0","2","24","1.5218721866666667"
"62332","Ficheux",2017,426,47,379,5,3,371,"11.032863849765258",523,"27.731453753163716","30.39127902275353","0.9124806406601564","20","5","10","5","2","0","0","1","0","0","0","1","0","0","10","1.2804088333333334"
"62333","Fiefs",2017,288,46,242,7,1,234,"15.972222222222221",385,"38.18181818181819","24.155844155844157","1.5806451612903225","20","5","15","0","1","1","0","0","0","0","0","0","0","0","8","1.2921924533333333"
"62334","Fiennes",2017,676,112,564,10,1,553,"16.56804733727811",891,"35.97046183596202","21.028678523305786","1.710543142123575","65","20","35","10","3","0","0","1","0","0","0","1","0","1","16","1.1939178333333333"
"62335","Fillièvres",2017,356,49,307,6,2,299,"13.764044943820226",509,"31.72147001934238","37.911025145067725","0.8367346938775511","45","10","25","10","4","1","0","1","0","0","0","2","0","0","8","1.1865904333333332"
"62336","Fléchin",2017,383,54,329,7,1,321,"14.099216710182768",479,"36.47960150229779","26.86817923101346","1.357725106291908","40","10","20","15","1","1","0","0","0","0","0","0","0","0","10","1.34971332"
"62337","Flers",2017,179,32,147,3,1,143,"17.877094972067038",225,"34.68468468468473","25.675675675675713","1.3508771929824561","10","0","5","0","4","1","0","1","0","0","0","1","1","0","2","0.8713346200000002"
"62338","Fleurbaix",2017,2227,263,1964,35,11,1918,"11.809609339919174",2732,"32.18483799266098","28.686784358215938","1.1219395520517168","115","20","45","45","36","0","3","7","1","5","0","11","3","6","88","2.8769808466666666"
"62339","Fleury",2017,73,19,54,2,0,52,"26.027397260273972",122,"37.837837837837874","20.72072072072074","1.8260869565217392","10","0","5","5","0","0","0","0","0","0","0","0","0","0","2","0.6836050133333333"
"62340","Floringhem",2017,595,104,491,11,6,474,"17.478991596638654",898,"37.03284258210656","22.876557191393033","1.6188118811881196","60","10","40","10","1","0","0","0","0","0","0","0","1","0","19","1.4244329866666667"
"62341","Foncquevillers",2017,322,30,292,9,3,280,"9.316770186335404",435,"34.76190476190473","25.95238095238093","1.3394495412844039","35","5","15","10","2","0","0","0","0","1","0","0","1","0","8","1.2056891666666667"
"62342","Fontaine-Lès-Boulans",2017,81,13,68,1,1,66,"16.049382716049383",100,"39.8058252427184","22.330097087378668","1.7826086956521696","5","0","5","0","2","2","0","0","0","0","0","0","0","0","0","0.4305687"
"62343","Fontaine-Lès-Croisilles",2017,199,12,187,8,3,176,"6.030150753768844",278,"33.584905660377316","24.150943396226396","1.3906249999999996","15","0","10","5","1","0","0","0","0","0","0","0","1","0","4","1.1503484466666665"
"62344","Fontaine-Lès-Hermans",2017,80,13,67,0,0,67,"16.25",108,"35.18518518518518","20.37037037037037","1.7272727272727273","5","0","0","0","0","0","0","0","0","0","0","0","0","0","0","0.4302556066666667"
"62345","Fontaine-L'Etalon",2017,83,9,74,1,0,73,"10.843373493975903",102,"26.415094339622648","33.01886792452822","0.800000000000002","5","0","5","0","1","0","0","1","0","0","0","0","0","0","0","0.9174107333333335"
"62346","Fortel-En-Artois",2017,150,12,138,3,1,134,"8",211,"40.375586854460096","15.962441314554027","2.5294117647058765","15","0","10","0","1","0","1","0","0","0","0","0","0","0","3","1.2845091133333333"
"62347","Fosseux",2017,114,11,103,1,0,102,"9.649122807017543",136,"30.23255813953478","29.45736434108519","1.0263157894736834","10","0","5","5","1","1","0","0","0","0","0","0","0","0","2","0.8799851800000001"
"62348","Foufflin-Ricametz",2017,118,14,104,2,3,99,"11.864406779661017",160,"38.46153846153839","23.076923076923006","1.6666666666666683","5","0","5","0","3","0","0","1","0","0","0","1","0","1","1","0.30840789333333335"
"62349","Fouquereuil",2017,1090,144,946,27,14,905,"13.211009174311927",1570,"39.80224977333274","20.04793261197302","1.9853543277356216","125","20","70","30","7","0","1","3","0","0","0","1","1","1","37","1.6008576266666665"
"62350","Fouquières-Lès-Béthune",2017,843,100,743,18,6,719,"11.862396204033216",1060,"28.5773859578984","34.10594200990336","0.8379005027804354","50","5","30","15","10","2","1","3","0","1","0","2","0","1","38","2.4078170933333336"
"62351","Fouquières-Lès-Lens",2017,4554,1204,3350,55,32,3263,"26.438296003513393",6362,"39.63467236603873","23.18043732255593","1.7098328135281495","645","105","400","140","17","1","2","5","0","0","1","1","3","4","224","2.7703980800000005"
"62352","Framecourt",2017,79,7,72,0,1,71,"8.860759493670885",105,"32.38095238095238","31.428571428571427","1.0303030303030303","10","0","5","0","0","0","0","0","0","0","0","0","0","0","0","0.7389765933333334"
"62353","Frémicourt",2017,205,47,158,3,0,155,"22.926829268292686",244,"31.92434140704426","25.23896480552288","1.2648831540055268","20","0","10","5","4","0","0","3","0","0","0","1","0","0","4","1.3154781066666668"
"62354","Frencq",2017,665,140,525,2,9,514,"21.052631578947366",843,"38.604651162790745","23.139534883720884","1.668341708542719","55","15","25","15","4","1","0","1","0","0","0","0","2","0","16","1.2056891666666667"
"62355","Fresnes-Lès-Montauban",2017,419,44,375,4,4,367,"10.501193317422434",572,"39.07056798623058","22.375215146299464","1.7461538461538446","35","5","20","10","13","1","4","3","0","0","0","3","1","1","19","2.04309158"
"62356","Fresnicourt-Le-Dolmen",2017,651,76,575,14,6,555,"11.674347158218126",772,"28.60727728983695","26.22333751568381","1.0909090909090935","55","10","30","15","3","1","0","2","0","0","0","0","0","0","19","1.5218721866666667"
"62357","Fresnoy",2017,55,6,49,0,0,49,"10.909090909090908",69,"30.434782608695656","34.78260869565217","0.875","5","5","0","0","0","0","0","0","0","0","0","0","0","0","0","0.7562726866666668"
"62358","Fresnoy-En-Gohelle",2017,200,42,158,6,1,151,"21",214,"31.818181818181817","24.54545454545457","1.296296296296295","10","5","10","0","0","0","0","0","0","0","0","0","0","0","3","1.1243709333333336"
"62359","Fressin",2017,402,46,356,4,0,352,"11.442786069651742",575,"37.779034430914805","22.88959080395026","1.6504897249799215","25","5","15","5","3","0","0","1","0","0","0","0","1","1","15","1.5218721866666667"
"62360","Fréthun",2017,1028,197,831,15,4,812,"19.16342412451362",1322,"37.72498200143994","20.086393088552935","1.878136200716847","105","20","60","25","5","1","0","1","0","0","0","0","2","1","30","1.56945954"
"62361","Frévent",2017,2429,616,1813,45,13,1755,"25.360230547550433",3570,"36.31003123453266","29.456585787629542","1.2326625867747802","355","60","210","85","18","2","1","8","0","0","0","2","3","2","195","3.6415249800000002"
"62362","Frévillers",2017,190,29,161,4,0,157,"15.263157894736842",239,"38.49372384937239","20.502092050209207","1.8775510204081634","20","5","10","5","1","0","0","1","0","0","0","0","0","0","4","1.14000548"
"62363","Frévin-Capelle",2017,319,36,283,9,0,274,"11.285266457680251",380,"28.421052631578945","32.89473684210527","0.864","15","0","5","5","2","0","0","2","0","0","0","0","0","0","7","1.1870699133333333"
"62364","Fruges",2017,1455,233,1222,22,18,1182,"16.013745704467354",2371,"34.57874251530544","29.354933881243596","1.1779533435569962","210","30","130","50","14","1","0","5","1","0","0","3","2","2","87","2.477952793333334"
"62365","Galametz",2017,129,25,104,4,0,100,"19.379844961240313",199,"37.04860118187357","24.87784002793577","1.4892209749829983","20","0","10","5","0","0","0","0","0","0","0","0","0","0","2","1.2613101"
"62366","Gauchin-Légal",2017,290,54,236,1,2,233,"18.620689655172416",321,"30.361900838287603","23.235773849874136","1.3066877408282258","15","5","5","0","1","0","0","0","0","0","0","1","0","0","4","1.1429901866666667"
"62367","Gauchin-Verloingt",2017,500,80,420,5,13,402,"16",838,"28.51988949693648","37.4491067244671","0.7615639461515705","50","10","25","15","3","0","0","1","0","0","0","1","1","0","19","1.4318470266666667"
"62368","Gaudiempré",2017,139,23,116,10,1,105,"16.546762589928058",199,"43.21608040201005","23.618090452261306","1.8297872340425532","15","0","10","5","1","0","0","0","0","0","0","0","0","1","2","1.0480437666666667"
"62369","Gavrelle",2017,487,62,425,4,1,420,"12.73100616016427",627,"40.82934609250399","15.94896331738437","2.56","40","5","25","5","5","0","2","2","0","0","1","0","0","0","30","3.06787806"
"62370","Gennes-Ivergny",2017,106,12,94,0,0,94,"11.320754716981133",128,"28.125","32.8125","0.8571428571428571","10","0","10","0","1","0","0","1","0","0","0","0","0","0","1","0.6267844800000001"
"62371","Givenchy-En-Gohelle",2017,1658,266,1392,31,9,1352,"16.043425814234016",1947,"31.895223420647152","28.24858757062147","1.1290909090909091","120","15","75","30","9","1","1","4","0","0","0","1","1","1","46","1.7800538866666669"
"62372","Givenchy-Le-Noble",2017,120,20,100,4,1,95,"16.666666666666664",150,"32.666666666666664","28.666666666666668","1.1395348837209303","10","5","5","0","1","0","0","0","0","0","0","0","1","0","1","0.46799425333333333"
"62373","Givenchy-Lès-La-Bassée",2017,777,114,663,15,4,644,"14.671814671814673",1012,"36.835943001527376","21.518469188734795","1.7118291584055374","60","10","30","20","0","0","0","0","0","0","0","0","0","0","21","1.4594156200000001"
"62374","Gomiécourt",2017,133,16,117,4,2,111,"12.030075187969924",156,"30.718954248366092","26.143790849673245","1.1750000000000012","15","0","10","5","1","0","0","0","0","1","0","0","0","0","1","0.48331440000000003"
"62375","Gommecourt",2017,91,16,75,2,4,69,"17.582417582417584",96,"28.000000000000004","36.00000000000001","0.7777777777777778","10","5","5","5","0","0","0","0","0","0","0","0","0","0","0","0.9174107333333335"
"62376","Gonnehem",2017,1969,318,1651,35,15,1601,"16.15033011681056",2536,"31.852045614656227","25.85058979083988","1.232159338428052","140","25","85","30","12","0","1","4","1","0","1","1","2","2","60","1.55367992"
"62377","Gosnay",2017,754,151,603,14,4,585,"20.02652519893899",951,"33.965429665294735","26.175429286228674","1.2976073589427055","75","10","50","15","1","0","0","1","0","0","0","0","0","0","23","1.7708008533333333"
"62378","Gouves",2017,163,29,134,5,2,127,"17.791411042944784",197,"33.50253807106599","28.934010152284262","1.1578947368421053","10","0","5","5","1","0","0","1","0","0","0","0","0","0","1","0.5715772866666666"
"62379","Gouy-En-Artois",2017,293,39,254,1,4,249,"13.310580204778159",330,"28.484848484848484","31.212121212121215","0.912621359223301","20","0","10","10","1","0","0","0","0","0","0","1","0","0","5","0.9646735399999999"
"62380","Gouy-Servins",2017,255,28,227,1,4,222,"10.980392156862745",344,"34.593023255813954","22.093023255813954","1.5657894736842106","15","5","10","5","2","0","0","1","0","0","0","0","0","1","7","1.06878086"
"62381","Gouy-En-Ternois",2017,119,14,105,2,3,100,"11.76470588235294",133,"31.914893617021285","22.695035460992905","1.4062500000000004","5","0","5","0","1","0","0","0","0","0","0","0","1","0","0","0.4287452333333333"
"62382","Gouy-Saint-André",2017,526,75,451,25,4,422,"14.258555133079847",643,"35.88957055214717","24.69325153374227","1.4534161490683237","50","10","30","10","2","0","0","0","0","0","0","2","0","0","10","0.9284129799999999"
"62383","Gouy-Sous-Bellonne",2017,1078,162,916,14,3,899,"15.0278293135436",1368,"32.84777858703567","28.696285506190822","1.144670050761421","65","10","40","15","4","0","0","0","0","1","1","1","1","0","31","1.5218721866666667"
"62384","Graincourt-Lès-Havrincourt",2017,485,87,398,0,7,391,"17.938144329896907",638,"35.04672897196263","22.429906542056","1.5625000000000058","60","10","35","20","1","0","0","0","0","0","0","0","0","1","14","1.4181926666666667"
"62385","Grand-Rullecourt",2017,334,50,284,7,4,273,"14.97005988023952",410,"35.32467532467532","23.896103896103895","1.478260869565217","25","5","20","0","1","0","0","1","0","0","0","0","0","0","7","1.1178277333333333"
"62386","Grenay",2017,4381,1002,3379,48,23,3308,"22.871490527276876",6932,"43.862732532600816","17.93276389439063","2.4459549454237273","790","170","495","125","24","2","3","13","1","1","0","2","1","1","283","3.0179808866666673"
"62387","Grévillers",2017,295,43,252,0,9,243,"14.576271186440678",365,"29.120879120879152","26.37362637362639","1.1041666666666672","25","5","15","5","2","0","0","1","1","0","0","0","0","0","8","1.2526924866666667"
"62388","Grigny",2017,223,34,189,6,0,183,"15.246636771300448",296,"33.05861491953346","28.987696597720557","1.1404360745976974","15","5","10","5","3","0","1","0","0","0","0","1","1","0","4","1.1547738066666668"
"62389","Grincourt-Lès-Pas",2017,34,2,32,0,0,32,"5.88235294117647",30,"23.333333333333332","40","0.5833333333333334","0","0","0","0","0","0","0","0","0","0","0","0","0","0","0","0.40584709333333335"
"62390","Groffliers",2017,1276,178,1098,23,7,1068,"13.94984326018809",1508,"31.1321045985242","30.05497647063418","1.035838594947577","90","20","55","15","4","0","2","0","0","0","0","0","1","1","37","1.6047429266666668"
"62391","Guarbecque",2017,1196,217,979,17,12,950,"18.1438127090301",1425,"33.54519774011298","27.04802259887004","1.2402088772845954","95","20","55","20","6","0","0","4","0","1","0","0","1","0","33","1.5218721866666667"
"62392","Guémappe",2017,292,27,265,6,1,258,"9.246575342465754",336,"29.5089193136364","26.77855092502941","1.1019610208278658","10","5","5","5","2","0","1","1","0","0","0","0","0","0","6","1.0244888133333334"
"62393","Guemps",2017,819,142,677,4,13,660,"17.338217338217337",1092,"40.88397790055229","17.955801104972274","2.2769230769230786","100","20","60","20","8","0","2","5","0","0","0","0","1","0","24","1.5138289933333333"
"62395","Guigny",2017,145,30,115,4,3,108,"20.689655172413794",139,"28.05755395683453","30.215827338129497","0.9285714285714286","15","5","5","5","1","0","1","0","0","0","0","0","0","0","1","0.44642174"
"62396","Guinecourt",2017,15,3,12,0,0,12,"20",17,"19.99999999999994","53.33333333333318","0.375","0","0","0","0","0","0","0","0","0","0","0","0","0","0","0","0.14100858666666666"
"62397","Guînes",2017,3852,875,2977,40,32,2905,"22.71547248182762",5626,"40.15466006593707","21.596608761580807","1.8593039541175573","645","140","365","140","20","1","2","5","0","0","0","3","6","3","207","2.539732893333334"
"62398","Guisy",2017,246,40,206,7,2,197,"16.260162601626014",270,"26.37362637362637","27.83882783882781","0.9473684210526323","15","0","5","5","1","0","0","0","0","0","0","0","0","1","5","1.1359052"
"62399","Habarcq",2017,552,81,471,5,3,463,"14.673913043478262",676,"34.29438543247347","24.279210925644932","1.4125","50","10","20","15","4","0","0","2","0","0","0","1","1","0","15","1.4244329866666667"
"62400","Haillicourt",2017,3717,1101,2616,44,13,2559,"29.620661824051652",4886,"38.418546884703055","22.955909749534236","1.6735798016230894","500","100","295","100","25","1","0","14","1","1","1","1","3","3","158","2.43533848"
"62401","Haisnes",2017,3345,680,2665,60,31,2574,"20.328849028400597",4337,"37.92350234423702","21.979492045972666","1.7254039476852152","365","75","230","65","24","0","6","6","1","0","1","3","3","4","92","1.6108865200000002"
"62402","Halinghen",2017,232,26,206,2,2,202,"11.206896551724139",325,"32.26837060702878","23.642172523961708","1.3648648648648634","20","5","15","5","5","1","1","1","0","0","1","1","0","0","4","0.8205441800000001"
"62403","Hallines",2017,989,172,817,8,13,796,"17.391304347826086",1195,"32.76706872360712","24.175351933385816","1.355391591150169","120","15","65","40","6","0","0","3","0","0","0","0","2","1","27","1.5083044666666665"
"62404","Halloy",2017,159,21,138,2,1,135,"13.20754716981132",217,"28.57142857142857","28.571428571428566","1.0000000000000004","10","0","5","0","0","0","0","0","0","0","0","0","0","0","2","0.5613331733333333"
"62405","Hamblain-Les-Prés",2017,419,69,350,1,10,339,"16.467780429594274",504,"35.54964103647604","21.858785242783906","1.6263319595132488","30","0","20","10","1","0","0","0","0","0","0","1","0","0","9","1.1796618"
"62406","Hamelincourt",2017,206,24,182,3,2,177,"11.650485436893204",255,"33.590733590733606","17.76061776061776","1.8913043478260883","10","0","5","5","4","0","0","2","0","0","0","0","0","2","2","0.5334455600000001"
"62407","Ham-En-Artois",2017,815,125,690,18,4,668,"15.337423312883436",992,"31.07403545359747","29.405630865484945","1.056737588652479","60","10","35","20","3","0","1","1","0","0","0","0","0","1","19","1.2845091133333333"
"62408","Hames-Boucres",2017,1018,164,854,12,6,836,"16.110019646365423",1469,"38.02333562113922","19.21757035003425","1.9785714285714298","120","15","70","35","9","0","2","2","0","0","0","3","1","1","33","1.4285332666666666"
"62409","Hannescamps",2017,145,15,130,2,2,126,"10.344827586206897",196,"35.05154639175258","15.463917525773208","2.2666666666666653","20","5","15","5","0","0","0","0","0","0","0","0","0","0","2","1.1123502466666666"
"62410","Haplincourt",2017,169,33,136,1,0,135,"19.526627218934912",184,"36.021505376344074","29.569892473118305","1.2181818181818167","20","5","10","5","4","2","0","1","0","0","0","0","0","1","2","1.0895696000000001"
"62411","Haravesnes",2017,33,3,30,0,2,28,"9.090909090909092",50,"44","12","3.6666666666666665","5","0","5","0","0","0","0","0","0","0","0","0","0","0","0","0.14100858666666666"
"62412","Hardinghen",2017,893,196,697,18,7,672,"21.948488241881297",1210,"32.130202039087024","29.471264240704986","1.0902213687429663","80","10","45","20","8","1","2","3","0","0","0","1","1","0","29","1.5756627933333334"
"62413","Harnes",2017,8796,2150,6646,121,49,6476,"24.442928603910868",12354,"36.59767933013396","26.12816118847628","1.4006986203941219","1440","250","880","305","48","1","3","24","1","1","1","6","6","5","558","3.36155588"
"62414","Haucourt",2017,187,26,161,7,0,154,"13.903743315508022",238,"34.24657534246576","25.114155251141533","1.3636363636363646","10","5","5","5","7","2","1","1","0","0","0","2","0","1","4","1.2056891666666667"
"62415","Haute-Avesnes",2017,333,38,295,1,3,291,"11.411411411411411",445,"33.56321839080457","30.114942528735583","1.114503816793894","15","5","5","5","5","0","0","0","0","2","2","0","0","1","9","1.4403046000000002"
"62416","Hautecloque",2017,168,24,144,1,4,139,"14.285714285714285",218,"28.571428571428587","27.64976958525343","1.0333333333333348","20","5","10","5","1","0","0","1","0","0","0","0","0","0","3","0.9871947000000001"
"62418","Hauteville",2017,235,32,203,2,0,201,"13.617021276595745",316,"34.294871794871824","28.205128205128194","1.2159090909090922","10","0","5","0","1","0","0","0","0","0","0","1","0","0","5","1.2174727866666666"
"62419","Haut-Loquin",2017,115,25,90,0,1,89,"21.73913043478261",185,"44.32432432432433","15.675675675675677","2.8275862068965516","15","0","10","0","0","0","0","0","0","0","0","0","0","0","2","0.8579697333333333"
"62421","Havrincourt",2017,278,42,236,2,1,233,"15.107913669064748",403,"41.084444356599","21.74265784654042","1.8895778357261022","35","5","20","5","2","1","0","0","0","0","0","0","1","0","8","1.3619764200000002"
"62422","Hébuterne",2017,423,82,341,7,0,334,"19.38534278959811",524,"39.890699844902734","20.98634143019947","1.9007934268857256","45","5","25","10","3","0","0","1","0","0","0","0","1","1","10","1.34971332"
"62423","Helfaut",2017,1268,165,1103,21,8,1074,"13.012618296529968",1697,"30.229817324690632","31.879787860931053","0.9482439926062847","115","20","60","30","10","2","0","2","0","1","0","1","3","1","43","1.6891161466666667"
"62424","Hendecourt-Lès-Cagnicourt",2017,240,34,206,4,0,202,"14.166666666666666",312,"35.8974358974359","24.679487179487182","1.4545454545454546","25","5","15","10","0","0","0","0","0","0","0","0","0","0","5","1.24952648"
"62425","Hendecourt-Lès-Ransart",2017,105,13,92,3,0,89,"12.380952380952381",135,"42.335766423357704","17.51824817518247","2.4166666666666705","5","0","5","0","0","0","0","0","0","0","0","0","0","0","2","0.6138210466666667"
"62426","Héninel",2017,154,17,137,2,1,134,"11.03896103896104",177,"29.891304347826104","25.543478260869513","1.17021276595745","15","0","10","5","0","0","0","0","0","0","0","0","0","0","2","1.08546932"
"62427","Hénin-Beaumont",2017,18853,4841,14012,214,113,13685,"25.67761099029332",26022,"39.984952895632766","22.337185425934162","1.790062272089527","3105","590","1920","595","182","9","27","75","4","2","4","20","19","22","1785","4.95904524"
"62428","Hénin-Sur-Cojeul",2017,414,40,374,8,3,363,"9.66183574879227",527,"35.946462715105255","22.37093690248567","1.60683760683761","25","5","15","5","5","0","0","2","0","0","1","1","1","0","10","1.3655849333333334"
"62429","Henneveux",2017,247,35,212,0,5,207,"14.17004048582996",300,"39.37792409129867","22.131583105788792","1.779263774447246","20","5","15","5","3","0","1","1","0","0","0","1","0","0","3","0.7445013533333333"
"62430","Hénu",2017,125,26,99,2,0,97,"20.8",164,"43.373493975903656","18.674698795180703","2.3225806451612954","25","5","15","5","1","0","0","0","0","0","0","0","0","1","0","0.3636033333333334"
"62432","Herbinghen",2017,307,43,264,5,2,257,"14.006514657980457",378,"38.442211055276374","20.85427135678391","1.843373493975904","20","0","15","5","1","1","0","0","0","0","0","0","0","0","6","1.0496512666666669"
"62433","Héricourt",2017,82,8,74,1,1,72,"9.75609756097561",95,"30.612244897959158","29.591836734693928","1.034482758620687","5","0","5","0","1","0","0","1","0","0","0","0","0","0","0","0.8388587133333334"
"62434","La Herlière",2017,115,21,94,2,0,92,"18.26086956521739",149,"42.56756756756772","18.91891891891898","2.250000000000001","10","0","5","0","1","0","1","0","0","0","0","0","0","0","1","0.61199758"
"62435","Herlincourt",2017,99,9,90,4,0,86,"9.090909090909092",104,"28.971962616822406","28.971962616822474","0.9999999999999977","5","0","0","0","0","0","0","0","0","0","0","0","0","0","0","0.12515554666666667"
"62436","Herlin-Le-Sec",2017,104,12,92,3,0,89,"11.538461538461538",171,"39.1566265060241","16.265060240963862","2.4074074074074066","15","0","10","5","1","0","0","1","0","0","0","0","0","0","2","1.1050228466666667"
"62437","Herly",2017,252,57,195,0,2,193,"22.61904761904762",313,"34.42622950819668","31.803278688524557","1.0824742268041234","25","5","20","0","1","0","1","0","0","0","0","0","0","0","5","1.3310940666666666"
"62438","Hermaville",2017,458,53,405,13,1,391,"11.572052401746726",540,"33.644859813084125","25.607476635514004","1.3138686131386874","45","5","25","10","3","1","0","0","0","0","0","2","0","0","12","1.4594156200000001"
"62439","Hermelinghen",2017,250,35,215,0,2,213,"14.000000000000002",422,"45.477728739329244","13.028504000340474","3.490633209932681","35","5","25","5","1","0","1","0","0","0","0","0","0","0","8","1.2613101"
"62440","Hermies",2017,859,194,665,11,2,652,"22.58440046565774",1180,"34.317855741441186","28.877697380265598","1.1883861545309107","90","15","50","20","4","0","1","2","0","0","0","0","0","1","23","1.4015057066666665"
"62441","Hermin",2017,188,22,166,2,0,164,"11.702127659574469",213,"31.455399061032864","19.248826291079812","1.6341463414634145","15","5","5","5","1","0","0","1","0","0","0","0","0","0","3","1.14000548"
"62442","Hernicourt",2017,405,56,349,3,8,338,"13.82716049382716",567,"37.73146019744113","22.196886358512995","1.6998537357006507","25","0","20","5","2","0","1","0","0","0","0","0","0","1","11","1.2174727866666666"
"62443","Hersin-Coupigny",2017,4743,1012,3731,63,39,3629,"21.33670672570103",6245,"39.072881300355924","20.965351772228463","1.863688323709093","610","110","360","140","29","2","4","9","0","3","1","3","3","4","155","1.7620221066666666"
"62444","Hervelinghen",2017,217,52,165,1,2,162,"23.963133640552993",232,"29.385964912280777","28.947368421052666","1.0151515151515165","15","5","5","5","6","0","1","3","0","0","0","1","1","0","2","0.6953886333333335"
"62445","Hesdigneul-Lès-Béthune",2017,653,91,562,10,5,547,"13.935681470137826",822,"32.56406129536679","26.12375513643278","1.2465306432899539","60","10","35","20","6","0","1","4","0","0","0","0","1","0","20","1.55367992"
"62446","Hesdigneul-Lès-Boulogne",2017,569,121,448,2,8,438,"21.26537785588752",677,"35.267080141559525","25.632498467436125","1.3758736857572937","50","10","25","10","2","0","0","0","0","0","0","1","1","0","14","1.3896316533333333"
"62447","Hesdin",2017,1667,563,1104,18,13,1073,"33.77324535092981",2225,"30.288650245074827","35.62625632511421","0.8501777444329249","450","80","275","95","17","1","1","8","1","1","0","2","1","2","274","3.9585769866666665"
"62448","Hesdin-L'Abbé",2017,1398,173,1225,19,10,1196,"12.374821173104435",1863,"30.567664263887657","29.723083257301685","1.0284149864021424","135","20","80","35","14","1","0","7","0","1","1","3","0","1","42","1.4403046000000002"
"62449","Hesmond",2017,148,23,125,4,0,121,"15.54054054054054",165,"25.624999999999996","33.75","0.7592592592592593","10","0","10","0","2","1","0","0","0","0","0","1","0","0","1","0.30541315333333335"
"62450","Hestrus",2017,189,28,161,0,0,161,"14.814814814814813",243,"32.231404958677736","29.75206611570252","1.0833333333333335","10","0","10","5","0","0","0","0","0","0","0","0","0","0","2","0.7156014400000001"
"62451","Heuchin",2017,363,58,305,7,5,293,"15.977961432506888",529,"34.13654618473892","27.309236947791177","1.2499999999999982","40","5","25","10","1","0","0","1","0","0","0","0","0","0","10","1.4091762866666666"
"62452","Heuringhem",2017,1141,130,1011,10,27,974,"11.393514460999125",1339,"30.220588235294176","30.00000000000001","1.0073529411764721","65","10","35","15","8","0","1","5","0","1","0","1","0","0","27","1.3899934466666666"
"62453","Hézecques",2017,85,20,65,0,1,64,"23.52941176470588",122,"36.66666666666673","20.833333333333435","1.7599999999999945","5","0","5","0","0","0","0","0","0","0","0","0","0","0","2","1.1865904333333332"
"62454","Hinges",2017,1802,243,1559,17,12,1530,"13.485016648168703",2452,"32.083333333333314","24.41666666666664","1.3139931740614341","120","25","65","30","8","1","0","3","1","0","0","1","1","1","57","1.55367992"
"62455","Hocquinghen",2017,88,19,69,1,0,68,"21.59090909090909",112,"33.92857142857143","28.57142857142857","1.1875","5","0","5","0","0","0","0","0","0","0","0","0","0","0","1","0.30541315333333335"
"62456","Houchin",2017,592,79,513,5,6,502,"13.344594594594595",718,"31.995973536083618","23.807748949613476","1.3439310706694543","60","5","40","15","4","2","0","0","1","0","0","0","1","0","15","1.3773685533333333"
"62457","Houdain",2017,5362,1177,4185,72,45,4068,"21.950764640059678",7246,"35.766526019690495","27.72151898734175","1.2902080162354117","745","150","435","160","27","2","1","12","2","0","0","4","4","2","233","2.587275766666667"
"62458","Houlle",2017,785,97,688,15,8,665,"12.356687898089172",1127,"37.267080745341616","21.472937000887313","1.7355371900826446","105","25","45","30","7","0","1","3","0","0","0","1","1","1","21","1.2881821333333332"
"62459","Houvin-Houvigneul",2017,191,25,166,2,2,162,"13.089005235602095",232,"31.063829787234017","32.765957446808486","0.9480519480519479","15","5","10","5","0","0","0","0","0","0","0","0","0","0","2","0.9615527666666668"
"62460","Hubersent",2017,197,24,173,2,1,170,"12.18274111675127",269,"36.466165413533794","22.180451127819534","1.6440677966101687","15","5","10","5","4","0","1","1","0","0","0","0","1","1","4","0.9174107333333335"
"62461","Huby-Saint-Leu",2017,601,133,468,8,4,456,"22.129783693843592",886,"29.571106094808126","39.05191873589165","0.7572254335260116",NULL,NULL,NULL,NULL,"6","0","1","1","0","0","0","0","2","2",NULL,NULL
"62462","Huclier",2017,95,9,86,4,1,81,"9.473684210526317",137,"43.75","9.027777777777773","4.8461538461538485","10","0","10","0","1","0","1","0","0","0","0","0","0","0","1","0.7023417599999999"
"62463","Hucqueliers",2017,378,60,318,4,2,312,"15.873015873015872",464,"35.17250936589051","31.550435607570225","1.1148026544980953","40","10","20","10","6","0","1","4","0","0","0","0","1","0","7","1.0649299333333333"
"62464","Hulluch",2017,2624,585,2039,45,22,1972,"22.29420731707317",3448,"38.92444747451749","19.848231253565356","1.961104089188071","320","60","170","90","19","2","3","4","2","0","0","5","1","2","127","3.043589086666667"
"62465","Humbercamps",2017,183,29,154,9,2,143,"15.846994535519126",218,"24.31192660550459","34.862385321100916","0.6973684210526315","15","0","5","5","0","0","0","0","0","0","0","0","0","0","3","0.9278403399999999"
"62466","Humbert",2017,184,19,165,7,0,158,"10.326086956521738",232,"38.551797196465216","21.26483916544121","1.8129362228668109","20","5","15","5","0","0","0","0","0","0","0","0","0","0","2","0.6953886333333335"
"62467","Humeroeuille",2017,121,23,98,0,0,98,"19.00826446280992",176,"37.35632183908055","28.160919540229944","1.3265306122448983","15","0","10","5","2","1","0","1","0","0","0","0","0","0","2","1.2106248666666668"
"62468","Humières",2017,207,26,181,5,1,175,"12.560386473429952",229,"29.816513761467906","36.238532110091725","0.8227848101265831","15","0","10","5","4","0","1","2","0","0","0","1","0","0","3","1.1939178333333333"
"62469","Inchy-En-Artois",2017,436,91,345,7,2,336,"20.871559633027523",624,"38.46652717933846","21.855739352923624","1.7600194877046256","50","10","25","15","2","0","0","1","0","0","0","0","0","1","16","1.55367992"
"62470","Incourt",2017,64,8,56,1,2,53,"12.5",86,"29.268292682926766","35.365853658536665","0.8275862068965483","5","0","0","0","1","0","1","0","0","0","0","0","0","0","0","0.2373007666666667"
"62471","Bellinghem",2017,807,83,724,14,8,702,"10.285006195786865",1070,"38.10861423220972","17.509363295880156","2.176470588235292","80","10","55","15","8","1","1","3","0","0","0","0","3","0","22","1.3846959533333334"
"62472","Inxent",2017,147,32,115,2,1,112,"21.768707482993197",162,"25.766871165644194","35.582822085889596","0.724137931034483","5","0","5","0","0","0","0","0","0","0","0","0","0","0","0","0.28503274"
"62473","Isbergues",2017,7316,1857,5459,121,73,5265,"25.382722799343902",8845,"31.744053728372158","30.34585131274765","1.0460755706344989","745","140","450","160","30","0","6","12","0","2","0","2","5","3","318","2.3995490000000004"
"62474","Isques",2017,933,125,808,14,3,791,"13.39764201500536",1153,"31.379310344827584","28.706896551724142","1.0930930930930929","90","20","50","20","4","1","0","1","0","0","1","0","1","0","40","2.3253142933333337"
"62475","Ivergny",2017,187,19,168,1,3,164,"10.16042780748663",259,"43.67816091954024","20.68965517241377","2.1111111111111143","15","5","5","5","0","0","0","0","0","0","0","0","0","0","3","0.6935651666666668"
"62476","Izel-Lès-Equerchin",2017,808,116,692,4,15,673,"14.356435643564355",1011,"33.26904532304718","24.78302796528445","1.342412451361866","50","5","30","15","8","0","0","1","1","0","0","5","0","1","21","1.4594156200000001"
"62477","Izel-Lès-Hameau",2017,575,84,491,6,5,480,"14.608695652173914",727,"33.90770383864888","20.777380205458478","1.6319528017175573","30","5","20","5","10","1","0","2","0","0","1","4","1","1","13","1.1983617666666668"
"62478","Journy",2017,206,26,180,5,0,175,"12.62135922330097",287,"34.62897526501765","22.968197879858643","1.5076923076923079","25","10","10","5","1","0","1","0","0","0","0","0","0","0","3","0.61199758"
"62479","Labeuvrière",2017,1247,194,1053,18,8,1027,"15.557337610264636",1645,"33.86018237082067","23.465045592705167","1.4430051813471503","130","25","80","25","10","1","4","3","0","0","0","1","1","0","44","1.7677165866666664"
"62480","Labourse",2017,2056,387,1669,38,15,1616,"18.82295719844358",2847,"40.53389532841587","17.105725324903407","2.3696098562628336","240","40","155","45","24","0","6","4","0","1","1","5","2","5","77","2.21728962"
"62481","Labroye",2017,127,12,115,5,0,110,"9.448818897637794",165,"29.220779220779146","29.870129870129862","0.9782608695652153","10","5","5","5","1","0","0","1","0","0","0","0","0","0","1","0.9761012200000001"
"62483","Lacres",2017,179,30,149,3,2,144,"16.75977653631285",247,"39.67611336032389","19.02834008097166","2.0851063829787235","20","5","10","5","2","0","0","1","0","0","0","1","0","0","3","0.6817815466666666"
"62484","Lagnicourt-Marcel",2017,258,37,221,7,0,214,"14.34108527131783",331,"36.70745586142051","24.871584735817255","1.4758792514157157","25","0","15","5","1","1","0","0","0","0","0","0","0","0","7","1.2804088333333334"
"62485","Laires",2017,241,36,205,5,3,197,"14.937759336099585",364,"43.078051711432515","18.628746068492745","2.3124504222155604","35","10","20","5","1","0","0","0","0","0","0","1","0","0","6","1.0535685266666668"
"62486","Lambres",2017,777,125,652,12,7,633,"16.08751608751609",1061,"36.56927426955702","27.04995287464656","1.3519163763066202","70","15","45","15","8","0","3","3","0","0","0","1","0","1","24","1.4838959533333334"
"62487","Landrethun-Le-Nord",2017,874,119,755,18,2,735,"13.615560640732266",1299,"42.625152776427875","17.991203436240124","2.3692218770961686","85","15","50","20","8","0","1","2","0","1","1","2","0","1","27","1.3967166400000002"
"62488","Landrethun-Lès-Ardres",2017,560,65,495,5,2,488,"11.607142857142858",753,"38.421052631579016","19.078947368421016","2.013793103448284","40","5","20","15","4","1","0","1","0","2","0","0","0","0","10","0.9249365066666667"
"62489","Lapugnoy",2017,2805,613,2192,35,17,2140,"21.853832442067738",3459,"35.59273146812807","25.901355638880908","1.3741648106904218","285","65","170","50","15","2","2","8","0","0","0","1","1","1","81","1.8037585466666668"
"62490","Lattre-Saint-Quentin",2017,200,29,171,2,1,168,"14.499999999999998",267,"36.9402985074627","17.164179104477608","2.1521739130434794","10","0","5","5","3","0","0","2","0","0","0","1","0","0","4","1.1739034"
"62491","Laventie",2017,3948,669,3279,59,25,3195,"16.945288753799392",4994,"35.448539753212735","24.87840400611021","1.4248719389116145","285","50","155","80","37","1","2","10","1","0","1","11","7","4","118","1.7804054666666667"
"62492","Lebiez",2017,179,38,141,1,0,140,"21.22905027932961",250,"36.84210526315786","27.125506072874465","1.3582089552238807","15","5","5","5","1","0","0","0","0","0","1","0","0","0","4","1.24928052"
"62493","Lebucquière",2017,193,40,153,1,2,150,"20.72538860103627",234,"34.02489626556017","21.991701244813303","1.5471698113207533","20","0","10","10","6","4","0","1","0","0","0","0","0","1","3","1.0337982266666665"
"62494","Léchelle",2017,48,7,41,1,1,39,"14.583333333333334",49,"38","16","2.375","5","0","0","0","0","0","0","0","0","0","0","0","0","0","0","0.40584709333333335"
"62495","Ledinghem",2017,237,45,192,5,0,187,"18.9873417721519",338,"45.48192771084339","15.963855421686745","2.849056603773586","25","5","20","0","2","1","1","0","0","0","0","0","0","0","4","0.5745720266666666"
"62496","Lefaux",2017,215,32,183,1,0,182,"14.883720930232558",238,"32.47863247863243","26.495726495726483","1.2258064516129017","20","5","10","5","0","0","0","0","0","0","0","0","0","0","2","0.5931498000000001"
"62497","Leforest",2017,5267,1186,4081,76,39,3966,"22.517562179608884",7167,"39.277242918934","21.989674898841916","1.7861675126903553","665","125","385","155","47","2","4","13","2","1","0","7","12","6","233","2.4881265733333335"
"62498","Lens",2017,23278,7503,15775,294,167,15314,"32.232150528395906",31415,"39.267465816914246","24.815786888284048","1.5823582783688828","4230","780","2600","850","247","5","24","115","10","8","6","36","21","22","2422","5.392311239999999"
"62499","Lépine",2017,243,33,210,3,1,206,"13.580246913580247",273,"31.01045296167249","31.70731707317073","0.9780219780219784","20","0","10","5","3","0","0","2","0","0","0","1","0","0","4","1.2177098533333335"
"62500","Lespesses",2017,333,41,292,7,6,279,"12.312312312312311",405,"29.38271604938272","30.617283950617285","0.9596774193548387","30","0","20","10","0","0","0","0","0","0","0","0","0","0","4","0.7461790733333333"
"62501","Lespinoy",2017,174,17,157,3,0,154,"9.770114942528735",222,"30.180180180180184","31.53153153153153","0.9571428571428572","15","0","5","5","1","0","0","1","0","0","0","0","0","0","3","1.1748068133333334"
"62502","Lestrem",2017,3482,574,2908,57,13,2838,"16.484778862722575",4532,"36.80494263018535","21.932921447484553","1.6780684104627765","265","50","160","55","28","2","2","13","0","1","0","5","4","1","123","1.7978093599999998"
"62503","Leubringhen",2017,244,24,220,4,0,216,"9.836065573770492",295,"35.59322033898305","15.254237288135593","2.3333333333333335","15","5","5","5","1","0","1","0","0","0","0","0","0","0","4","1.1511838666666667"
"62504","Leulinghem",2017,168,12,156,3,1,152,"7.142857142857142",252,"37.09677419354836","16.53225806451611","2.243902439024391","20","0","15","5","5","1","0","2","0","0","0","1","0","1","2","0.6587723733333334"
"62505","Leulinghen-Bernes",2017,333,34,299,7,3,289,"10.21021021021021",470,"35.355855596410215","19.60424940115018","1.8034791780569719","30","5","20","5","4","0","0","1","0","0","0","1","0","2","7","1.1050228466666667"
"62506","Licques",2017,1243,211,1032,26,5,1001,"16.975060337892195",1631,"36.72593500919682","23.237277743715513","1.5804749340369393","135","35","80","20","13","0","1","6","1","0","0","1","1","3","39","1.58884964"
"62507","Liencourt",2017,231,41,190,5,0,185,"17.74891774891775",291,"36.78571428571429","18.571428571428555","1.9807692307692326","15","0","10","5","6","0","0","4","0","0","0","1","0","1","3","0.7464837933333333"
"62508","Lières",2017,284,39,245,7,2,236,"13.732394366197184",380,"36.18832867804008","21.68343841864526","1.6689386608962482","25","5","15","5","0","0","0","0","0","0","0","0","0","0","9","1.3655849333333334"
"62509","Liettres",2017,220,18,202,4,1,197,"8.181818181818182",327,"44.272445820433475","14.551083591331263","3.042553191489366","25","5","15","5","2","0","1","0","0","0","0","0","1","0","4","0.9989880000000002"
"62510","Liévin",2017,21278,5714,15564,287,100,15177,"26.85402763417614",30785,"39.088771721520644","23.52424699760499","1.6616375319261139","3560","690","2180","695","135","7","17","58","7","1","2","16","13","14","1684","3.9856763266666664"
"62511","Lignereuil",2017,100,21,79,5,0,74,"21",137,"30.4964539007092","30.49645390070924","0.9999999999999984","5","0","5","0","0","0","0","0","0","0","0","0","0","0","2","0.8323155133333333"
"62512","Ligny-Lès-Aire",2017,484,92,392,7,2,383,"19.00826446280992",598,"32.98969072164954","23.367697594501738","1.4117647058823541","30","5","20","5","6","2","0","1","0","0","0","2","1","0","12","1.2177407133333333"
"62513","Ligny-Sur-Canche",2017,165,31,134,0,0,134,"18.787878787878785",194,"23.711340206185564","41.75257731958763","0.5679012345679012","10","0","5","5","0","0","0","0","0","0","0","0","0","0","2","1.2147251466666666"
"62514","Ligny-Saint-Flochel",2017,192,25,167,8,2,157,"13.020833333333334",258,"34.27419354838705","24.193548387096754","1.4166666666666663","20","5","10","5","3","0","1","2","0","0","0","0","0","0","4","1.14000548"
"62515","Ligny-Thilloy",2017,465,69,396,8,7,381,"14.838709677419354",532,"30.592734225621417","27.533460803059285","1.1111111111111107","20","5","10","5","1","0","0","0","0","0","0","1","0","0","12","1.55367992"
"62516","Lillers",2017,6490,1241,5249,69,74,5106,"19.12172573189522",9931,"39.03615163825194","23.794014087803692","1.640587060854984","1065","180","670","220","62","0","9","32","2","1","2","7","6","3","355","2.52235378"
"62517","Linghem",2017,206,33,173,3,0,170,"16.019417475728158",205,"29.000000000000004","26.5","1.0943396226415094","10","0","5","5","1","0","0","0","0","0","0","0","0","1","1","0.8157259733333333"
"62518","Linzeux",2017,122,11,111,0,0,111,"9.01639344262295",153,"34.810126582278436","22.151898734177188","1.571428571428571","15","5","10","0","2","0","1","0","0","0","0","1","0","0","2","1.1865904333333332"
"62519","Lisbourg",2017,484,76,408,4,5,399,"15.702479338842975",591,"36.71742808798646","28.76480541455161","1.276470588235294","40","15","25","5","2","0","0","1","0","0","0","1","0","0","11","1.2056891666666667"
"62520","Locon",2017,1987,305,1682,20,11,1651,"15.349773527931553",2465,"31.659399834786566","26.280437421062757","1.204675528323314","135","20","70","45","10","2","1","3","1","0","1","1","1","0","52","1.40577614"
"62521","La Loge",2017,169,27,142,5,1,136,"15.976331360946746",201,"28.855721393034827","34.32835820895522","0.8405797101449275","25","10","10","5","1","0","0","1","0","0","0","0","0","0","2","1.1939178333333333"
"62522","Loison-Sur-Créquoise",2017,220,31,189,2,3,184,"14.09090909090909",266,"31.203007518796994","34.58646616541353","0.9021739130434783","20","5","10","5","1","0","1","0","0","0","0","0","0","0","3","0.9269885"
"62523","Loison-Sous-Lens",2017,3782,764,3018,62,34,2922,"20.200951877313592",5410,"38.45684120056137","22.74425486027875","1.690837595551374","605","125","355","125","35","0","5","15","0","1","1","10","2","1","286","4.0552525"
"62524","Longfossé",2017,1097,177,920,22,2,896,"16.134913400182317",1452,"35.272869030601726","26.247026958036873","1.343880550242706","120","20","75","25","10","2","1","2","0","0","0","0","3","2","37","1.62407034"
"62525","Longuenesse",2017,7065,1421,5644,69,70,5505,"20.113234253361643",11023,"36.903916750293384","25.374813384427668","1.4543522425643154","1050","180","645","225","54","0","7","23","0","2","2","7","9","4","464","2.9458971266666665"
"62526","Longueville",2017,105,10,95,0,5,90,"9.523809523809524",138,"30.555555555555507","26.38888888888889","1.1578947368421035","15","0","10","5","0","0","0","0","0","0","0","0","0","0","1","0.6166396466666666"
"62527","Longvilliers",2017,180,26,154,3,0,151,"14.444444444444443",247,"33.561230085442105","23.693668413132997","1.4164640738721441","15","0","15","0","0","0","0","0","0","0","0","0","0","0","4","1.13683058"
"62528","Loos-En-Gohelle",2017,5397,1179,4218,97,42,4079,"21.845469705391885",6751,"37.41757357147504","23.90353505320977","1.565357320086035","605","135","340","130","49","2","9","11","1","2","0","14","7","3","270","3.1219050066666667"
"62529","Lorgies",2017,1276,216,1060,14,8,1038,"16.927899686520377",1586,"35.687263556116015","19.419924337957127","1.8376623376623376","80","15","45","20","12","0","1","1","2","2","0","3","1","2","36","1.55367992"
"62530","Lottinghen",2017,388,32,356,3,4,349,"8.24742268041237",545,"37.06422018348624","23.119266055045873","1.6031746031746033","35","5","20","10","2","0","0","2","0","0","0","0","0","0","11","1.28394892"
"62531","Louches",2017,694,117,577,6,3,568,"16.85878962536023",960,"37.76059370654397","18.161029383679693","2.079209989081198","85","15","50","20","4","0","0","3","0","0","0","0","1","0","19","1.4403046000000002"
"62532","Lozinghem",2017,915,147,768,9,8,751,"16.065573770491802",1262,"40.01584786053883","19.334389857369256","2.069672131147541","125","30","75","20","3","0","0","1","0","0","0","1","0","1","36","1.9031996599999998"
"62533","Lugy",2017,122,20,102,6,0,96,"16.39344262295082",147,"39.72602739726013","20.547945205479415","1.93333333333333","15","5","10","0","0","0","0","0","0","0","0","0","0","0","2","1.0148499333333334"
"62534","Lumbres",2017,2683,475,2208,44,23,2141,"17.704062616474094",3626,"36.514065085493655","26.53061224489796","1.3762993762993763","350","85","195","70","13","0","2","5","0","0","1","2","1","2","124","2.2897695333333337"
"62535","La Madelaine-Sous-Montreuil",2017,146,27,119,1,1,117,"18.493150684931507",161,"31.51515151515155","26.06060606060605","1.2093023255813973","10","5","5","5","7","0","0","0","0","2","0","4","1","0","2","1.0455818466666666"
"62536","Magnicourt-En-Comte",2017,504,106,398,9,2,387,"21.03174603174603",649,"34.257019342792866","25.336449784419006","1.352084433070796","40","5","25","15","3","0","0","1","0","0","0","1","0","1","13","1.2840296333333332"
"62537","Magnicourt-Sur-Canche",2017,100,18,82,1,1,80,"18",117,"31.932773109243673","28.571428571428637","1.117647058823526","10","5","5","0","0","0","0","0","0","0","0","0","0","0","1","0.43356344"
"62538","Maintenay",2017,315,46,269,3,1,265,"14.603174603174605",426,"34.037558685446015","26.995305164319248","1.2608695652173914","35","5","20","10","2","0","0","0","0","0","0","1","1","0","7","1.1361545533333335"
"62539","Maisnil",2017,195,26,169,1,1,167,"13.333333333333334",242,"31.40495867768595","26.859504132231404","1.1692307692307693","10","0","5","5","2","0","1","1","0","0","0","0","0","0","2","0.68648872"
"62540","Maisnil-Lès-Ruitz",2017,1176,184,992,15,9,968,"15.646258503401361",1680,"38.392857142857146","20.714285714285715","1.853448275862069","130","25","80","25","16","0","2","4","0","0","1","5","2","2","53","2.0440795933333336"
"62541","Maisoncelle",2017,101,11,90,0,2,88,"10.891089108910892",125,"30.57851239669416","28.09917355371896","1.088235294117647","5","5","0","0","2","1","0","1","0","0","0","0","0","0","2","0.8014331600000001"
"62542","Maizières",2017,157,26,131,1,0,130,"16.560509554140125",193,"35.751295336787564","18.65284974093264","1.9166666666666667","15","0","5","5","0","0","0","0","0","0","0","0","0","0","2","0.9174107333333335"
"62543","Mametz",2017,1512,201,1311,21,7,1283,"13.293650793650794",1997,"33.56643356643355","25.374625374625392","1.32283464566929","170","25","110","35","7","1","2","0","0","0","0","3","0","1","43","1.4501428933333333"
"62544","Manin",2017,134,12,122,6,2,114,"8.955223880597014",185,"32.972972972972975","27.56756756756757","1.196078431372549","10","0","5","5","0","0","0","0","0","0","0","0","0","0","2","0.8903281466666667"
"62545","Maninghem",2017,106,7,99,2,2,95,"6.60377358490566",151,"36.423841059602644","24.503311258278146","1.4864864864864864","5","0","5","0","1","0","0","1","0","0","0","0","0","0","1","0.4455841266666667"
"62546","Maninghen-Henne",2017,275,32,243,1,2,240,"11.636363636363637",314,"26.48557486272729","25.964944768549493","1.0200512690790864","20","5","5","5","2","0","0","2","0","0","0","0","0","0","4","1.0687622866666666"
"62547","Marant",2017,65,10,55,0,1,54,"15.384615384615385",66,"22.727272727272727","36.36363636363637","0.625","0","0","0","0","0","0","0","0","0","0","0","0","0","0","0","0.6138210466666667"
"62548","Marck",2017,7918,1577,6341,133,72,6136,"19.916645617580198",10676,"38.72010074214453","20.04538045811037","1.931622142221719","920","175","540","205","57","2","5","20","0","2","2","13","5","8","274","1.865336213333333"
"62549","Marconne",2017,853,167,686,13,3,670,"19.577960140679952",1093,"27.33752454285105","38.27260157666624","0.7142844598136228",NULL,NULL,NULL,NULL,"14","0","0","8","0","1","0","0","5","0",NULL,NULL
"62550","Marconnelle",2017,936,218,718,28,8,682,"23.29059829059829",1134,"29.57284924256764","35.03296774115587","0.8441434211645786","100","20","60","25","9","2","0","6","0","0","0","1","0","0","27","1.6052030266666668"
"62551","Marenla",2017,192,19,173,3,2,168,"9.895833333333332",243,"31.512605042016794","28.57142857142855","1.1029411764705885","15","0","10","0","1","0","1","0","0","0","0","0","0","0","2","0.81189362"
"62552","Maresquel-Ecquemicourt",2017,784,168,616,13,2,601,"21.428571428571427",986,"32.03883495145629","33.883495145631","0.9455587392550155","100","20","60","20","6","3","1","0","0","0","0","1","0","1","27","1.9417013866666666"
"62553","Marest",2017,247,27,220,3,2,215,"10.931174089068826",285,"30.742049469964634","24.38162544169608","1.2608695652173916","25","5","20","5","2","0","1","1","0","0","0","0","0","0","4","1.1276289133333333"
"62554","Maresville",2017,75,7,68,1,0,67,"9.333333333333334",102,"37.62376237623764","22.772277227722753","1.6521739130434807","5","0","5","0","0","0","0","0","0","0","0","0","0","0","0","0.54685568"
"62555","Marles-Les-Mines",2017,3927,971,2956,55,35,2866,"24.726254138018845",5579,"37.541369408121405","25.280706707216243","1.4849810111283566","725","135","430","155","14","1","1","5","0","0","1","6","0","0","183","2.4208057266666665"
"62556","Marles-Sur-Canche",2017,237,28,209,9,0,200,"11.814345991561181",299,"35.42409903597152","25.17666636593289","1.4070210297541481","20","5","10","5","2","0","0","0","0","0","1","0","1","0","4","1.1593535666666666"
"62557","Maroeuil",2017,2215,338,1877,25,13,1839,"15.259593679458238",2464,"31.672951810190785","25.120883386554695","1.2608215771242712","155","20","95","40","18","2","0","5","0","3","1","5","1","1","45","1.3670703066666665"
"62558","Marquay",2017,135,8,127,0,1,126,"5.9259259259259265",179,"34.09090909090913","28.97727272727279","1.176470588235293","15","5","5","0","1","0","0","1","0","0","0","0","0","0","2","0.8136962600000001"
"62559","Marquion",2017,767,166,601,16,2,583,"21.642764015645373",976,"35.185185185185205","25.20576131687241","1.3959183673469409","75","10","50","15","10","1","2","5","0","0","0","0","1","1","25","1.8136423866666667"
"62560","Marquise",2017,3778,846,2932,36,29,2867,"22.3928004235045",5088,"38.50235849056604","23.919025157232703","1.609695973705834","470","85","295","95","36","2","5","10","2","3","2","5","4","3","173","2.264787146666667"
"62561","Martinpuich",2017,157,16,141,1,4,136,"10.191082802547772",196,"29.081632653061224","35.204081632653065","0.8260869565217391","10","0","5","5","1","0","0","0","0","0","0","1","0","0","1","0.5750723333333333"
"62562","Matringhem",2017,140,18,122,6,3,113,"12.857142857142856",185,"30.459770114942593","32.758620689655245","0.9298245614035087","15","5","5","5","0","0","0","0","0","0","0","0","0","0","2","1.2799293533333334"
"62563","Mazingarbe",2017,5564,1511,4053,80,25,3948,"27.15672178289001",8053,"43.728390849710614","18.291636276402166","2.3906221504154943","905","190","535","175","30","1","1","16","1","1","0","3","2","5","294","2.7450331000000006"
"62564","Mazinghem",2017,348,50,298,2,2,294,"14.367816091954023",474,"38.36975507782975","17.31599938921028","2.21585564976043","15","0","10","5","2","0","1","0","0","0","0","0","1","0","10","1.35464902"
"62565","Mencas",2017,67,6,61,1,0,60,"8.955223880597014",77,"24.675324675324674","41.55844155844156","0.59375","10","0","5","5","0","0","0","0","0","0","0","0","0","0","0","0.60900284"
"62566","Menneville",2017,526,49,477,5,6,466,"9.315589353612168",700,"31.343283582089594","26.268656716417986","1.1931818181818161","50","10","25","15","1","0","1","0","0","0","0","0","0","0","11","1.1241338666666667"
"62567","Mentque-Nortbécourt",2017,466,56,410,13,7,390,"12.017167381974248",651,"39.246467817896374","20.565149136577705","1.9083969465648851","45","10","25","5","4","0","0","1","1","0","0","0","0","2","13","1.3276086999999999"
"62568","Mercatel",2017,488,55,433,10,1,422,"11.270491803278688",697,"37.92639660294462","22.310953865903528","1.69990027458688","45","10","25","5","7","0","1","1","0","1","0","2","2","0","13","1.2659432733333333"
"62569","Merck-Saint-Liévin",2017,440,58,382,6,2,374,"13.18181818181818",656,"36.115326251896946","27.16236722306527","1.32960893854749","60","10","45","10","2","0","1","0","0","0","0","1","0","0","10","1.0240093333333333"
"62570","Méricourt",2017,8891,2501,6390,121,45,6224,"28.129569227308515",11363,"36.62561885959412","25.83313343102721","1.4177768623145213","1200","235","730","240","53","3","6","26","1","1","0","5","5","6","465","3.021199406666667"
"62571","Merlimont",2017,2862,455,2407,37,11,2359,"15.897973445143258",3348,"28.52668436963662","34.604042852420974","0.8243743221362019","285","45","155","85","31","0","4","8","0","3","1","7","6","2","170","3.1698534733333337"
"62572","Metz-En-Couture",2017,504,108,396,5,1,390,"21.428571428571427",664,"36.05769230769233","24.839743589743644","1.451612903225804","70","10","45","15","1","0","0","0","0","0","0","0","1","0","13","1.2363599666666665"
"62573","Meurchin",2017,2919,698,2221,41,18,2162,"23.912298732442615",3786,"35.91082415816296","22.573192763787834","1.5908615380174091","320","55","215","50","10","0","2","4","0","0","0","2","2","0","97","2.0089872466666665"
"62574","Mingoval",2017,168,12,156,3,6,147,"7.142857142857142",230,"36.79653679653678","24.242424242424217","1.5178571428571437","15","5","10","5","2","0","0","0","0","0","1","0","0","1","2","0.8295493"
"62576","Moncheaux-Lès-Frévent",2017,93,15,78,0,1,77,"16.129032258064516",139,"41.726618705035975","20.863309352517987","2","20","5","15","5","0","0","0","0","0","0","0","0","0","0","1","0.38013282000000004"
"62577","Monchel-Sur-Canche",2017,62,10,52,0,0,52,"16.129032258064516",90,"46.067415730337004","17.9775280898876","2.5625000000000018","5","0","5","0","1","0","0","1","0","0","0","0","0","0","0","0.9063172533333334"
"62578","Monchiet",2017,91,6,85,2,2,81,"6.593406593406594",96,"35.0515463917526","22.680412371134004","1.5454545454545476","0","0","0","0","1","0","1","0","0","0","0","0","0","0","0","0.44642174"
"62579","Monchy-Au-Bois",2017,408,44,364,8,3,353,"10.784313725490197",561,"38.14385749745838","21.239014616080308","1.7959334831183371","35","5","25","5","3","0","0","2","0","0","0","0","1","0","12","1.2404293866666667"
"62580","Monchy-Breton",2017,321,40,281,5,3,273,"12.461059190031152",476,"41.04627766599601","18.913480885311863","2.1702127659574493","20","0","15","0","2","0","0","1","0","0","0","0","0","1","10","1.4244329866666667"
"62581","Monchy-Cayeux",2017,225,34,191,1,2,188,"15.11111111111111",300,"32.666666666666664","27.333333333333332","1.1951219512195121","30","5","20","5","2","1","1","0","0","0","0","0","0","0","3","0.7764021466666667"
"62582","Monchy-Le-Preux",2017,519,88,431,7,1,423,"16.955684007707127",651,"32.41829494423295","21.60102600347026","1.500775701072017","45","10","25","15","10","1","2","3","0","1","1","2","0","0","14","1.3896316533333333"
"62583","Mondicourt",2017,434,62,372,2,6,364,"14.285714285714285",592,"37.91304347826083","24.34782608695654","1.5571428571428543","50","10","30","15","4","0","0","3","0","0","0","0","1","0","13","1.3655849333333334"
"62584","Mont-Bernanchon",2017,1159,221,938,14,7,917,"19.06816220880069",1359,"34.65048447150463","19.781458255082537","1.7516648178655754","85","10","50","25","2","0","0","1","0","1","0","0","0","0","31","1.4912233533333332"
"62585","Montcavrel",2017,304,48,256,7,2,247,"15.789473684210526",413,"35.33834586466164","29.573934837092715","1.1949152542372885","25","5","15","5","6","0","1","3","0","0","1","1","0","0","7","1.0687622866666666"
"62586","Montenescourt",2017,368,47,321,15,1,305,"12.771739130434783",460,"31.381550960232087","28.509312991367867","1.1007473582311116","20","0","10","5","2","1","0","1","0","0","0","0","0","0","9","1.2209678333333334"
"62587","Montigny-En-Gohelle",2017,6409,1639,4770,93,33,4644,"25.57341238882821",10198,"39.92530367700059","23.335109402396615","1.7109542101782513","1130","205","710","215","33","0","5","16","1","1","0","4","2","4","413","3.0540941266666675"
"62588","Montreuil",2017,1530,326,1204,32,7,1165,"21.30718954248366",2014,"29.48421651719295","37.64981492092633","0.7831171701405943","165","35","100","30","22","2","2","6","0","1","1","2","6","2","128","4.232647493333333"
"62589","Mont-Saint-Eloi",2017,830,101,729,19,7,703,"12.168674698795181",1023,"32.44575936883626","25.345167652859914","1.2801556420233475","55","5","35","15","7","1","0","2","1","1","1","1","0","0","22","1.5218721866666667"
"62590","Monts-En-Ternois",2017,41,5,36,6,0,30,"12.195121951219512",63,"40.983606557377044","21.311475409836063","1.923076923076923","5","0","5","5","0","0","0","0","0","0","0","0","0","0","0","0.5745720266666666"
"62591","Morchies",2017,139,26,113,2,0,111,"18.705035971223023",210,"35.64356435643566","21.287128712871286","1.6744186046511638","5","0","5","0","2","0","0","2","0","0","0","0","0","0","3","1.0764642"
"62592","Moringhem",2017,394,49,345,6,5,334,"12.436548223350254",558,"38.43166736716756","20.61032972835939","1.8646798898266235","25","5","15","5","3","0","2","0","0","0","0","0","1","0","13","1.3978844333333333"
"62593","Morval",2017,80,9,71,2,1,68,"11.25",94,"38.297872340425535","25.53191489361702","1.5","0","0","0","0","0","0","0","0","0","0","0","0","0","0","0","0.7371531266666668"
"62594","Mory",2017,263,52,211,4,2,205,"19.771863117870723",309,"36.89320388349515","21.68284789644013","1.7014925373134329","30","5","20","5","3","2","0","0","0","0","0","0","0","1","3","0.9926721866666668"
"62595","Moulle",2017,867,121,746,20,4,722,"13.956170703575548",1117,"35.8090185676393","22.723253757736465","1.5758754863813285","80","10","45","20","5","0","3","0","0","0","0","2","0","0","24","1.4214393866666666"
"62596","Mouriez",2017,207,25,182,2,3,177,"12.077294685990339",249,"31.72690763052209","29.71887550200803","1.0675675675675675","15","5","5","5","1","1","0","0","0","0","0","0","0","0","4","1.1172859466666667"
"62597","Moyenneville",2017,209,29,180,5,2,173,"13.875598086124402",272,"34.275618374558306","30.03533568904593","1.141176470588236","20","5","15","0","0","0","0","0","0","0","0","0","0","0","3","0.9615624466666668"
"62598","Muncq-Nieurlet",2017,520,95,425,6,3,416,"18.269230769230766",734,"42.207971162511335","15.577747144589871","2.709504190223687","60","5","40","15","5","1","0","2","0","0","0","0","0","2","16","1.45208822"
"62599","Nabringhen",2017,166,26,140,1,2,137,"15.66265060240964",212,"35.426008968609864","21.524663677130057","1.6458333333333321","20","0","10","5","1","0","1","0","0","0","0","0","0","0","3","0.8697410666666667"
"62600","Nédon",2017,129,14,115,0,0,115,"10.852713178294573",153,"31.818181818181827","27.27272727272732","1.166666666666665","10","5","5","0","4","1","0","2","0","0","0","0","0","1","1","0.6787868066666668"
"62601","Nédonchel",2017,136,21,115,1,2,112,"15.441176470588236",282,"32.72357573939657","36.849028491508925","0.8880444635585718","15","5","10","5","5","0","3","1","0","0","1","0","0","0","1","0.5192212733333333"
"62602","Nempont-Saint-Firmin",2017,158,39,119,2,1,116,"24.68354430379747",198,"32.642487046632105","24.87046632124351","1.3125000000000002","20","5","10","0","2","0","0","0","0","0","0","0","0","2","2","1.09231724"
"62603","Nesles",2017,736,135,601,9,5,587,"18.342391304347828",953,"34.66236895513861","24.76596825423581","1.39959676114057","105","25","60","25","4","0","0","2","0","0","1","1","0","0","20","1.5282554466666665"
"62604","Neufchâtel-Hardelot",2017,3484,636,2848,35,13,2800,"18.2548794489093",3746,"29.4981313400961","34.08969567538708","0.86530931871574","330","50","180","100","42","2","4","13","0","1","4","14","2","2","129","2.2388303533333334"
"62605","Neulette",2017,33,6,27,0,0,27,"18.181818181818183",28,"39.285714285714285","25","1.5714285714285714","0","0","0","0","0","0","0","0","0","0","0","0","0","0","0","0.30541315333333335"
"62606","Neuve-Chapelle",2017,1124,159,965,16,7,942,"14.145907473309608",1440,"35.77275860869896","17.648681463592148","2.0269366118083876","55","10","35","10","10","1","0","3","1","1","0","2","2","0","34","1.9471834133333334"
"62607","Neuville-Au-Cornet",2017,55,9,46,2,1,43,"16.363636363636363",71,"31.944444444444365","24.99999999999993","1.2777777777777783","5","0","5","0","1","0","0","0","1","0","0","0","0","0","0","0.7764021466666667"
"62608","Neuville-Bourjonval",2017,144,28,116,1,0,115,"19.444444444444446",168,"29.166666666666668","31.547619047619047","0.9245283018867925","15","0","10","5","1","0","0","1","0","0","0","0","0","0","2","0.8799851800000001"
"62609","Neuville-Saint-Vaast",2017,1230,135,1095,21,8,1066,"10.975609756097562",1526,"30.278802546414152","29.393403920462347","1.0301223576673075","70","10","35","25","9","0","1","3","0","0","0","2","1","2","48","2.0644124600000002"
"62610","Neuville-Sous-Montreuil",2017,441,69,372,0,1,371,"15.646258503401361",650,"37.46130030959742","22.910216718266263","1.63513513513513","75","15","40","15","6","0","2","1","0","0","0","1","1","1","14","1.34696568"
"62611","Neuville-Vitasse",2017,406,54,352,5,2,345,"13.30049261083744",505,"32.17698944178146","23.76986812028451","1.3536881769370255","25","5","15","5","6","0","1","0","0","0","0","1","3","1","7","0.90209948"
"62612","Neuvireuil",2017,448,33,415,12,2,401,"7.366071428571429",574,"36.41114982578397","21.602787456445995","1.685483870967742","35","0","20","10","4","0","2","0","0","0","0","2","0","0","12","1.2921924533333333"
"62613","Nielles-Lès-Bléquin",2017,683,134,549,15,4,530,"19.619326500732065",847,"35.5056179775281","27.303370786516833","1.300411522633746","75","15","40","20","7","0","1","3","0","0","1","1","1","0","17","1.3158373666666665"
"62614","Nielles-Lès-Ardres",2017,448,39,409,4,1,404,"8.705357142857142",557,"35.34482758620686","20.34482758620691","1.7372881355932173","40","5","20","10","3","0","0","2","0","0","0","0","1","0","14","1.4594156200000001"
"62615","Nielles-Lès-Calais",2017,210,25,185,2,1,182,"11.904761904761903",281,"38.848920863309324","12.230215827338117","3.176470588235295","15","5","5","5","2","0","1","0","0","0","0","1","0","0","5","1.2174727866666666"
"62616","Noeux-Lès-Auxi",2017,161,32,129,3,0,126,"19.875776397515526",179,"33.149171270718206","29.834254143646373","1.1111111111111118","10","0","5","5","2","0","1","0","0","0","1","0","0","0","2","1.0578449466666666"
"62617","Noeux-Les-Mines",2017,8610,2119,6491,139,63,6289,"24.610917537746808",12074,"36.734532651736544","26.66340519042796","1.3777134761813572","1270","250","755","265","52","2","9","17","1","3","0","7","5","8","607","3.4916012466666673"
"62618","Nordausques",2017,789,85,704,8,3,693,"10.773130544993663",1273,"46.66142969363708","13.040062843676356","3.5783132530120483","85","10","55","15","5","0","1","3","0","0","0","1","0","0","29","1.4912233533333332"
"62619","Noreuil",2017,117,16,101,2,0,99,"13.675213675213676",160,"40.000000000000064","23.225806451612936","1.7222222222222225","10","0","5","5","1","0","0","1","0","0","0","0","0","0","2","1.2799293533333334"
"62620","Norrent-Fontes",2017,1124,182,942,17,7,918,"16.19217081850534",1398,"30.280897422850288","28.118478858954543","1.076903824518484","100","10","65","25","13","0","2","3","2","1","0","1","1","3","30","1.45208822"
"62621","Nortkerque",2017,1155,131,1024,23,8,993,"11.341991341991342",1613,"36.6157304371168","20.90114068423683","1.7518532117594692","135","25","80","30","3","0","0","0","0","0","0","2","1","0","37","1.55369474"
"62622","Nort-Leulinghem",2017,164,23,141,8,2,131,"14.02439024390244",234,"46","11.6","3.9655172413793105","20","5","10","0","0","0","0","0","0","0","0","0","0","0","2","0.8830007466666667"
"62623","Nouvelle-Eglise",2017,442,53,389,1,8,380,"11.990950226244344",679,"46.09720176730486","9.425625920471282","4.890625","70","5","50","10","4","0","1","1","0","0","0","0","2","0","14","1.3729989733333334"
"62624","Noyelles-Godault",2017,3942,901,3041,52,19,2970,"22.856418061897514",5973,"40.30125328749472","21.85037656713516","1.844419164295377","740","135","460","145","42","3","2","22","3","2","2","3","2","3","500","5.823411706666667"
"62625","Noyelles-Lès-Humières",2017,48,7,41,2,0,39,"14.583333333333334",53,"35.7142857142857","23.214285714285698","1.5384615384615388","5","0","5","0","0","0","0","0","0","0","0","0","0","0","0","0.7764021466666667"
"62626","Noyelles-Lès-Vermelles",2017,1603,285,1318,30,14,1274,"17.779164067373674",2401,"41.562574157253394","17.82239645921174","2.3320418358088553","210","40","115","55","11","1","1","4","0","0","0","2","1","2","69","1.873491573333333"
"62627","Noyelles-Sous-Bellonne",2017,594,69,525,6,1,518,"11.616161616161616",812,"37.55178570922258","16.297850951933157","2.304094314027851","55","5","40","10","1","0","0","0","0","0","0","1","0","0","17","1.3080640666666667"
"62628","Noyelles-Sous-Lens",2017,4854,1324,3530,43,30,3457,"27.27647301194891",6561,"35.19280597469898","27.312909617436365","1.2885044642857142","690","140","400","150","29","1","5","14","0","0","1","4","1","3","233","2.9102999266666667"
"62629","Noyellette",2017,124,14,110,1,0,109,"11.29032258064516",173,"29.714285714285722","25.14285714285715","1.1818181818181817","5","0","5","0","2","0","0","0","1","0","0","0","1","0","2","0.8579697333333333"
"62630","Noyelle-Vion",2017,227,27,200,5,1,194,"11.894273127753303",294,"37.07482993197279","24.489795918367346","1.5138888888888888","15","5","5","5","1","0","0","0","0","0","0","0","0","1","4","0.9646735399999999"
"62631","Nuncq-Hautecôte",2017,324,44,280,3,1,276,"13.580246913580247",476,"43.909954901293666","19.958202117858445","2.2000957121284674","20","5","10","5","1","0","0","1","0","0","0","0","0","0","9","1.2613101"
"62632","Oblinghem",2017,247,37,210,4,3,203,"14.979757085020243",379,"42.30769230769224","19.230769230769205","2.1999999999999993","35","5","25","5","0","0","0","0","0","0","0","0","0","0","9","1.3705206333333335"
"62633","Oeuf-En-Ternois",2017,198,23,175,2,4,169,"11.616161616161616",249,"32.53012048192771","27.710843373493976","1.173913043478261","15","0","10","5","1","0","0","1","0","0","0","0","0","0","4","1.1172859466666667"
"62634","Offekerque",2017,877,144,733,10,2,721,"16.419612314709237",1167,"42.8796298097317","14.293562667953305","2.9999259670837297","95","20","50","20","6","0","0","4","0","0","0","0","2","0","28","1.6734713133333334"
"62635","Offin",2017,184,30,154,3,2,149,"16.304347826086957",207,"27.500000000000004","31.5","0.8730158730158731","10","0","5","5","2","0","1","1","0","0","0","0","0","0","1","0.30541315333333335"
"62636","Offrethun",2017,219,21,198,1,3,194,"9.58904109589041",264,"27.139938655150797","26.062196774703956","1.0413526875636554","15","0","15","5","1","0","0","1","0","0","0","0","0","0","4","1.1123502466666666"
"62637","Oignies",2017,7051,1870,5181,122,51,5008,"26.521060842433698",9767,"36.66390313645837","24.918271377214317","1.471366234897998","1140","190","685","265","63","4","8","27","2","1","1","8","7","5","407","3.0855415600000007"
"62638","Oisy-Le-Verger",2017,980,220,760,13,9,738,"22.448979591836736",1217,"31.224322103533282","30.238290879211178","1.0326086956521738","100","15","60","30","3","0","0","1","0","0","0","1","0","1","28","1.5156318666666666"
"62639","Oppy",2017,318,39,279,9,1,269,"12.264150943396226",399,"36.8461554512524","20.515657006612845","1.7960017287955106","20","0","15","0","4","0","2","1","1","0","0","0","0","0","7","1.2177098533333335"
"62640","Orville",2017,284,45,239,1,2,236,"15.845070422535212",402,"38.61232417776383","22.43397195788602","1.7211541607633496","30","5","20","5","0","0","0","0","0","0","0","0","0","0","5","0.90864268"
"62641","Ostreville",2017,206,38,168,0,2,166,"18.446601941747574",239,"27.55555555555564","29.33333333333341","0.9393939393939398","10","0","10","0","2","2","0","0","0","0","0","0","0","0","1","0.30541315333333335"
"62642","Ourton",2017,556,83,473,8,3,462,"14.928057553956833",769,"36.30338133801067","24.75475879920442","1.4665213114165911","65","15","30","20","4","0","2","1","0","0","0","0","0","1","19","1.5292862266666667"
"62643","Outreau",2017,10699,2783,7916,51,146,7719,"26.011776801570242",13422,"35.87056854719825","25.645987753317605","1.3986814971693957","1475","285","885","310","50","2","5","17","1","3","1","8","5","8","551","3.064471213333333"
"62644","Ouve-Wirquin",2017,406,81,325,9,4,312,"19.950738916256157",506,"36.30952380952382","23.214285714285694","1.564102564102566","50","10","30","10","1","0","0","1","0","0","0","0","0","0","8","1.14000548"
"62645","Oye-Plage",2017,4336,895,3441,50,67,3324,"20.641143911439112",5373,"35.51162731996728","25.248023296468265","1.406511191113116","445","70","265","105","22","1","1","8","1","4","0","3","1","3","146","1.9226424199999999"
"62646","Palluel",2017,475,84,391,10,1,380,"17.684210526315788",563,"32.00871845396614","25.282245581401554","1.2660551987325368","45","5","25","15","3","0","0","3","0","0","0","0","0","0","18","1.9479126666666668"
"62647","Le Parcq",2017,567,76,491,11,2,478,"13.403880070546737",776,"33.691275167785314","28.187919463087212","1.1952380952380994","65","10","40","15","8","2","1","4","0","0","0","0","0","1","19","1.55367992"
"62648","Parenty",2017,366,46,320,2,1,317,"12.568306010928962",520,"35.030023461344044","21.088068164121314","1.6611300375509601","35","5","20","10","1","0","0","1","0","0","0","0","0","0","8","1.2024620466666667"
"62649","Pas-En-Artois",2017,629,102,527,12,2,513,"16.216216216216218",762,"30.839895013123357","31.36482939632546","0.9832635983263598","80","15","45","25","1","0","0","0","0","0","0","0","1","0","11","0.9529022066666667"
"62650","Pelves",2017,589,84,505,9,2,494,"14.261460101867574",740,"33.95472703062581","26.631158455392768","1.2750000000000015","40","5","25","10","2","0","0","1","0","0","0","0","1","0","16","1.4403046000000002"
"62651","Penin",2017,330,43,287,6,3,278,"13.030303030303031",474,"43.24894514767932","17.932489451476794","2.411764705882353","35","10","25","5","1","0","0","0","0","0","0","0","1","0","9","1.2958009666666668"
"62652","Pernes",2017,1213,227,986,25,13,948,"18.713932399010716",1686,"36.79719508010783","26.405801888490327","1.3935268936538854","140","25","80","30","14","0","2","5","0","0","0","1","1","5","46","1.80304726"
"62653","Pernes-Lès-Boulogne",2017,336,33,303,4,1,298,"9.821428571428571",421,"27.078384798099762","33.4916864608076","0.8085106382978723","30","5","10","10","2","0","0","0","0","0","0","1","1","0","8","1.2804088333333334"
"62654","Peuplingues",2017,541,58,483,6,0,477,"10.720887245841034",777,"39.43819751622612","17.19345691519246","2.293791045672601","50","10","30","10","5","0","0","0","0","0","1","1","2","1","18","1.4912233533333332"
"62655","Pierremont",2017,232,22,210,6,0,204,"9.482758620689655",292,"35.54817275747507","24.584717607973406","1.4459459459459465","20","0","15","5","2","1","0","1","0","0","0","0","0","0","3","0.81596304"
"62656","Pihem",2017,754,117,637,11,6,620,"15.517241379310345",948,"33.07943722930021","23.03316128330419","1.4361657447898029","55","5","35","15","4","2","0","1","0","0","0","0","1","0","18","1.3973926666666665"
"62657","Pihen-Lès-Guînes",2017,360,30,330,1,4,325,"8.333333333333332",499,"36.67334669338677","21.442885771543086","1.7102803738317758","30","10","15","10","3","0","0","1","0","0","0","0","1","1","6","0.8663989200000001"
"62658","Pittefaux",2017,120,17,103,2,0,101,"14.166666666666666",124,"29.365079365079406","28.57142857142861","1.027777777777778","5","0","0","0","0","0","0","0","0","0","0","0","0","0","2","0.8522688333333335"
"62659","Planques",2017,74,14,60,0,0,60,"18.91891891891892",81,"24.705882352941224","32.941176470588225","0.7500000000000018","5","0","5","5","0","0","0","0","0","0","0","0","0","0","0","0.7535064733333333"
"62660","Plouvain",2017,399,52,347,1,12,334,"13.032581453634084",454,"31.955601623909498","24.347125046788186","1.3125000000000002","30","5","20","5","3","0","0","2","0","0","0","0","1","0","11","1.4594156200000001"
"62661","Bouin-Plumoison",2017,381,54,327,8,6,313,"14.173228346456693",494,"34.83272108862163","28.68822188737971","1.2141819463528676","45","5","25","15","4","0","0","2","0","0","0","1","1","0","11","1.3967166400000002"
"62662","Polincove",2017,629,83,546,12,3,531,"13.195548489666137",853,"37.70079890419861","18.89311995542109","1.9954776655816946","60","10","40","15","3","0","0","2","1","0","0","0","0","0","17","1.3080640666666667"
"62663","Pommera",2017,225,39,186,2,0,184,"17.333333333333336",306,"38.23529411764706","19.934640522875817","1.9180327868852458","30","5","15","5","1","0","1","0","0","0","0","0","0","0","5","1.3190644866666665"
"62664","Pommier",2017,191,18,173,5,2,166,"9.424083769633508",232,"34.91379310344828","20.25862068965517","1.7234042553191489","15","5","10","0","2","0","0","1","0","0","0","1","0","0","2","1.01539172"
"62665","Le Ponchel",2017,184,25,159,7,2,150,"13.586956521739129",207,"22.32558139534884","41.860465116279094","0.5333333333333331","15","0","10","5","2","0","0","2","0","0","0","0","0","0","3","1.09641752"
"62666","Pont-À-Vendin",2017,2358,592,1766,33,14,1719,"25.10602205258694",3187,"44.1794791339818","15.751490429871353","2.804780876494024","360","80","210","70","17","0","1","7","0","0","1","4","1","3","109","2.649955826666667"
"62667","Le Portel",2017,6840,1719,5121,76,40,5005,"25.13157894736842",9240,"38.97041703242253","24.358313901843555","1.5998815513036417","1305","295","730","280","35","6","1","15","1","0","1","6","3","2","378","3.04585476"
"62668","Prédefin",2017,143,22,121,3,0,118,"15.384615384615385",190,"32.631578947368425","29.47368421052631","1.1071428571428572","15","0","10","5","1","1","0","0","0","0","0","0","0","0","2","1.1988535333333334"
"62669","Pressy",2017,246,38,208,5,1,202,"15.447154471544716",317,"36.82539682539686","31.111111111111107","1.1836734693877562","20","5","10","0","0","0","0","0","0","0","0","0","0","0","5","1.3122165666666668"
"62670","Preures",2017,454,61,393,5,6,382,"13.43612334801762",605,"34.06469640591357","28.31964700682891","1.202864442402807","45","5","30","10","3","0","1","0","0","0","0","2","0","0","10","1.1050228466666667"
"62671","Pronville",2017,211,32,179,4,0,175,"15.165876777251185",324,"37.65432098765432","19.444444444444446","1.9365079365079365","35","5","15","15","3","0","2","1","0","0","0","0","0","0","3","0.7721257266666667"
"62672","Puisieux",2017,485,71,414,6,6,402,"14.63917525773196",661,"36.61119515885023","24.05446293494705","1.5220125786163523","60","10","40","10","6","1","0","3","0","0","0","0","1","1","16","1.5218721866666667"
"62673","Quéant",2017,520,101,419,8,5,406,"19.423076923076923",657,"40.090775296116206","17.238417808591596","2.3256644398150645","50","15","30","10","5","0","0","4","0","0","0","0","1","0","19","1.8451907866666668"
"62674","Quelmes",2017,437,63,374,7,2,365,"14.416475972540047",576,"37.378506161753606","18.782110726305547","1.990112118197803","35","10","15","10","4","0","1","0","0","0","1","0","0","2","8","0.8899538733333334"
"62675","Quercamps",2017,195,31,164,5,0,159,"15.897435897435896",269,"35.31598513011153","27.137546468401485","1.3013698630136987","15","5","5","5","3","0","2","0","0","0","0","1","0","0","1","0.46830366"
"62676","Quernes",2017,381,61,320,7,3,310,"16.010498687664043",458,"34.49781659388647","20.96069868995633","1.6458333333333333","30","5","20","10","1","0","0","1","0","0","0","0","0","0","9","1.34971332"
"62677","Le Quesnoy-En-Artois",2017,281,65,216,1,3,212,"23.131672597864767",347,"33.6414757567081","31.22614456957101","1.0773496446785418","40","5","30","5","2","0","0","1","0","0","0","0","0","1","8","1.3773685533333333"
"62678","Quesques",2017,502,62,440,12,8,420,"12.350597609561753",676,"34.728645266801045","25.418309814306774","1.36628460037315","35","5","25","5","1","0","0","0","0","0","0","1","0","0","11","1.1050228466666667"
"62679","Questrecques",2017,273,32,241,0,10,231,"11.72161172161172",307,"32.925798578676705","18.543600833176782","1.7755881867219878","25","5","15","5","1","0","0","1","0","0","0","0","0","0","5","1.1988535333333334"
"62680","Quiéry-La-Motte",2017,548,55,493,11,0,482,"10.036496350364963",737,"33.51424694708277","25.37313432835821","1.320855614973262","40","10","25","10","8","0","1","3","0","0","1","1","1","1","17","1.5218721866666667"
"62681","Quiestède",2017,492,69,423,11,7,405,"14.02439024390244",614,"33.811802232854824","22.009569377990452","1.5362318840579674","50","10","25","15","4","0","0","2","0","0","0","1","1","0","8","0.8089403599999999"
"62682","Quilen",2017,44,2,42,1,0,41,"4.545454545454546",60,"41.379310344827665","22.413793103448285","1.8461538461538487","5","0","0","0","1","0","0","1","0","0","0","0","0","0","0","0"
"62683","Quoeux-Haut-Maînil",2017,182,22,160,2,1,157,"12.087912087912088",257,"32.97499383859646","27.65610862702178","1.1923222562981182","20","5","15","5","2","0","1","0","0","0","0","1","0","0","2","0.49120179999999997"
"62684","Racquinghem",2017,1879,387,1492,26,8,1458,"20.596061734965406",2276,"34.42284489645248","24.48460423886155","1.4058975411910937","185","35","100","50","12","0","0","3","1","0","1","2","1","4","56","1.6265351933333332"
"62685","Radinghem",2017,186,22,164,5,3,156,"11.827956989247312",275,"45.09090909090909","15.272727272727273","2.9523809523809526","20","5","10","5","2","0","0","1","0","0","0","1","0","0","3","1.0260283200000002"
"62686","Ramecourt",2017,278,42,236,10,2,224,"15.107913669064748",382,"37.60913869480937","23.29111091661871","1.6147421576174985","35","10","15","10","2","0","0","1","0","1","0","0","0","0","9","1.3080640666666667"
"62688","Rang-Du-Fliers",2017,3414,689,2725,56,23,2646,"20.181605155243115",4171,"31.15735899911539","30.772816710098116","1.0124961680511713","315","65","175","80","32","0","2","12","0","3","3","5","4","3","143","2.738470426666667"
"62689","Ransart",2017,306,46,260,1,6,253,"15.032679738562091",404,"35.35353535353535","23.73737373737375","1.4893617021276584","15","5","5","5","2","1","0","0","0","0","0","0","1","0","3","0.4917435866666667"
"62690","Raye-Sur-Authie",2017,184,25,159,3,3,153,"13.586956521739129",250,"37.500068806394516","27.266275590239324","1.3753278727887077","15","5","10","0","7","0","2","3","0","0","0","1","0","1","4","0.9174107333333335"
"62691","Saint-Augustin",2017,619,60,559,9,5,545,"9.693053311793214",805,"38.01242236024845","18.509316770186334","2.053691275167785","45","5","35","5","7","2","1","2","0","0","1","1","0","0","19","1.4244329866666667"
"62692","Rebergues",2017,226,25,201,1,3,197,"11.061946902654867",375,"43.86920980926422","12.26158038147137","3.5777777777777766","25","5","15","5","1","0","0","1","0","0","0","0","0","0","3","0.46120864"
"62693","Rebreuve-Ranchicourt",2017,943,145,798,17,4,777,"15.37645811240721",1074,"30.446927374301673","25.69832402234637","1.184782608695652","50","10","25","15","4","0","1","1","0","0","0","0","1","1","23","1.4244329866666667"
"62694","Rebreuve-Sur-Canche",2017,175,30,145,2,2,141,"17.142857142857142",194,"28.723404255319124","33.51063829787226","0.8571428571428583","10","5","5","0","0","0","0","0","0","0","0","0","0","0","2","1.2106248666666668"
"62695","Rebreuviette",2017,213,31,182,4,0,178,"14.553990610328638",268,"38.32116788321168","25.912408759124077","1.4788732394366204","20","5","10","5","3","0","0","0","0","0","0","1","0","2","3","0.9560682133333335"
"62696","Reclinghem",2017,164,22,142,1,2,139,"13.414634146341465",241,"37.71186440677964","19.491525423728817","1.9347826086956508","15","0","10","5","0","0","0","0","0","0","0","0","0","0","3","0.7548296333333333"
"62697","Récourt",2017,172,30,142,3,0,139,"17.441860465116278",211,"34.12322274881517","21.80094786729858","1.565217391304348","15","0","10","5","1","0","0","1","0","0","0","0","0","0","3","1.1429901866666667"
"62698","Recques-Sur-Course",2017,223,35,188,3,2,183,"15.695067264573993",279,"29.45454545454545","32.7272727272727","0.9000000000000006","20","5","10","5","2","0","0","2","0","0","0","0","0","0","5","1.04256628"
"62699","Recques-Sur-Hem",2017,470,58,412,10,1,401,"12.340425531914894",631,"38.90625","21.09375","1.8444444444444443","45","5","30","10","6","1","0","4","0","0","0","1","0","0","14","1.3705206333333335"
"62700","Regnauville",2017,177,13,164,7,3,154,"7.344632768361582",213,"30.697674418604652","26.046511627906995","1.1785714285714277","20","5","10","5","0","0","0","0","0","0","0","0","0","0","2","0.8136962600000001"
"62701","Rely",2017,344,66,278,6,4,268,"19.186046511627907",454,"37.25055432372499","23.946784922394666","1.5555555555555538","20","5","15","5","5","0","0","4","0","0","0","0","0","1","9","1.2294934733333336"
"62702","Remilly-Wirquin",2017,261,28,233,6,1,226,"10.727969348659004",349,"34.822682123995975","25.215596829160873","1.380997735644507","25","5","15","10","1","0","0","1","0","0","0","0","0","0","6","1.1080957933333335"
"62703","Rémy",2017,261,27,234,5,1,228,"10.344827586206897",395,"38.06208271318463","18.27770480463182","2.0824322922394054","25","5","20","5","2","0","0","1","0","0","0","1","0","0","9","1.4594156200000001"
"62704","Renty",2017,513,101,412,10,4,398,"19.68810916179337",624,"34.494195688225474","22.056384742951906","1.5639097744360875","40","5","25","10","4","0","0","1","0","0","0","2","1","0","13","1.2686375"
"62705","Rety",2017,1484,253,1231,31,10,1190,"17.048517520215633",2096,"39.599236641221374","18.51145038167939","2.1391752577319587","195","35","115","40","7","0","1","2","0","0","0","2","1","1","54","1.725366"
"62706","Richebourg",2017,2142,329,1813,48,11,1754,"15.359477124183007",2622,"32.33510235026537","26.42153146322973","1.2238163558106172","140","20","85","35","27","0","3","16","0","0","1","4","3","0","59","1.8880447933333335"
"62708","Riencourt-Lès-Bapaume",2017,25,1,24,0,0,24,"4",35,"39.39393939393937","21.2121212121212","1.857142857142857","0","0","0","0","0","0","0","0","0","0","0","0","0","0","0","0.7094576066666668"
"62709","Riencourt-Lès-Cagnicourt",2017,215,39,176,2,0,174,"18.13953488372093",262,"33.596837944664024","24.11067193675887","1.393442622950821","20","5","10","5","2","0","1","1","0","0","0","0","0","0","3","0.93030226"
"62710","Rimboval",2017,117,17,100,5,3,92,"14.529914529914532",142,"38.028169014084504","17.6056338028169","2.16","15","0","10","0","1","0","0","1","0","0","0","0","0","0","2","1.168512966666667"
"62711","Rinxent",2017,2267,399,1868,32,16,1820,"17.600352889280988",3001,"36.38787070976341","23.092302565811394","1.5757575757575757","270","45","155","65","11","1","3","1","1","0","2","1","2","0","72","1.62593348"
"62712","Rivière",2017,956,122,834,10,2,822,"12.761506276150628",1123,"30.151650312221197","30.062444246208702","1.002967359050445","65","15","35","20","5","0","0","3","0","0","0","2","0","0","25","1.4721123333333332"
"62713","Robecq",2017,1080,150,930,18,9,903,"13.88888888888889",1359,"33.23397913561857","23.695976154992646","1.4025157232704384","75","15","40","15","8","1","1","4","0","0","0","0","0","2","30","1.5107828066666664"
"62714","Roclincourt",2017,658,63,595,12,7,576,"9.574468085106384",782,"28.15656565656569","28.030303030302967","1.004504504504508","35","5","15","10","5","0","1","1","0","0","0","1","2","0","21","1.75979054"
"62715","Rocquigny",2017,235,51,184,0,2,182,"21.70212765957447",285,"35.43859649122807","27.368421052631582","1.294871794871795","20","5","15","5","2","0","0","2","0","0","0","0","0","0","3","0.7464837933333333"
"62716","Rodelinghem",2017,377,48,329,7,1,321,"12.73209549071618",528,"40.71969696969697","15.909090909090908","2.5595238095238093","35","5","15","10","2","0","1","0","0","0","0","0","1","0","5","0.70875352"
"62717","Roëllecourt",2017,464,78,386,9,2,375,"16.810344827586206",538,"35.687732342007436","26.022304832713754","1.3714285714285714","35","10","20","10","2","0","0","1","0","0","0","0","1","0","12","1.4838959533333334"
"62718","Roeux",2017,1079,181,898,18,6,874,"16.774791473586653",1446,"32.413305024770054","23.99150743099793","1.3510324483775806","100","25","55","25","9","0","1","5","1","0","0","2","0","0","36","1.55367992"
"62719","Rollancourt",2017,203,22,181,3,0,178,"10.83743842364532",307,"41.81266558412157","28.56469144052215","1.4637884561499486","20","5","5","5","1","0","0","1","0","0","0","0","0","0","4","1.2029449200000002"
"62720","Rombly",2017,40,5,35,1,0,34,"12.5",46,"32.608695652173914","28.26086956521739","1.1538461538461537","5","0","0","5","1","0","1","0","0","0","0","0","0","0","0","0.7764021466666667"
"62721","Roquetoire",2017,1595,235,1360,27,6,1327,"14.733542319749215",1944,"34.400826446281016","23.708677685950473","1.4509803921568603","90","20","45","20","3","0","0","0","0","0","0","1","1","1","40","1.3572779666666663"
"62722","Rougefay",2017,83,17,66,1,0,65,"20.481927710843372",86,"19.101123595505666","42.696629213483156","0.4473684210526325","5","0","0","0","0","0","0","0","0","0","0","0","0","0","0","0.47098899333333333"
"62723","Roussent",2017,168,9,159,2,0,157,"5.357142857142857",241,"40.66390041493776","22.821576763485478","1.7818181818181817","10","0","5","0","1","0","0","0","0","0","0","0","1","0","3","0.8461861133333334"
"62724","Rouvroy",2017,6905,1699,5206,99,53,5054,"24.605358435916003",8738,"39.185168230716414","21.52666514076448","1.820308346624136","1110","185","680","245","39","0","8","15","1","1","0","6","5","3","364","3.2287710666666674"
"62725","Royon",2017,119,17,102,3,0,99,"14.285714285714285",135,"36.2962962962963","25.925925925925924","1.4","5","0","0","5","0","0","0","0","0","0","0","0","0","0","2","1.1081888533333335"
"62726","Ruisseauville",2017,145,13,132,0,2,130,"8.96551724137931",199,"36.81299382202588","24.37617158485498","1.5102040816326527","10","0","10","0","2","0","0","1","0","0","0","1","0","0","2","0.9871947000000001"
"62727","Ruitz",2017,1322,178,1144,20,9,1115,"13.464447806354011",1583,"33.66909960404826","27.770961766969005","1.212385076418007","100","15","60","25","14","3","4","2","1","0","0","1","1","2","40","1.6837805333333333"
"62728","Rumaucourt",2017,569,123,446,8,4,434,"21.616871704745165",685,"34.35867490174068","25.608684259779164","1.3416806015178293","60","10","30","20","0","0","0","0","0","0","0","0","0","0","16","1.5218721866666667"
"62729","Rumilly",2017,192,44,148,6,0,142,"22.916666666666664",254,"34.82623699672855","28.076838815309745","1.2403902457045302","10","0","5","5","0","0","0","0","0","0","0","0","0","0","3","0.98294914"
"62730","Ruminghem",2017,1132,213,919,22,2,895,"18.81625441696113",1650,"38.756989226123395","18.525353340788552","2.0921052631578934","120","20","70","30","5","0","0","2","0","0","1","1","0","1","44","1.7735341133333333"
"62731","Ruyaulcourt",2017,237,48,189,7,1,181,"20.253164556962027",294,"31.292517006802722","31.63265306122449","0.989247311827957","25","0","20","5","1","0","0","1","0","0","0","0","0","0","3","0.9061997600000001"
"62732","Sachin",2017,254,27,227,1,0,226,"10.62992125984252",345,"39.067055393585996","19.825072886297356","1.970588235294119","20","5","5","10","2","0","2","0","0","0","0","0","0","0","2","0.3286207"
"62733","Sailly-Au-Bois",2017,201,34,167,1,2,164,"16.91542288557214",309,"37.388474484823","25.817492991757813","1.4481837758902156","15","5","10","5","1","0","1","0","0","0","0","0","0","0","5","1.1865904333333332"
"62734","Sailly-En-Ostrevent",2017,546,79,467,9,1,457,"14.46886446886447",722,"35.797979124108956","21.42538138738466","1.6708210919030329","40","0","25","15","2","1","0","0","0","0","0","0","0","1","15","1.3428654000000002"
"62735","Sailly-Labourse",2017,1670,300,1370,28,4,1338,"17.964071856287426",2336,"39.877090077093875","20.457515285857227","1.9492636089907687","165","25","100","40","16","0","3","3","2","0","0","5","2","1","62","1.80320484"
"62736","Sailly-Sur-La-Lys",2017,3108,411,2697,45,11,2641,"13.223938223938225",3982,"32.10366994291687","28.78382769591456","1.1153370664275313","220","40","115","65","26","3","3","6","3","1","2","6","1","1","95","1.6061638333333332"
"62737","Sains-En-Gohelle",2017,5031,1411,3620,97,37,3486,"28.046114092625718",6145,"37.557387187821035","22.59286151255343","1.662356367162821","600","115","335","150","31","0","7","8","1","0","0","2","6","7","169","2.0647093599999997"
"62738","Sains-Lès-Fressin",2017,120,17,103,0,3,100,"14.166666666666666",162,"38.18181818181821","26.060606060606062","1.4651162790697685","15","5","5","5","1","0","0","0","0","0","0","0","1","0","2","0.6138210466666667"
"62739","Sains-Lès-Marquion",2017,267,35,232,6,0,226,"13.108614232209737",322,"34.461538461538446","22.461538461538456","1.5342465753424654","25","5","15","5","2","0","0","1","0","1","0","0","0","0","4","1.0736979866666667"
"62740","Sains-Lès-Pernes",2017,230,40,190,8,2,180,"17.391304347826086",292,"37.66666666666664","21.333333333333325","1.7656249999999996","15","0","10","5","0","0","0","0","0","0","0","0","0","0","4","1.0244888133333334"
"62741","Saint-Amand",2017,108,14,94,0,0,94,"12.962962962962962",122,"23.333333333333442","35.83333333333345","0.6511627906976754","10","0","5","0","1","0","0","1","0","0","0","0","0","0","0","0.3501932133333333"
"62742","Saint-Aubin",2017,239,37,202,4,0,198,"15.481171548117153",264,"28.624535315985117","35.31598513011152","0.8105263157894734","10","0","5","5","1","0","0","1","0","0","0","0","0","0","3","0.8586290133333333"
"62743","Sainte-Austreberthe",2017,314,33,281,5,3,273,"10.509554140127388",401,"27.522397816922616","34.70677697249789","0.7929978009404829",NULL,NULL,NULL,NULL,"1","0","0","0","0","0","0","0","1","0",NULL,NULL
"62744","Sainte-Catherine",2017,2488,355,2133,28,9,2096,"14.268488745980706",3511,"33.12446596411279","26.68755340358872","1.24119530416222","200","25","120","55","26","0","1","9","2","1","2","6","4","1","108","2.2755181666666666"
"62745","Saint-Denoeux",2017,113,15,98,0,2,96,"13.274336283185843",160,"35.407596792561755","29.809973919676214","1.1877768456949505","15","0","10","5","2","0","1","1","0","0","0","0","0","0","2","0.9763396666666667"
"62746","Saint-Etienne-Au-Mont",2017,4007,911,3096,48,21,3027,"22.735213376590966",5076,"37.096138691883375","22.990543735224588","1.6135389888603255","585","95","355","140","21","1","2","9","1","0","0","3","1","4","119","1.9502176133333335"
"62747","Saint-Floris",2017,431,59,372,9,2,361,"13.68909512761021",592,"38.77221324717291","16.63974151857837","2.330097087378641","30","5","15","5","3","0","1","0","0","1","0","0","1","0","13","1.2777235"
"62748","Saint-Folquin",2017,1749,305,1444,28,8,1408,"17.438536306460833",2248,"34.030249110320284","23.53202846975089","1.446124763705104","145","30","75","35","13","0","1","3","2","0","1","3","1","2","50","1.5292862266666667"
"62749","Saint-Georges",2017,244,36,208,5,0,203,"14.754098360655737",326,"34.04907975460122","26.993865030674847","1.2613636363636365","25","5","20","5","0","0","0","0","0","0","0","0","0","0","4","0.9277537"
"62750","Saint-Hilaire-Cottes",2017,643,97,546,16,4,526,"15.085536547433904",807,"34.863523573201036","27.047146401985128","1.2889908256880742","55","10","30","15","3","1","0","1","1","0","0","0","0","0","19","1.4838241333333333"
"62751","Saint-Inglevert",2017,534,47,487,6,2,479,"8.801498127340825",783,"40.357598978288635","16.85823754789272","2.393939393939394","50","10","25","10","6","0","1","2","0","0","1","0","1","1","16","1.3080640666666667"
"62752","Saint-Josse",2017,954,145,809,20,2,787,"15.199161425576522",1136,"32.705727248886966","24.832135415488782","1.3170726843124059","60","10","25","25","10","1","2","4","0","0","0","2","0","1","24","1.4594156200000001"
"62753","Saint-Laurent-Blangy",2017,4839,979,3860,86,33,3741,"20.231452779499897",6606,"37.07418369804642","23.927763019433606","1.5494212170162158","625","105","400","120","54","4","6","21","1","2","0","8","6","6","264","2.822565366666667"
"62754","Saint-Léger",2017,327,48,279,4,0,275,"14.678899082568808",450,"37.84355179704018","19.661733615221983","1.9247311827956994","25","5","10","10","1","0","0","1","0","0","0","0","0","0","8","1.1552532866666667"
"62755","Saint-Léonard",2017,2869,587,2282,49,13,2220,"20.46009062391077",3452,"31.141532669830756","31.025386646348778","1.0037435802108094","225","40","130","50","19","0","3","6","0","2","0","5","3","0","97","2.1204650666666662"
"62756","Sainte-Marie-Kerque",2017,1151,160,991,25,9,957,"13.900955690703737",1648,"41.7633244729858","17.79664073407249","2.3466970591268943","145","35","80","30","5","0","1","1","0","0","0","2","0","1","45","1.8232551466666667"
"62757","Saint-Martin-Lez-Tatinghem",2017,4980,1038,3942,59,58,3825,"20.843373493975903",5906,"32.5388060016955","28.94427915728469","1.1241878170424615","435","95","230","110","31","1","1","13","1","2","0","8","5","0","152","1.9104987066666665"
"62758","Saint-Martin-Boulogne",2017,8824,1823,7001,109,72,6820,"20.65956482320943",11204,"33.97317124747688","28.384199020226063","1.1969043489044104","1145","200","680","265","89","2","9","24","3","7","7","14","11","12","532","3.367984766666667"
"62759","Saint-Martin-Choquel",2017,345,35,310,15,0,295,"10.144927536231885",482,"36.15404841271233","20.802001025253478","1.738008202615776","20","0","20","0","2","0","0","1","0","1","0","0","0","0","6","0.8634053200000001"
"62760","Saint-Martin-D'Hardinghem",2017,226,33,193,6,1,186,"14.601769911504425",286,"36.20886799445244","28.9346249318291","1.2514027079929908","20","5","10","5","0","0","0","0","0","0","0","0","0","0","5","1.1172859466666667"
"62761","Saint-Martin-Sur-Cojeul",2017,184,27,157,1,0,156,"14.673913043478262",210,"33.33333333333333","23.809523809523807","1.4","5","0","5","0","0","0","0","0","0","0","0","0","0","0","2","0.7548296333333333"
"62762","Saint-Michel-Sous-Bois",2017,106,10,96,2,0,94,"9.433962264150944",119,"33.33333333333336","25","1.3333333333333344","5","0","5","0","0","0","0","0","0","0","0","0","0","0","0","0"
"62763","Saint-Michel-Sur-Ternoise",2017,731,132,599,8,16,575,"18.057455540355676",878,"29.850746268656707","34.21354764638351","0.8724832214765089","55","10","25","15","3","0","0","0","0","0","1","1","0","1","19","1.4403046000000002"
"62764","Saint-Nicolas",2017,3438,772,2666,53,20,2593,"22.454915648632927",4738,"34.88813845504432","26.382439848037148","1.3224","525","80","320","130","31","1","2","14","0","4","0","6","2","2","183","2.7597903866666664"
"62765","Saint-Omer",2017,9181,2486,6695,103,56,6536,"27.077660385578913",14782,"43.88433524971107","20.71220952504193","2.1187664790978995","2145","400","1340","405","116","4","5","45","2","1","5","16","16","22","1210","5.561633546666666"
"62766","Saint-Omer-Capelle",2017,809,143,666,12,8,646,"17.676143386897404",1095,"40.35874439461881","17.21973094170405","2.3437499999999964","75","20","45","10","3","0","2","0","0","0","0","1","0","0","25","1.5218721866666667"
"62767","Saint-Pol-Sur-Ternoise",2017,3480,876,2604,52,27,2525,"25.17241379310345",4971,"34.84796111592791","28.48883483347313","1.223214684616834","530","120","320","90","39","1","4","18","0","1","1","4","4","6","273","3.657473173333334"
"62768","Saint-Rémy-Au-Bois",2017,90,12,78,2,1,75,"13.333333333333334",101,"34.285714285714356","31.428571428571445","1.0909090909090926","10","0","5","0","1","0","0","1","0","0","0","0","0","0","0","0.8388587133333334"
"62769","Saint-Tricat",2017,604,78,526,7,1,518,"12.91390728476821",760,"38.204677786163685","20.09378393214064","1.9013182342950399","45","10","25","10","3","0","1","0","0","0","0","0","1","1","13","1.1172859466666667"
"62770","Saint-Venant",2017,2216,363,1853,63,16,1774,"16.380866425992778",3027,"29.678913288691376","30.776948589389686","0.964322801608836","165","30","90","45","17","0","1","8","0","0","0","1","5","2","102","2.2819658133333336"
"62771","Sallaumines",2017,6812,1942,4870,101,50,4719,"28.50851438637698",9715,"39.825679422399865","24.102200632739844","1.6523669364988034","1230","195","795","240","48","0","11","23","3","0","0","6","1","4","449","3.5743962466666668"
"62772","Salperwick",2017,410,54,356,2,7,347,"13.170731707317074",486,"31.49109569931226","21.587313507139278","1.458777892343929","40","5","20","15","0","0","0","0","0","0","0","0","0","0","10","1.3428654000000002"
"62773","Samer",2017,2926,518,2408,33,11,2364,"17.703349282296653",4496,"41.17856266826359","19.594945015483308","2.101489064436036","420","55","270","95","28","1","3","16","0","2","0","3","1","2","112","1.6426190666666671"
"62774","Sangatte",2017,3789,748,3041,57,24,2960,"19.741356558458698",4820,"34.639454680659505","23.267875291526817","1.4887244428920303","430","70","255","105","25","1","0","6","0","0","2","5","10","1","221","3.0554678933333337"
"62775","Sanghen",2017,233,31,202,3,0,199,"13.304721030042918",329,"39.81762917933131","16.717325227963524","2.381818181818182","25","0","20","5","2","0","1","1","0","0","0","0","0","0","7","1.1241338666666667"
"62776","Sapignies",2017,142,23,119,0,1,118,"16.19718309859155",196,"39.487179487179496","18.97435897435898","2.0810810810810807","20","0","15","0","0","0","0","0","0","0","0","0","0","0","1","0.8274973066666668"
"62777","Le Sars",2017,127,31,96,0,0,96,"24.409448818897637",180,"35.39325842696628","21.348314606741567","1.657894736842105","10","0","5","5","3","2","1","0","0","0","0","0","0","0","2","1.1988632133333332"
"62778","Sars-Le-Bois",2017,63,6,57,3,2,52,"9.523809523809524",82,"30.769230769230766","30.769230769230703","1.000000000000002","10","0","5","0","2","0","1","0","0","0","0","1","0","0","0","0"
"62779","Sarton",2017,143,15,128,3,1,124,"10.48951048951049",183,"35.32608695652175","24.45652173913038","1.444444444444448","10","0","5","0","1","0","0","1","0","0","0","0","0","0","2","1.0895696000000001"
"62780","Sauchy-Cauchy",2017,267,44,223,8,2,213,"16.479400749063668",364,"34.34065934065934","25","1.3736263736263736","40","5","25","10","1","0","0","0","0","0","0","0","0","1","9","1.4838959533333334"
"62781","Sauchy-Lestrée",2017,330,72,258,7,1,250,"21.818181818181817",455,"33.4065934065934","24.835164835164836","1.345132743362832","45","5","30","10","3","0","0","1","0","0","0","1","1","0","9","1.3311037466666666"
"62782","Saudemont",2017,385,58,327,0,11,316,"15.064935064935064",449,"36.03603603603608","27.25225225225228","1.3223140495867771","30","10","20","5","1","0","0","1","0","0","0","0","0","0","8","1.24952648"
"62783","Saulchoy",2017,228,46,182,6,0,176,"20.175438596491226",317,"35.33004417728097","24.730593743875296","1.4285966824403762","35","5","25","5","2","1","1","0","0","0","0","0","0","0","3","1.0487478533333334"
"62784","Saulty",2017,538,73,465,9,4,452,"13.568773234200743",765,"37.161290322580655","22.83870967741936","1.6271186440677967","55","5","40","10","6","2","0","0","0","0","0","3","1","0","17","1.35464902"
"62785","Savy-Berlette",2017,765,119,646,12,2,632,"15.555555555555555",916,"36.18127375936789","23.125949578486892","1.5645313779039725","65","5","35","20","7","1","3","1","0","0","0","0","2","0","19","1.4647131133333333"
"62786","Selles",2017,244,38,206,5,4,197,"15.573770491803279",333,"33.553367107058094","27.44756956455522","1.2224531220566677","15","5","10","5","1","0","0","1","0","0","0","0","0","0","6","1.0773065"
"62787","Sempy",2017,217,30,187,2,0,185,"13.82488479262673",325,"39.432176656151405","23.343848580441637","1.689189189189189","20","5","15","0","4","0","1","1","0","0","1","0","1","0","5","1.0805644799999998"
"62788","Seninghem",2017,538,91,447,8,2,437,"16.91449814126394",722,"35.49783549783537","20.057720057720037","1.7697841726618657","55","10","35","10","5","0","0","5","0","0","0","0","0","0","13","1.2174727866666666"
"62789","Senlecques",2017,191,12,179,9,0,170,"6.282722513089005",269,"42.48360427039327","20.297330902453492","2.0930635892258107","25","5","15","0","2","0","0","1","0","0","0","0","1","0","5","1.3157655466666667"
"62790","Senlis",2017,129,18,111,2,0,109,"13.953488372093023",163,"29.447852760736197","27.607361963190186","1.0666666666666667","5","0","5","0","2","0","0","0","0","1","0","0","1","0","2","1.0846339"
"62791","Séricourt",2017,41,6,35,1,0,34,"14.634146341463413",54,"33.33333333333338","31.372549019607852","1.0625000000000013","5","0","5","0","0","0","0","0","0","0","0","0","0","0","0","0.30840789333333335"
"62792","Serques",2017,958,148,810,22,11,777,"15.44885177453027",1148,"32.11488250652735","23.846823324630158","1.3467153284671483","85","25","45","20","9","0","2","4","0","1","0","1","0","1","28","1.6844883466666667"
"62793","Servins",2017,800,97,703,14,2,687,"12.125",1093,"36.09485745877832","18.30113076868281","1.972274714333194","60","10","40","10","3","0","0","2","1","0","0","0","0","0","24","1.44715252"
"62794","Setques",2017,443,43,400,9,5,386,"9.706546275395034",608,"35.77841096612161","22.727585637032025","1.5742284084863265","35","10","15","10","2","0","0","0","0","0","0","0","1","1","14","1.4285332666666666"
"62795","Sibiville",2017,93,16,77,1,1,75,"17.20430107526882",111,"35.13513513513514","25.225225225225223","1.3928571428571428","5","0","5","0","0","0","0","0","0","0","0","0","0","0","1","0.6744541466666668"
"62796","Simencourt",2017,430,42,388,7,5,376,"9.767441860465116",557,"29.263913824057454","26.570915619389584","1.1013513513513513","25","5","10","5","2","0","1","0","0","0","0","1","0","0","11","1.1983617666666668"
"62797","Siracourt",2017,240,36,204,5,1,198,"15",269,"32.706766917293194","21.052631578947345","1.5535714285714286","10","0","10","5","3","1","0","1","0","0","0","0","1","0","4","1.0387339266666666"
"62798","Sombrin",2017,186,18,168,7,1,160,"9.67741935483871",240,"34.166666666666664","26.666666666666668","1.28125","10","5","5","0","1","0","1","0","0","0","0","0","0","0","3","0.7762260066666667"
"62799","Sorrus",2017,602,92,510,14,0,496,"15.282392026578073",817,"40.2223159247576","17.923227315506328","2.2441447188453143","55","15","30","10","6","0","0","3","0","0","1","1","1","0","18","1.35464902"
"62800","Souastre",2017,286,45,241,6,1,234,"15.734265734265735",379,"37.203166226912934","21.899736147757256","1.6987951807228916","40","5","25","10","0","0","0","0","0","0","0","0","0","0","8","1.3048891666666667"
"62801","Souchez",2017,2122,336,1786,37,14,1735,"15.83411875589067",2496,"31.231601351146438","27.14097201751528","1.150717864157234","145","25","85","35","14","0","2","4","1","0","0","1","6","0","80","2.6980440466666664"
"62802","Le Souich",2017,126,26,100,3,1,96,"20.634920634920633",154,"37.17948717948714","26.282051282051295","1.4146341463414613","5","0","0","5","0","0","0","0","0","0","0","0","0","0","0","0.3298042666666667"
"62803","Surques",2017,435,74,361,14,3,344,"17.011494252873565",640,"41.82389937106915","16.666666666666657","2.5094339622641506","35","10","25","5","3","0","1","1","0","0","0","0","1","0","7","0.6837225066666667"
"62804","Sus-Saint-Léger",2017,242,32,210,5,1,204,"13.223140495867769",376,"41.66712464406365","19.367728711174678","2.151368664102714","30","5","15","10","1","1","0","0","0","0","0","0","0","0","5","0.8577935933333334"
"62805","Tangry",2017,192,28,164,4,2,158,"14.583333333333334",252,"29.218106995884767","29.218106995884767","1","15","5","10","0","1","0","1","0","0","0","0","0","0","0","2","0.7603729666666668"
"62806","Tardinghen",2017,151,20,131,0,0,131,"13.245033112582782",151,"25.333333333333215","37.33333333333319","0.678571428571428","5","0","5","0","5","0","0","2","0","0","0","2","1","0","1","0.7176204266666667"
"62808","Teneur",2017,196,19,177,7,2,168,"9.693877551020408",260,"36.696355900145804","30.92708587526448","1.1865442495342116","20","5","15","0","0","0","0","0","0","0","0","0","0","0","3","1.0529092466666665"
"62809","Ternas",2017,112,15,97,0,1,96,"13.392857142857142",137,"38.68613138686132","20.437956204379564","1.8928571428571428","10","0","10","0","0","0","0","0","0","0","0","0","0","0","1","0.44941648"
"62810","Thélus",2017,1027,146,881,18,6,857,"14.216163583252191",1204,"31.427545731724422","25.275177755553248","1.2434154187034128","65","10","35","25","4","0","1","1","0","0","0","1","0","1","28","1.4989250933333333"
"62811","Thérouanne",2017,912,141,771,16,5,750,"15.460526315789474",1115,"34.88584474885856","28.03652968036532","1.2442996742671042","80","20","45","15","4","0","0","1","0","0","0","2","1","0","25","1.5218721866666667"
"62812","Thiembronne",2017,602,81,521,9,2,510,"13.455149501661129",834,"38.46153846153844","21.367521367521324","1.800000000000003","65","10","40","15","2","0","0","1","0","0","0","1","0","0","16","1.2651521333333333"
"62813","La Thieuloye",2017,361,52,309,6,2,301,"14.40443213296399",493,"37.13086652669213","20.283251034704087","1.8306171167118246","35","5","20","10","4","1","0","1","0","0","0","0","1","1","9","1.2722460133333333"
"62814","Thièvres",2017,93,9,84,0,0,84,"9.67741935483871",123,"26.732673267326827","43.564356435643674","0.6136363636363643","15","0","5","5","1","0","0","1","0","0","0","0","0","0","1","0.47098899333333333"
"62815","Tigny-Noyelle",2017,140,12,128,2,1,125,"8.571428571428571",174,"28.735632183908045","34.48275862068966","0.8333333333333334","15","0","10","5","1","0","0","0","0","0","1","0","0","0","2","0.9174107333333335"
"62816","Tilloy-Lès-Hermaville",2017,180,15,165,5,1,159,"8.333333333333332",223,"37.66816143497758","20.179372197309416","1.8666666666666667","10","0","10","5","0","0","0","0","0","0","0","0","0","0","2","0.7341583866666668"
"62817","Tilloy-Lès-Mofflaines",2017,1101,181,920,15,10,895,"16.439600363306088",1434,"38.963459795495815","20.409588301587988","1.9090762253378832","85","15","55","20","10","1","0","4","0","0","0","1","2","2","42","1.8834297866666667"
"62818","Tilly-Capelle",2017,127,7,120,1,1,118,"5.511811023622047",159,"31.168831168831133","32.467532467532386","0.9600000000000014","10","0","5","5","0","0","0","0","0","0","0","0","0","0","2","0.6138210466666667"
"62819","Tilques",2017,941,123,818,13,10,795,"13.071200850159407",1099,"32.656826568265515","26.476014760147535","1.233449477351913","85","15","40","25","3","0","0","1","0","0","0","2","0","0","26","1.55367992"
"62820","Tincques",2017,659,92,567,18,0,549,"13.960546282245827",825,"35.01656879773002","20.35837971878404","1.7200076470438033","50","10","25","15","5","0","1","1","0","0","0","1","1","1","20","1.55367992"
"62821","Tingry",2017,228,32,196,1,2,193,"14.035087719298245",290,"33.90410958904111","23.97260273972604","1.4142857142857141","25","5","15","10","2","0","0","1","0","0","0","1","0","0","4","0.97134166"
"62822","Tollent",2017,75,9,66,4,0,62,"12",91,"30.434782608695706","34.782608695652215","0.8750000000000006","10","0","5","5","0","0","0","0","0","0","0","0","0","0","0","0.7253903333333334"
"62823","Torcy",2017,132,19,113,5,1,107,"14.393939393939394",165,"31.791907514450845","34.682080924855484","0.9166666666666663","5","0","0","5","1","1","0","0","0","0","0","0","0","0","2","0.9831252799999999"
"62824","Tortefontaine",2017,177,24,153,0,3,150,"13.559322033898304",222,"26.548672566371668","35.398230088495595","0.7499999999999992","20","0","10","5","2","0","0","0","1","1","0","0","0","0","3","1.06878086"
"62825","Tortequesne",2017,603,95,508,1,10,497,"15.754560530679933",826,"34.74576271186441","20.823244552058114","1.6686046511627908","50","5","30","15","1","0","0","0","0","0","0","1","0","0","19","1.4594156200000001"
"62826","Le Touquet-Paris-Plage",2017,5208,919,4289,22,19,4248,"17.645929339477725",4223,"17.766351118679495","55.405082619487125","0.32066283955744335","315","40","160","115","109","2","7","30","1","9","18","25","10","7","621","9.467690326666665"
"62827","Tournehem-Sur-La-Hem",2017,1072,210,862,8,4,850,"19.58955223880597",1436,"39.42857142857132","22.714285714285655","1.7358490566037734","165","30","95","45","10","0","4","3","1","0","0","0","1","1","36","1.55367992"
"62828","Tramecourt",2017,55,8,47,2,0,45,"14.545454545454545",60,"28.333333333333332","33.33333333333333","0.85","0","0","0","0","0","0","0","0","0","0","0","0","0","0","0","0.81189362"
"62829","Le Transloy",2017,348,76,272,7,0,265,"21.839080459770116",411,"35.629453681710224","20.665083135391924","1.7241379310344829","25","0","15","5","6","4","0","2","0","0","0","0","0","0","8","1.2992960133333333"
"62830","Trescault",2017,163,31,132,2,2,128,"19.018404907975462",178,"33.70786516853933","26.40449438202247","1.2765957446808511","20","0","15","5","0","0","0","0","0","0","0","0","0","0","1","0.61199758"
"62831","Troisvaux",2017,240,32,208,7,1,200,"13.333333333333334",279,"30.96225471440882","27.926211822248987","1.1087166032931468","20","5","5","5","0","0","0","0","0","0","0","0","0","0","5","1.2921924533333333"
"62832","Tubersent",2017,435,55,380,6,3,371,"12.643678160919542",538,"31.29818981387767","26.178909060034865","1.1955498123356858","30","5","15","10","3","0","0","1","0","0","0","2","0","0","8","1.1172859466666667"
"62833","Vacquerie-Le-Boucq",2017,68,7,61,1,0,60,"10.294117647058822",84,"26.582278481012604","31.645569620253138","0.8399999999999992","5","0","5","0","2","0","0","1","0","0","0","1","0","0","0","0.7764021466666667"
"62834","Vacqueriette-Erquières",2017,188,26,162,3,2,157,"13.829787234042554",253,"36.8","30.000000000000004","1.2266666666666666","15","0","15","5","1","1","0","0","0","0","0","0","0","0","3","0.8039423533333334"
"62835","Valhuon",2017,402,45,357,9,3,345,"11.194029850746269",569,"36.10108303249105","23.82671480144404","1.5151515151515182","40","10","30","5","2","0","0","1","0","0","0","0","1","0","9","0.9687738200000001"
"62836","Vaudricourt",2017,799,87,712,13,2,697,"10.888610763454318",971,"29.039174750445696","33.53213838078652","0.8660102263888056","50","5","35","15","8","0","0","1","0","0","0","6","1","0","19","1.4594156200000001"
"62837","Vaudringhem",2017,388,55,333,8,0,325,"14.175257731958762",532,"40.316205533596836","19.36758893280633","2.0816326530612232","35","5","25","10","3","0","0","1","0","0","0","0","1","1","8","1.1797425133333335"
"62838","Vaulx",2017,72,10,62,1,0,61,"13.88888888888889",90,"30","36.666666666666664","0.8181818181818182","10","0","5","5","1","0","0","1","0","0","0","0","0","0","0","1.1912325000000001"
"62839","Vaulx-Vraucourt",2017,773,140,633,14,4,615,"18.111254851228978",1018,"30.967609337349316","32.12320189451518","0.9640262337185268","65","10","40","20","3","0","0","2","0","0","0","1","0","0","19","1.2992774400000002"
"62840","Vélu",2017,122,23,99,2,0,97,"18.852459016393443",135,"31.345416587428748","29.106458259755343","1.0769230769230742","15","5","5","5","1","1","0","0","0","0","0","0","0","0","2","0.9174107333333335"
"62841","Vendin-Lès-Béthune",2017,2109,450,1659,22,18,1619,"21.337126600284495",2443,"32.38172920065252","27.283849918433955","1.1868460388639748","200","30","130","40","10","0","1","5","0","0","0","1","2","1","56","1.518274953333333"
"62842","Vendin-Le-Vieil",2017,6017,1445,4572,90,49,4433,"24.015290011633706",8608,"38.75360837155487","19.71124904052165","1.9660655847778419","735","135","445","155","56","3","10","26","2","2","0","2","4","7","365","3.1691999600000003"
"62843","Verchin",2017,185,32,153,2,1,150,"17.2972972972973",241,"29.508196721311496","33.60655737704916","0.8780487804878061","10","5","10","0","2","0","0","2","0","0","0","0","0","0","3","1.0460613266666667"
"62844","Verchocq",2017,510,82,428,5,1,422,"16.07843137254902",645,"34.28571428571434","27.61904761904755","1.2413793103448327","35","5","20","10","2","1","1","0","0","0","0","0","0","0","13","1.2722460133333333"
"62845","Verlincthun",2017,360,55,305,7,6,292,"15.277777777777779",444,"40.01946215884827","17.168537440619446","2.3309767822252163","25","5","15","5","0","0","0","0","0","0","0","0","0","0","6","0.8952638466666668"
"62846","Vermelles",2017,3463,743,2720,57,26,2637,"21.455385503898356",4726,"39.12816412434909","22.167463665803623","1.765116871927468","415","85","240","90","37","2","2","16","0","0","0","4","8","5","139","2.136786513333333"
"62847","Verquigneul",2017,1377,237,1140,22,12,1106,"17.21132897603486",1929,"41.813129982334054","18.400841200381386","2.2723488305234336","140","35","75","35","9","0","1","2","0","1","0","4","0","1","44","1.4867004799999999"
"62848","Verquin",2017,2608,545,2063,49,15,1999,"20.89723926380368",3452,"34.259720432097126","26.341727805511518","1.3005874438095486","310","45","190","70","19","0","2","6","0","0","1","6","2","2","84","1.7583580000000003"
"62849","Verton",2017,1986,331,1655,34,5,1616,"16.666666666666664",2425,"34.1764415084571","25.955999663370367","1.3167068096663441","165","30","105","30","11","1","1","0","0","0","0","3","5","1","59","1.5977872133333333"
"62850","Vieil-Hesdin",2017,308,39,269,4,3,262,"12.662337662337661",356,"28.7046022969893","34.80421244100867","0.8247450605481191","25","10","10","5","3","0","0","2","0","0","0","0","0","1","6","1.19008548"
"62851","Vieille-Chapelle",2017,643,139,504,6,7,491,"21.61741835147745",778,"35.885066617740534","19.503481949525632","1.8399312856345298","45","10","20","10","3","0","0","0","0","0","0","1","2","0","16","1.2595404066666667"
"62852","Vieille-Eglise",2017,1042,180,862,22,6,834,"17.274472168905948",1382,"40.17392764617634","15.23771420067844","2.6364799284913514","115","20","65","25","9","1","0","1","0","0","0","3","1","3","36","1.7380734733333332"
"62853","Vieil-Moutier",2017,279,0,279,6,3,270,"0",386,"37.270341207349084","23.622047244094478","1.5777777777777786","30","10","10","5","1","1","0","0","0","0","0","0","0","0","7","0.9989968933333333"
"62854","Villers-Au-Bois",2017,403,49,354,7,1,346,"12.158808933002481",568,"38.81610851178896","17.455877902636615","2.223669799267214","30","5","25","5","2","0","0","1","0","0","0","1","0","0","13","1.3619764200000002"
"62855","Villers-Au-Flos",2017,166,17,149,3,2,144,"10.240963855421686",272,"39.682539682539705","19.047619047619083","2.083333333333331","20","0","10","5","1","0","0","1","0","0","0","0","0","0","4","1.08546932"
"62856","Villers-Brûlin",2017,275,19,256,3,4,249,"6.909090909090909",365,"35.32745063365497","20.803826424223246","1.698122735369534","25","5","10","10","0","0","0","0","0","0","0","0","0","0","5","0.6371998600000001"
"62857","Villers-Châtel",2017,115,15,100,0,0,100,"13.043478260869565",135,"33.846153846153925","19.23076923076929","1.7599999999999987","5","0","0","0","1","0","0","0","0","0","0","1","0","0","2","0.6138210466666667"
"62858","Villers-Lès-Cagnicourt",2017,194,17,177,2,0,175,"8.762886597938143",264,"31.906614785992243","22.568093385214024","1.4137931034482758","15","5","5","5","2","0","1","1","0","0","0","0","0","0","4","1.1479258866666668"
"62859","Villers-L'Hôpital",2017,193,21,172,5,3,164,"10.880829015544041",265,"36.60377358490566","22.641509433962266","1.6166666666666667","20","5","10","5","1","0","0","0","0","0","0","1","0","0","4","1.0846339"
"62860","Villers-Sir-Simon",2017,84,11,73,1,0,72,"13.095238095238097",118,"41.88034188034187","19.65811965811966","2.1304347826086945","10","0","5","0","0","0","0","0","0","0","0","0","0","0","1","0.5052883666666667"
"62861","Vimy",2017,3307,433,2874,29,35,2810,"13.093438161475657",4265,"29.574553983138596","30.477035814855263","0.9703881362610476","265","50","140","75","16","1","2","6","0","1","1","3","1","1","96","1.716871"
"62862","Vincly",2017,109,17,92,3,0,89,"15.59633027522936",158,"37.88819875776399","21.118012422360266","1.7941176470588227","5","0","5","0","1","0","0","1","0","0","0","0","0","0","0","0.36930423333333334"
"62863","Violaines",2017,2902,521,2381,62,18,2301,"17.953135768435562",3667,"35.85024391721966","22.844735327091453","1.569300033636417","275","50","160","65","22","1","1","8","1","1","0","4","3","3","89","1.6355233666666666"
"62864","Vis-En-Artois",2017,481,52,429,12,1,416,"10.81081081081081",654,"33.59013867488449","21.72573189522342","1.5460992907801447","45","5","35","5","5","0","0","2","0","1","0","1","0","1","13","1.2245577733333335"
"62865","Vitry-En-Artois",2017,3771,772,2999,58,25,2916,"20.472023335985153",4677,"35.79725463128337","27.064481991661747","1.3226654270461222","425","70","260","95","27","1","1","9","1","2","1","3","5","4","164","2.4521510200000005"
"62866","Waben",2017,344,54,290,10,1,279,"15.69767441860465",431,"29.561200923787517","25.173210161662812","1.1743119266055044","30","5","15","10","2","1","1","0","0","0","0","0","0","0","9","1.4244329866666667"
"62867","Wacquinghen",2017,222,28,194,5,0,189,"12.612612612612612",262,"29.739776951672862","29.36802973977694","1.0126582278481018","25","0","10","10","3","0","1","1","0","0","0","1","0","0","3","1.1394002466666668"
"62868","Wail",2017,196,26,170,5,1,164,"13.26530612244898",262,"30.888030888030837","28.57142857142852","1.0810810810810814","25","5","15","5","5","0","0","0","0","0","1","2","1","1","4","1.2958009666666668"
"62869","Wailly",2017,867,133,734,18,3,713,"15.340253748558247",1099,"32.686980609418285","28.62419205909511","1.1419354838709679","50","10","25","15","4","0","0","0","0","1","0","2","1","0","24","1.43406428"
"62870","Wailly-Beaucamp",2017,813,124,689,17,1,671,"15.252152521525215",1004,"36.737441185198705","20.948668634796338","1.7536885911774254","60","10","40","10","5","1","0","0","0","0","1","0","2","1","20","1.37355784"
"62871","Wambercourt",2017,184,28,156,6,0,150,"15.217391304347828",245,"32.53012048192772","28.91566265060243","1.1249999999999991","20","0","15","5","2","0","1","1","0","0","0","0","0","0","4","0.9174107333333335"
"62872","Wamin",2017,199,37,162,3,3,156,"18.592964824120603",237,"32.340425531914946","30.638297872340463","1.0555555555555558","20","5","5","5","1","0","0","0","0","0","0","1","0","0","3","0.9135783800000001"
"62873","Wancourt",2017,514,78,436,7,5,424,"15.17509727626459",649,"37.28813559322034","16.486902927580893","2.2616822429906542","35","5","20","10","4","0","1","3","0","0","0","0","0","0","28","2.8196365800000005"
"62874","Wanquetin",2017,550,62,488,8,4,476,"11.272727272727273",719,"33.51877607788595","25.591098748261476","1.309782608695652","40","10","20","10","6","0","1","3","0","2","0","0","0","0","12","1.046241126666667"
"62875","Wardrecques",2017,999,190,809,21,4,784,"19.01901901901902",1333,"35.91193722758905","26.382980780946525","1.3611781597295565","85","15","55","15","5","0","0","2","2","0","1","0","0","0","30","1.4925713066666664"
"62876","Warlencourt-Eaucourt",2017,103,15,88,3,0,85,"14.563106796116504",138,"37.67123287671232","19.863013698630127","1.8965517241379313","10","0","0","5","1","0","0","1","0","0","0","0","0","0","1","0.68648872"
"62877","Warlincourt-Lès-Pas",2017,137,12,125,2,0,123,"8.75912408759124",174,"32.919254658384986","21.118012422360167","1.5588235294117656","15","0","10","5","2","1","0","1","0","0","0","0","0","0","2","1.1748068133333334"
"62878","Warlus",2017,318,59,259,6,2,251,"18.553459119496853",377,"28.116710875331563","28.381962864721483","0.9906542056074766","10","5","5","5","3","0","0","1","0","0","0","2","0","0","7","1.1870699133333333"
"62879","Warluzel",2017,190,29,161,1,2,158,"15.263157894736842",232,"30.042918454935602","30.90128755364806","0.9722222222222218","15","0","10","5","0","0","0","0","0","0","0","0","0","0","3","0.8388587133333334"
"62880","Le Wast",2017,163,21,142,0,0,142,"12.883435582822086",206,"34.8039215686274","22.549019607843075","1.5434782608695674","15","0","10","5","0","0","0","0","0","0","0","0","0","0","3","0.97627736"
"62881","Beauvoir-Wavans",2017,292,38,254,7,3,244,"13.013698630136986",380,"28.306878306878303","30.95238095238095","0.9145299145299145","25","5","15","5","1","0","0","1","0","0","0","0","0","0","8","1.3967166400000002"
"62882","Wavrans-Sur-L'Aa",2017,978,150,828,22,9,797,"15.337423312883436",1270,"33.33333333333331","24.697336561743306","1.3496732026143798","90","20","50","15","4","0","1","2","0","0","0","1","0","0","27","1.3773685533333333"
"62883","Wavrans-Sur-Ternoise",2017,154,29,125,3,0,122,"18.83116883116883",201,"35.175879396984875","22.110552763819065","1.590909090909091","15","5","10","0","0","0","0","0","0","0","0","0","0","0","2","0.6836050133333333"
"62885","Westrehem",2017,184,29,155,3,3,149,"15.760869565217392",244,"36.82008368200841","21.338912133891213","1.7254901960784332","15","0","10","0","5","3","2","0","0","0","0","0","0","0","4","1.30337772"
"62886","Wicquinghem",2017,182,22,160,4,0,156,"12.087912087912088",252,"39.285714285714285","23.809523809523807","1.65","15","5","10","5","3","0","2","1","0","0","0","0","0","0","2","0.5427139200000001"
"62887","Widehem",2017,214,29,185,2,2,181,"13.551401869158877",244,"35.390946502057666","22.222222222222275","1.5925925925925912","15","5","10","5","2","1","0","0","0","1","0","0","0","0","4","1.3080640666666667"
"62888","Wierre-Au-Bois",2017,205,31,174,2,0,172,"15.121951219512194",226,"30.222222222222257","30.22222222222219","1.0000000000000022","10","5","5","5","2","0","0","1","0","0","0","0","1","0","3","1.04256628"
"62889","Wierre-Effroy",2017,668,79,589,6,3,580,"11.826347305389222",857,"33.25554259043174","26.254375729288213","1.2666666666666666","45","10","25","10","5","0","0","3","0","0","0","1","0","1","18","1.4023283666666666"
"62890","Willeman",2017,144,12,132,3,1,128,"8.333333333333332",188,"28.57142857142861","34.06593406593417","0.8387096774193534","5","0","5","0","1","0","0","1","0","0","0","0","0","0","2","0.8511218133333335"
"62891","Willencourt",2017,111,13,98,1,1,96,"11.711711711711711",134,"30.43478260869567","31.159420289855017","0.9767441860465139","15","0","5","5","0","0","0","0","0","0","0","0","0","0","1","0.7996096933333334"
"62892","Willerval",2017,513,67,446,12,0,434,"13.060428849902534",651,"33.85750130692197","23.4650298797753","1.442891889777819","20","5","15","0","6","1","1","2","1","0","0","0","1","0","15","1.4477186400000002"
"62893","Wimereux",2017,5837,1251,4586,70,26,4490,"21.432242590371768",6575,"29.89879032973464","31.99953900256769","0.934350658218405","585","105","330","150","62","1","4","19","0","4","4","15","11","4","314","3.3832535800000003"
"62894","Wimille",2017,3360,743,2617,52,11,2554,"22.113095238095237",4083,"33.71195825063671","25.96859166178904","1.2981819996130746","430","90","240","105","26","0","3","8","0","0","3","8","4","0","120","2.2419925199999997"
"62895","Wingles",2017,6491,1788,4703,92,31,4580,"27.545832691418887",8770,"40.905486178445955","20.868820133909203","1.9601245262533886","1050","190","665","200","48","2","12","17","1","2","0","8","3","3","377","3.240911173333333"
"62896","Wirwignes",2017,614,67,547,4,6,537,"10.912052117263844",746,"32.65630172316591","25.610128737254577","1.2751322751322756","40","10","20","10","4","0","0","2","0","0","0","2","0","0","15","1.3655849333333334"
"62897","Wismes",2017,403,63,340,8,1,331,"15.632754342431761",491,"30.260521042084154","29.058116232464915","1.0413793103448277","35","5","20","15","2","0","1","0","0","0","0","0","1","0","7","1.0148499333333334"
"62898","Wisques",2017,202,23,179,3,2,174,"11.386138613861387",226,"27.00986193229596","32.47796822045982","0.8316364419397648","20","5","10","5","0","0","0","0","0","0","0","0","0","0","3","1.2147251466666666"
"62899","Wissant",2017,985,167,818,11,1,806,"16.95431472081218",939,"25.409836065573778","40.04683840749419","0.6345029239766076","80","10","50","20","4","0","0","1","0","1","1","0","1","0","61","4.392828246666666"
"62900","Witternesse",2017,471,67,404,8,3,393,"14.225053078556263",587,"31.34582623509376","25.042589437819508","1.251700680272107","45","5","35","10","2","0","0","1","0","0","0","0","0","1","14","1.3967166400000002"
"62901","Wittes",2017,708,138,570,13,4,553,"19.491525423728813",961,"40.9137055837563","16.954314720812164","2.413173652694611","70","10","45","15","6","0","2","3","0","1","0","0","0","0","16","1.2644761066666668"
"62902","Wizernes",2017,2600,461,2139,40,21,2078,"17.73076923076923",3344,"35.60223409944867","24.12432541114427","1.475781539698605","325","55","190","75","18","0","0","9","0","1","2","2","4","0","86","1.7067251466666664"
"62903","Zoteux",2017,421,58,363,2,3,358,"13.77672209026128",615,"40.4332049988447","17.161050172166302","2.35610318676323","45","10","25","10","2","0","0","0","0","0","0","1","0","1","13","1.3310940666666666"
"62904","Zouafques",2017,411,55,356,6,1,349,"13.381995133819952",609,"41.754391152648864","15.994625643151817","2.610526315789468","55","10","35","10","3","0","1","2","0","0","0","0","0","0","11","1.16370444"
"62905","Zudausques",2017,677,76,601,10,2,589,"11.225997045790251",915,"39.95928313523738","16.258813593466712","2.457699813428837","55","5","40","10","6","0","1","1","0","0","0","3","1","0","15","1.16808884"
"62906","Zutkerque",2017,1362,285,1077,23,9,1045,"20.92511013215859",1753,"37.48775707896812","22.207040595790513","1.6881023348097166","165","35","90","40","12","1","2","1","0","0","0","3","4","1","45","1.69100576"
"62907","Libercourt",2017,5802,1534,4268,81,39,4148,"26.43915891072044",8355,"39.14943032419657","22.76004003651133","1.7200949673811476","1025","180","620","220","48","5","7","19","1","1","0","3","6","6","376","3.29041236"
"62908","La Capelle-Lès-Boulogne",2017,1358,195,1163,23,9,1131,"14.359351988217966",1629,"30.50951503990178","31.921424186617557","0.9557692307692308","85","15","50","20","15","2","2","4","0","0","2","0","1","4","32","1.6365894933333334"
"62909","Ytres",2017,312,53,259,1,0,258,"16.98717948717949",435,"37.01149425287356","22.528735632183906","1.6428571428571428","40","10","25","5","4","1","2","1","0","0","0","0","0","0","7","1.1741404666666668"
"62001","Ablain-Saint-Nazaire",2022,1454,262,1192,24,4,1164,"18.019257221458044",1966,"29.82722744238006","31.332834530382314","0.9519479450050291","100","15","60","25","26","2","1","5","0","1","0","3","9","5","54","1.7986859399999997"
"62002","Ablainzevelle",2022,161,38,123,4,1,118,"23.60248447204969",220,"36.22448979591829","23.979591836734652","1.5106382978723396","5","0","5","5","0","0","0","0","0","0","0","0","0","0","4","1.3446278133333331"
"62003","Acheville",2022,529,106,423,5,4,414,"20.03780718336484",579,"30.93092575398432","26.52114203397692","1.1662742771166459","25","5","10","10","1","0","0","0","0","0","0","1","0","0","13","1.3963262866666666"
"62004","Achicourt",2022,6013,1493,4520,42,55,4423,"24.829536005321803",7899,"34.530859118309706","28.363489852958036","1.2174404241976053","575","100","345","130","79","8","7","23","2","4","0","17","8","10","265","2.4253877666666663"
"62005","Achiet-Le-Grand",2022,741,187,554,14,5,535,"25.236167341430498",969,"37.88278395413296","21.86853540311617","1.732296345220029","80","10","50","25","5","0","1","2","0","0","1","1","0","0","19","1.4959877933333332"
"62006","Achiet-Le-Petit",2022,255,42,213,2,1,210,"16.470588235294116",311,"32.573184876788105","25.31717977213843","1.286604004472683","10","0","5","5","7","4","1","0","0","1","1","0","0","0","5","1.516542533333333"
"62007","Acq",2022,546,94,452,12,3,437,"17.216117216117215",790,"36.89100743641426","20.77765777180281","1.775513286510992","30","5","20","5","12","0","0","2","0","0","0","7","2","1","20","1.5730834999999999"
"62008","Acquin-Westbécourt",2022,591,143,448,4,3,441,"24.196277495769884",799,"35.81679604946349","22.940253014118824","1.5613078036854982","35","10","15","10","5","0","2","1","0","0","0","1","0","1","17","1.3553914599999999"
"62009","Adinfer",2022,211,40,171,6,2,163,"18.95734597156398",283,"36.76017893251547","20.264574165169012","1.8140119122611176","10","0","10","0","3","0","1","0","0","1","1","0","0","0","5","1.228442313333333"
"62010","Affringues",2022,196,27,169,2,0,167,"13.77551020408163",255,"39.76377952755906","20.07874015748031","1.9803921568627454","20","5","10","10","0","0","0","0","0","0","0","0","0","0","1","0.40073514"
"62011","Agnez-Lès-Duisans",2022,562,95,467,5,6,456,"16.90391459074733",635,"27.41520689575126","33.73528519401843","0.8126567402077935","30","5","20","5","11","0","0","4","1","1","0","3","2","0","15","1.5300746666666667"
"62012","Agnières",2022,170,30,140,4,0,136,"17.647058823529413",255,"40.78431372549019","18.43137254901961","2.2127659574468086","5","0","5","0","0","0","0","0","0","0","0","0","0","0","4","1.00450598"
"62013","Agny",2022,1644,390,1254,12,16,1226,"23.722627737226276",1863,"29.979186034135267","29.787251190075416","1.0064435231984012","100","10","55","30","13","2","0","2","0","0","0","4","4","1","47","1.6790617599999997"
"62014","Aire-Sur-La-Lys",2022,7564,2009,5555,69,44,5442,"26.56002115282919",9568,"33.00794878076366","29.26193863533663","1.1280164719128813","775","130","470","180","88","4","10","23","2","6","8","12","9","14","467","3.3883133400000003"
"62015","Airon-Notre-Dame",2022,191,34,157,5,0,152,"17.801047120418847",259,"34.74903474903475","22.00772200772201","1.5789473684210527","20","5","10","5","6","2","0","2","0","0","1","1","0","0","3","0.7802079666666667"
"62016","Airon-Saint-Vaast",2022,149,22,127,2,3,122,"14.76510067114094",189,"31.052631578947356","25.789473684210506","1.2040816326530617","10","0","5","5","3","0","1","1","0","0","0","0","1","0","3","1.0652870333333333"
"62017","Aix-En-Ergny",2022,136,38,98,0,4,94,"27.941176470588236",201,"37.931034482758605","23.645320197044377","1.6041666666666632","20","5","15","0","2","0","0","1","0","0","0","0","0","1","3","1.0031872266666666"
"62018","Aix-En-Issart",2022,225,30,195,2,3,190,"13.333333333333334",267,"36.14636415993543","20.408192670826256","1.771169291811277","15","5","5","5","3","0","0","1","0","0","1","1","0","0","5","1.228442313333333"
"62019","Aix-Noulette",2022,2955,644,2311,31,12,2268,"21.79357021996616",3915,"34.18974979334932","26.98548104318751","1.266968327843855","260","40","155","65","40","1","7","10","2","1","1","11","5","2","125","2.2365555266666663"
"62020","Alembon",2022,436,105,331,4,1,326,"24.08256880733945",626,"37.95554386722838","17.74947031756088","2.1384043122501586","35","5","20","10","4","1","0","1","0","0","0","1","1","0","11","1.1201293666666667"
"62021","Alette",2022,298,48,250,5,1,244,"16.10738255033557",372,"33.88390711438554","25.77124311300566","1.3147952144103503","25","5","15","5","3","0","0","0","0","0","2","0","0","1","2","0.48349604"
"62022","Alincthun",2022,261,38,223,2,1,220,"14.559386973180077",296,"28.6140233098177","35.40245216291778","0.8082497556423337","10","0","5","0","5","1","0","0","0","0","1","1","1","1","5","1.33769448"
"62023","Allouagne",2022,2398,602,1796,21,8,1767,"25.10425354462052",2837,"32.08492811035735","28.24174695725828","1.136081566020524","185","35","100","45","24","0","1","7","1","2","1","5","3","4","71","1.670281373333333"
"62024","Alquines",2022,664,163,501,13,0,488,"24.548192771084338",985,"41.915258652303855","20.909313885368135","2.0046214276612493","60","15","35","10","4","0","0","2","0","0","0","2","0","0","18","1.3899071466666666"
"62025","Ambleteuse",2022,1790,446,1344,15,15,1314,"24.916201117318433",2010,"31.615019982683336","31.897605030942728","0.9911408694168333","140","25","80","35","13","0","0","3","2","0","1","1","1","5","59","1.9096378533333331"
"62026","Ambricourt",2022,103,13,90,1,3,86,"12.62135922330097",119,"32.49999999999999","22.499999999999975","1.444444444444446","5","0","5","5","0","0","0","0","0","0","0","0","0","0","1","0.88423118"
"62027","Ambrines",2022,163,26,137,4,2,131,"15.950920245398773",212,"36.96682464454972","22.274881516587637","1.6595744680851074","10","0","10","0","0","0","0","0","0","0","0","0","0","0","4","1.4380726666666666"
"62028","Ames",2022,484,99,385,3,3,379,"20.454545454545457",660,"36.253880917260304","24.849263317165278","1.458951939722776","45","10","25","10","8","2","0","2","1","0","0","1","1","1","13","1.2614990533333332"
"62029","Amettes",2022,335,45,290,6,2,282,"13.432835820895523",466,"30.346487572185044","33.23363952689657","0.9131256162186239","25","5","15","5","4","1","1","1","0","0","0","0","0","1","9","1.1299122733333333"
"62030","Amplier",2022,231,48,183,4,1,178,"20.77922077922078",303,"30.8483169219798","27.908844398917854","1.1053240500053068","20","5","10","5","2","0","1","0","0","0","0","1","0","0","5","1.3360511933333332"
"62031","Andres",2022,1182,270,912,15,2,895,"22.84263959390863",1534,"35.23379388630495","24.626689471027344","1.4307158064325534","100","15","55","30","18","2","0","3","2","3","1","5","2","0","38","1.6832881533333333"
"62032","Angres",2022,3274,637,2637,38,18,2581,"19.456322541233963",4719,"35.34274739291025","25.482819879863218","1.386924506766947","345","55","205","85","50","4","6","13","0","1","4","7","6","9","132","2.1606467"
"62033","Annay",2022,3266,730,2536,34,18,2484,"22.351500306184935",4544,"35.04974152130621","26.418709004399627","1.3267015248727414","345","60","205","80","43","2","6","17","0","0","2","8","3","5","131","2.1843623466666666"
"62034","Annequin",2022,1727,358,1369,15,12,1342,"20.729588882455126",2147,"36.23660922217047","22.915696320447136","1.58130081300813","180","30","120","30","19","2","3","5","1","0","1","4","2","1","71","2.4310066066666667"
"62035","Annezin",2022,4448,1153,3295,42,25,3228,"25.92176258992806",5819,"34.671689193058","26.225132161042904","1.3220787212871457","400","75","230","95","56","7","6","10","3","6","2","7","6","9","187","2.2100007266666664"
"62036","Anvin",2022,567,156,411,9,2,400,"27.513227513227513",709,"32.2732088232488","31.218936859668123","1.0337702711761043","65","15","35","15","6","1","0","1","1","1","0","1","0","1","15","1.43642938"
"62037","Anzin-Saint-Aubin",2022,2390,411,1979,23,11,1945,"17.196652719665273",2833,"28.203318037416164","33.00388280974232","0.8545454545454545","125","15","70","45","34","2","2","7","2","1","1","11","3","5","76","1.9856585266666669"
"62038","Ardres",2022,3453,845,2608,37,18,2553,"24.471474080509704",4393,"32.752778470004074","28.727108205118906","1.1401348940568905","335","60","180","100","40","5","2","5","1","5","1","9","6","6","143","2.178259686666667"
"62039","Arleux-En-Gohelle",2022,763,127,636,10,3,623,"16.644823066841415",933,"31.832797427652732","23.47266881028939","1.356164383561644","50","5","30","10","11","0","1","3","0","1","0","0","5","1","21","1.5747267866666665"
"62040","Arques",2022,7097,1917,5180,63,50,5067,"27.011413273214036",9526,"34.45678250367552","27.487264435421398","1.2535544446275588","875","160","495","215","83","8","5","26","4","1","3","18","5","13","436","3.1047334933333333"
"62041","Arras",2022,26719,7924,18795,217,159,18419,"29.656798532879225",42621,"41.63475530714228","22.364751444685265","1.8616238776503964","4085","640","2545","900","752","26","44","283","35","39","34","134","77","80","2977","4.776549106666666"
"62042","Athies",2022,852,179,673,17,3,653,"21.009389671361504",1049,"32.07395002467893","25.901574583986154","1.2383011666213102","70","15","40","15","13","0","2","6","0","1","0","1","0","3","28","1.7579434333333332"
"62043","Les Attaques",2022,1567,366,1201,20,15,1166,"23.35673261008296",2065,"32.68765133171913","24.455205811138015","1.3366336633663367","140","25","75","40","19","2","1","5","2","1","1","5","1","1","49","1.5735459133333332"
"62044","Attin",2022,652,148,504,16,3,485,"22.699386503067483",864,"37.285925503928866","24.517745950093754","1.5207729772477834","55","5","35","15","8","0","0","1","0","0","0","2","1","4","24","1.9585517399999999"
"62045","Aubigny-En-Artois",2022,1038,240,798,21,18,759,"23.121387283236995",1484,"32.03811171867635","30.919211769456496","1.0361878549027295","95","20","50","25","9","0","0","3","0","0","0","2","2","2","44","2.0435279399999997"
"62046","Aubin-Saint-Vaast",2022,560,143,417,12,7,398,"25.535714285714285",735,"31.893415915966123","31.485976150916677","1.0129403567828588","65","10","35","15","8","0","2","1","0","0","3","2","0","0","17","1.5549874066666665"
"62047","Aubrometz",2022,129,31,98,1,0,97,"24.031007751937985",142,"37.086092715231835","27.81456953642386","1.3333333333333341","10","5","5","5","1","1","0","0","0","0","0","0","0","0","1","0.47985101333333335"
"62048","Auchel",2022,7450,2741,4709,29,43,4637,"36.79194630872483",10124,"39.05895244472708","26.125580771077406","1.495046283831045","1040","210","615","210","81","9","9","37","0","3","1","7","3","12","509","3.4258936800000006"
"62049","Auchy-Au-Bois",2022,396,83,313,4,4,305,"20.95959595959596",549,"39.11597778980636","23.308532209452927","1.6781827975398047","25","5","15","5","3","0","0","2","0","0","0","1","0","0","10","1.2959481"
"62050","Auchy-Lès-Hesdin",2022,1161,265,896,15,5,876,"22.82515073212748",1517,"31.245880026367836","36.65128543177323","0.8525179856115108","125","25","65","40","8","2","0","3","0","1","0","1","1","0","46","2.065309593333333"
"62051","Auchy-Les-Mines",2022,3856,1092,2764,32,24,2708,"28.319502074688796",4642,"36.53666252867362","22.81180209276374","1.6016561243209984","375","55","220","105","63","8","5","19","0","3","3","8","6","11","176","2.657737413333334"
"62052","Audembert",2022,360,59,301,8,3,290,"16.38888888888889",435,"32.65651082114184","23.25039468644139","1.4045572671583804","20","0","10","5","5","0","0","0","0","1","1","2","1","0","8","1.13718382"
"62053","Audincthun",2022,523,111,412,5,6,401,"21.223709369024856",680,"33.76257113551138","24.580343777919587","1.3735597614318211","60","10","30","20","7","1","2","0","0","0","1","1","0","2","15","1.4068428133333333"
"62054","Audinghen",2022,480,70,410,3,4,403,"14.583333333333334",623,"32.68459450634125","26.164935291985124","1.2491754381044937","45","5","30","15","8","0","1","2","0","1","0","1","3","0","12","1.38826386"
"62055","Audrehem",2022,430,99,331,3,8,320,"23.02325581395349",522,"35.68528358761807","22.22828533039256","1.6053997443890045","25","0","15","5","4","1","0","0","0","0","0","1","0","2","13","1.51502444"
"62056","Audresselles",2022,652,193,459,2,4,453,"29.601226993865033",616,"25.775037828423425","40.32071693435666","0.6392504843201564","45","5","25","10","3","0","0","1","0","0","0","0","0","2","13","1.4550392533333332"
"62057","Audruicq",2022,3984,935,3049,45,20,2984,"23.468875502008032",5349,"35.743269322602096","27.775294583020266","1.2868727356163796","380","70","215","95","44","6","3","14","0","0","2","6","5","8","199","2.4917521666666667"
"62058","Aumerval",2022,163,31,132,1,0,131,"19.018404907975462",194,"30.60109289617484","30.601092896174787","1.0000000000000018","10","0","5","5","1","0","0","0","0","0","0","1","0","0","4","1.3026224466666667"
"62059","Autingues",2022,256,60,196,6,3,187,"23.4375",291,"31.72605339111176","32.89441873924437","0.9644813499398088","10","0","5","0","2","0","0","0","0","1","0","1","0","0","3","1.0261142533333334"
"62060","Auxi-Le-Château",2022,2038,607,1431,9,6,1416,"29.784102060843963",2549,"31.22707521294664","35.622639854482635","0.8766075546480627","215","30","125","60","26","7","2","9","0","0","1","4","1","2","141","3.6615909333333336"
"62061","Averdoingt",2022,206,22,184,10,4,170,"10.679611650485436",293,"38.50815886414205","19.272448595911882","1.9980937384526472","15","5","5","0","4","1","0","1","0","0","1","0","0","1","4","1.2562107399999998"
"62062","Avesnes",2022,32,5,27,1,0,26,"15.625",49,"26.08695652173913","32.608695652173914","0.8","0","0","0","0","0","0","0","0","0","0","0","0","0","0","0","0.6688071466666667"
"62063","Avesnes-Le-Comte",2022,1499,422,1077,13,6,1058,"28.152101400933955",1817,"35.861207902787775","27.729398262321947","1.293255899877032","100","20","60","25","18","3","0","4","1","0","1","6","2","1","61","2.172458386666667"
"62064","Avesnes-Lès-Bapaume",2022,142,39,103,2,0,101,"27.464788732394368",170,"34.636871508379826","34.63687150837988","0.9999999999999983","10","0","5","5","2","0","0","1","1","0","0","0","0","0","4","1.2959481"
"62065","Avion",2022,12296,3609,8687,91,67,8529,"29.351008458035132",17571,"39.915507532625014","22.205127927061614","1.7975806157810772","1740","325","995","420","152","13","14","57","7","4","4","22","12","19","727","2.9531028066666667"
"62066","Avondance",2022,35,10,25,0,1,24,"28.57142857142857",33,"31.428571428571423","22.857142857142847","1.3750000000000004","0","0","0","0","0","0","0","0","0","0","0","0","0","0","0","0.36680690666666665"
"62067","Avroult",2022,447,88,359,8,7,344,"19.686800894854585",541,"34.011090573012936","27.35674676524954","1.2432432432432432","30","5","15","10","4","2","0","2","0","0","0","0","0","0","11","1.2943714533333333"
"62068","Ayette",2022,278,54,224,2,3,219,"19.424460431654676",328,"31.98527990290335","29.547182153799767","1.0825154065931815","20","5","5","5","4","1","1","0","1","0","0","1","0","0","5","1.4568401866666667"
"62069","Azincourt",2022,233,34,199,3,0,196,"14.592274678111588",304,"37.49807930753789","24.74531823532866","1.5153605603666165","15","0","10","0","0","0","0","0","0","0","0","0","0","0","4","1.2983348933333332"
"62070","Bailleul-Aux-Cornailles",2022,221,48,173,5,0,168,"21.71945701357466",267,"33.33333333333333","25.842696629213485","1.289855072463768","20","5","10","5","1","0","0","1","0","0","0","0","0","0","5","1.34549718"
"62071","Bailleul-Lès-Pernes",2022,294,48,246,3,3,240,"16.3265306122449",409,"33.92379545414745","25.214459728981737","1.3454103644804702","20","5","10","5","4","1","1","1","0","0","1","0","0","0","8","1.32989104"
"62072","Bailleulmont",2022,201,41,160,0,2,158,"20.398009950248756",216,"24.545454545454586","38.18181818181817","0.642857142857144","20","0","15","5","2","1","0","1","0","0","0","0","0","0","2","0.5431983866666668"
"62073","Bailleul-Sir-Berthoult",2022,1145,240,905,13,5,887,"20.96069868995633",1432,"33.26073638813366","24.789612020716113","1.3417207320686753","55","10","35","10","12","2","0","1","1","1","1","2","2","2","33","1.5747267866666665"
"62074","Bailleulval",2022,182,30,152,1,1,150,"16.483516483516482",233,"36.71570521596888","23.399763946919613","1.5690630597494637","15","5","10","0","0","0","0","0","0","0","0","0","0","0","4","0.9522453933333334"
"62075","Baincthun",2022,1139,258,881,12,12,857,"22.651448639157156",1321,"32.359665905531415","24.811231994895522","1.3042345463614566","90","15","35","40","20","1","0","4","0","3","0","5","5","2","33","1.6745322266666667"
"62076","Bainghen",2022,168,31,137,1,1,135,"18.452380952380953",214,"33.48623853211009","23.8532110091743","1.4038461538461549","10","0","5","5","0","0","0","0","0","0","0","0","0","0","3","0.8683830133333333"
"62077","Bajus",2022,291,60,231,1,3,227,"20.618556701030926",358,"34.56196147783971","23.63231771145901","1.4624871711622707","15","0","10","5","1","0","0","0","0","0","0","0","1","0","3","0.7041490266666667"
"62078","Balinghem",2022,936,172,764,8,7,749,"18.37606837606838",1225,"35.183673469387756","21.877551020408163","1.6082089552238805","80","10","35","30","11","1","1","5","0","0","0","3","1","0","31","1.6808350933333331"
"62079","Bancourt",2022,68,12,56,3,2,51,"17.647058823529413",84,"27.380952380952383","32.142857142857146","0.8518518518518519","5","0","5","0","1","0","0","0","0","0","0","1","0","0","0","0.6613090866666667"
"62080","Bapaume",2022,2104,740,1364,23,13,1328,"35.17110266159696",3718,"33.673994686334105","29.3974654092717","1.1454727207779491","230","40","135","55","44","3","5","19","0","3","1","3","3","7","192","3.4466490600000004"
"62081","Baralle",2022,395,108,287,11,0,276,"27.341772151898734",435,"29.195402298850574","31.494252873563216","0.927007299270073","30","0","20","10","11","0","1","1","0","0","0","0","9","0","11","1.6390887133333332"
"62082","Barastre",2022,212,44,168,3,1,164,"20.754716981132077",314,"41.15691036755914","19.559776031806344","2.1041606151641763","20","0","10","5","1","1","0","0","0","0","0","0","0","0","3","1.0490995466666666"
"62083","Barlin",2022,5756,1723,4033,46,34,3953,"29.93398193189715",7330,"36.56171876911874","26.212865669144396","1.3948005239334114","665","115","395","155","42","1","9","13","1","2","0","8","4","4","333","3.2453757466666664"
"62084","Barly",2022,172,32,140,2,3,135,"18.6046511627907",203,"25.60386473429951","29.951690821256012","0.8548387096774198","15","5","5","5","1","0","0","0","0","0","0","1","0","0","4","1.24569174"
"62085","Basseux",2022,117,20,97,4,2,91,"17.094017094017094",131,"20.93023255813949","44.18604651162777","0.4736842105263162","0","0","0","0","1","0","0","0","0","0","0","1","0","0","1","0.68890862"
"62086","Bavincourt",2022,294,57,237,3,0,234,"19.387755102040817",419,"38.902147971360385","22.434367541766107","1.7340425531914894","25","5","20","5","5","0","0","2","1","0","0","1","0","1","8","1.4321855866666664"
"62087","Bayenghem-Lès-Eperlecques",2022,767,143,624,7,3,614,"18.64406779661017",1019,"37.193381533607365","18.11478452946341","2.0532058481354234","50","5","30","15","8","3","2","2","0","0","1","0","0","0","23","1.43642938"
"62088","Bayenghem-Lès-Seninghem",2022,275,33,242,3,2,237,"12",345,"33.70230035088438","28.707190090331146","1.174002061672892","20","5","15","5","0","0","0","0","0","0","0","0","0","0","4","0.9358888"
"62089","Bazinghen",2022,312,44,268,3,0,265,"14.102564102564102",408,"35.78431372549019","25.735294117647058","1.3904761904761904","20","0","10","5","1","0","0","1","0","0","0","0","0","0","7","1.1154006933333334"
"62090","Béalencourt",2022,103,15,88,1,1,86,"14.563106796116504",133,"38.356164383561584","27.397260273972552","1.4000000000000004","10","0","5","0","1","0","0","0","0","0","1","0","0","0","1","0.7152358133333333"
"62091","Beaudricourt",2022,86,8,78,2,0,76,"9.30232558139535",98,"30.612244897959183","31.63265306122449","0.967741935483871","10","0","5","0","1","0","0","0","0","0","0","1","0","0","0","1.23102408"
"62092","Beaufort-Blavincourt",2022,321,64,257,3,0,254,"19.937694704049843",404,"30.090171860109205","32.77523064656605","0.9180765860838216","25","5","10","5","6","0","2","3","0","0","0","0","0","1","10","1.47037232"
"62093","Beaulencourt",2022,158,51,107,2,1,104,"32.278481012658226",232,"31.648922240826206","23.580487315707792","1.342165741407038","15","0","10","0","2","0","0","1","0","0","0","1","0","0","5","1.5940670533333332"
"62094","Beaumerie-Saint-Martin",2022,309,62,247,1,0,246,"20.06472491909385",384,"32.55208333333333","27.34375","1.1904761904761905","25","0","10","10","1","0","0","0","0","0","0","0","0","1","10","1.5473240933333334"
"62095","Beaumetz-Lès-Aire",2022,177,48,129,1,0,128,"27.11864406779661",228,"35.585585585585555","27.477477477477407","1.2950819672131169","10","5","10","0","0","0","0","0","0","0","0","0","0","0","5","1.4961317266666667"
"62096","Beaumetz-Lès-Cambrai",2022,418,101,317,3,2,312,"24.16267942583732",536,"36.19402985074627","22.574626865671643","1.603305785123967","30","5","15","10","1","0","1","0","0","0","0","0","0","0","8","1.1123259266666667"
"62097","Beaumetz-Lès-Loges",2022,784,161,623,15,3,605,"20.535714285714285",1000,"33.5226944031313","25.959396914534683","1.291351047695639","55","5","30","25","13","2","2","3","0","0","1","0","4","1","26","1.7598777066666667"
"62099","Beaurains",2022,4278,1105,3173,38,30,3105,"25.829827021972886",5530,"34.16480856510123","26.59429814391406","1.2846666747969675","365","60","225","80","70","3","4","28","4","4","0","12","6","9","195","2.48561066"
"62100","Beaurainville",2022,1610,453,1157,19,7,1131,"28.13664596273292",2028,"33.086785009861934","31.26232741617357","1.0583596214511042","140","30","65","45","20","4","1","2","2","0","1","6","1","3","58","1.9000489733333334"
"62101","Beauvois",2022,104,30,74,0,1,73,"28.846153846153843",133,"36.23188405797105","19.56521739130435","1.8518518518518532","5","5","0","0","0","0","0","0","0","0","0","0","0","0","1","0.5168515266666667"
"62102","Bécourt",2022,195,25,170,0,1,169,"12.82051282051282",281,"41.18655714209068","23.87627971384164","1.7249989376784636","15","0","10","5","3","0","2","1","0","0","0","0","0","0","3","1.0111351133333333"
"62103","Béhagnies",2022,98,14,84,0,1,83,"14.285714285714285",121,"34.21052631578951","34.21052631578951","1","5","0","0","0","3","0","0","1","0","2","0","0","0","0","0","0.61554806"
"62104","Bellebrune",2022,313,31,282,2,2,278,"9.904153354632587",429,"39.04726408852126","15.938640393244718","2.4498491166831697","15","0","10","0","8","1","0","4","0","1","0","2","0","0","8","1.4130029666666666"
"62105","Belle-Et-Houllefort",2022,432,79,353,5,2,346,"18.287037037037038",524,"26.81786760759489","33.534004467693315","0.7997215970264225","15","0","10","5","1","0","0","0","0","0","0","1","0","0","12","1.47037232"
"62106","Bellonne",2022,199,31,168,2,1,165,"15.577889447236181",213,"25.352112676056336","38.497652582159624","0.6585365853658537","10","0","5","5","1","0","1","0","0","0","0","0","0","0","4","1.0830985533333333"
"62107","Bénifontaine",2022,312,46,266,4,3,259,"14.743589743589745",337,"28.486646884272997","32.93768545994065","0.8648648648648649","15","5","10","5","2","0","0","1","0","0","1","0","0","0","8","1.5087976666666665"
"62108","Berck",2022,11028,3371,7657,105,64,7488,"30.56764599202031",12967,"26.360721073663147","39.036152889376716","0.675289933113182","1155","215","605","330","296","7","18","161","6","11","13","35","24","21","828","4.258561019999999"
"62109","Bergueneuse",2022,151,32,119,5,1,113,"21.192052980132452",215,"29.767441860465116","33.02325581395349","0.9014084507042254","15","0","10","0","2","1","0","0","0","0","0","1","0","0","3","0.9967025399999999"
"62111","Berlencourt-Le-Cauroy",2022,187,31,156,5,1,150,"16.577540106951872",273,"37.89838653272422","26.231689875542436","1.4447558168206092","20","0","5","10","1","0","0","0","0","0","0","0","0","1","3","0.65188844"
"62112","Berles-Au-Bois",2022,413,85,328,0,3,325,"20.581113801452787",538,"33.3234921400579","27.399348784145218","1.2162147503060627","25","0","20","5","5","1","0","3","0","0","0","1","0","0","12","1.4732780599999997"
"62113","Berles-Monchel",2022,397,81,316,7,4,305,"20.40302267002519",487,"35.79553098455088","23.186601809151057","1.5438023768719513","20","5","15","5","6","2","0","0","0","0","1","2","1","0","10","1.1929227266666667"
"62114","Bermicourt",2022,142,25,117,0,0,117,"17.6056338028169",167,"32.31707317073174","31.09756097560974","1.0392156862745114","10","0","5","5","3","2","0","0","0","1","0","0","0","0","3","0.9967025399999999"
"62115","Berneville",2022,407,82,325,9,0,316,"20.14742014742015",475,"29.02294342253632","32.10274161758736","0.9040643247315742","20","5","10","5","4","0","1","2","0","0","0","0","1","0","12","1.5747267866666665"
"62116","Bernieulles",2022,148,27,121,2,0,119,"18.243243243243242",165,"27.27272727272727","31.515151515151512","0.8653846153846154","10","0","5","5","1","0","0","1","0","0","0","0","0","0","3","0.9358888"
"62117","Bertincourt",2022,719,208,511,4,2,505,"28.929068150208625",918,"37.77641591549851","26.461388305391587","1.4276052140394107","80","15","40","25","4","0","1","1","0","0","1","1","0","0","22","1.6745322266666667"
"62118","Béthonsart",2022,130,23,107,0,1,106,"17.692307692307693",150,"29.375","25.624999999999996","1.146341463414634","5","0","5","5","0","0","0","0","0","0","0","0","0","0","3","1.33662394"
"62119","Béthune",2022,17396,5815,11581,138,81,11362,"33.42722464934468",25342,"39.63395311780006","24.169704061909066","1.6398195450089237","2585","455","1565","565","392","20","36","132","16","18","12","79","39","40","1856","4.9587962"
"62120","Beugin",2022,388,61,327,6,2,319,"15.721649484536082",465,"31.284992210496714","27.666549479346962","1.1307876406434751","20","5","10","5","2","0","0","1","0","1","0","0","0","0","12","1.5747267866666665"
"62121","Beugnâtre",2022,126,30,96,1,1,94,"23.809523809523807",181,"41.37931034482757","16.666666666666664","2.482758620689655","15","5","5","5","2","0","0","1","0","0","0","1","0","0","4","1.5793863666666668"
"62122","Beugny",2022,250,61,189,1,4,184,"24.4",353,"35.92923171838225","25.256895171674294","1.422551405236738","20","0","10","5","10","3","0","4","0","0","2","0","0","1","8","1.5741540399999998"
"62123","Beussent",2022,386,76,310,2,3,305,"19.689119170984455",551,"34.85160342099697","25.744819173003","1.3537326942091594","35","10","20","5","3","1","0","0","0","0","0","0","2","0","11","1.33769448"
"62124","Beutin",2022,358,79,279,7,1,271,"22.067039106145252",434,"38.754684312317025","20.9191264419433","1.8525957295526954","25","5","15","5","5","1","0","1","1","0","1","1","0","0","10","1.5163848866666665"
"62125","Beuvrequen",2022,401,64,337,0,0,337,"15.96009975062344",459,"31.372549019607842","23.965141612200437","1.309090909090909","20","0","5","10","5","0","0","1","0","0","1","1","1","1","10","1.4743485999999997"
"62126","Beuvry",2022,6888,2034,4854,32,54,4768,"29.529616724738677",9078,"34.48405054862077","27.521189410841757","1.2530000078788763","735","125","450","160","78","4","11","18","1","4","5","18","5","12","429","3.388345373333333"
"62127","Bezinghem",2022,288,46,242,4,1,237,"15.972222222222221",374,"36.63101604278075","24.06417112299465","1.5222222222222221","15","0","10","5","5","0","1","2","0","0","0","1","0","1","7","1.3288205"
"62128","Biache-Saint-Vaast",2022,3355,834,2521,30,16,2475,"24.858420268256335",4519,"37.333643102462716","22.21674066422123","1.6804284510817724","275","45","160","70","31","2","6","8","1","0","1","5","2","6","151","2.228858906666667"
"62129","Biefvillers-Lès-Bapaume",2022,81,21,60,1,1,58,"25.925925925925924",94,"30.4347826086956","32.6086956521739","0.9333333333333321","5","0","0","0","0","0","0","0","0","0","0","0","0","0","0","1.32989104"
"62130","Bienvillers-Au-Bois",2022,530,105,425,5,1,419,"19.81132075471698",665,"33.516506601497895","30.99892128396734","1.0812152556686754","45","10","25","10","10","1","3","2","0","0","2","0","2","0","15","1.3963262866666666"
"62131","Bihucourt",2022,270,64,206,4,1,201,"23.703703703703706",310,"38.06079901090981","20.12123611025055","1.8915735992740599","15","5","5","5","1","0","0","1","0","0","0","0","0","0","3","1.07598306"
"62132","Billy-Berclau",2022,3803,821,2982,51,25,2906,"21.5882198264528",5076,"36.935958590663255","23.36303943136259","1.5809569084183606","345","60","195","90","53","7","8","13","2","2","0","7","1","13","127","1.6709099266666667"
"62133","Billy-Montigny",2022,5180,1441,3739,50,20,3669,"27.81853281853282",8027,"41.90176217920394","20.243226660332635","2.069915181126338","810","160","485","170","86","6","7","30","0","2","2","15","9","15","510","4.508741079999999"
"62134","Bimont",2022,101,17,84,1,1,82,"16.831683168316832",103,"34.234234234234265","26.126126126126177","1.3103448275862057","5","0","5","0","2","0","0","2","0","0","0","0","0","0","0","0.9370001933333333"
"62135","Blairville",2022,248,50,198,0,0,198,"20.161290322580644",306,"34.64052287581699","30.065359477124183","1.1521739130434783","15","5","5","5","4","1","2","0","0","0","0","1","0","0","3","0.8139732"
"62137","Blangerval-Blangermont",2022,89,15,74,1,0,73,"16.853932584269664",93,"28.86597938144323","34.02061855670105","0.8484848484848458","10","0","0","5","3","0","1","0","1","0","0","1","0","0","0","0.7375045133333332"
"62138","Blangy-Sur-Ternoise",2022,541,125,416,6,7,403,"23.10536044362292",700,"29.40823450079442","33.00826203749558","0.89093556235673","50","5","30","15","8","1","1","3","0","2","0","0","1","0","16","1.5300746666666667"
"62139","Blendecques",2022,3796,1004,2792,41,23,2728,"26.44889357218124",4891,"34.798609691269675","27.070128808014722","1.2854984894259818","385","70","220","95","52","17","5","8","2","1","4","2","11","2","181","2.4886736266666665"
"62140","Bléquin",2022,382,103,279,9,0,270,"26.96335078534031",485,"34.7465201018642","22.186423391573936","1.5661163355901877","25","5","20","5","4","0","2","1","0","0","0","0","0","1","7","0.9522453933333334"
"62141","Blessy",2022,646,133,513,6,2,505,"20.588235294117645",904,"37.502966273881455","20.088966157091058","1.8668440167909566","55","15","35","5","7","1","0","3","0","0","0","2","0","1","19","1.4475186533333333"
"62142","Blingel",2022,111,20,91,1,0,90,"18.01801801801802",159,"35.66878980891727","24.84076433121026","1.4358974358974348","10","0","5","0","2","0","0","1","1","0","0","0","0","0","2","0.8311498"
"62143","Boffles",2022,34,6,28,0,0,28,"17.647058823529413",47,"36.956521739130416","36.9565217391305","0.9999999999999978","0","0","0","0","0","0","0","0","0","0","0","0","0","0","0","0.36680690666666665"
"62144","Boiry-Becquerelle",2022,369,69,300,5,1,294,"18.69918699186992",473,"35.569842654969996","23.755465649741335","1.4973330003050185","20","5","10","5","4","0","0","1","0","0","0","1","0","2","12","1.5747267866666665"
"62145","Boiry-Notre-Dame",2022,392,90,302,1,0,301,"22.95918367346939",443,"27.452052427395845","30.747715767124024","0.8928159943753624","25","5","10","10","4","0","2","0","0","0","0","1","0","1","9","1.342987013333333"
"62146","Boiry-Saint-Martin",2022,210,45,165,3,0,162,"21.428571428571427",258,"32.55813953488372","26.356589147286826","1.2352941176470589","10","0","5","0","2","1","1","0","0","0","0","0","0","0","5","1.228442313333333"
"62147","Boiry-Sainte-Rictrude",2022,287,43,244,2,2,240,"14.982578397212542",386,"35.233160621761655","25.906735751295333","1.36","15","0","10","0","3","0","0","0","0","0","1","1","1","0","6","1.0888995133333335"
"62148","Bois-Bernard",2022,661,128,533,9,5,519,"19.36459909228442",833,"30.213505525376227","31.66103802322094","0.9542803209173669","50","10","30","10","10","0","1","2","0","0","1","0","6","0","20","1.5927639133333331"
"62149","Boisdinghem",2022,197,35,162,0,3,159,"17.766497461928935",255,"36.920200493837214","19.2370614197311","1.9192224679372725","10","0","10","0","1","0","0","1","0","0","0","0","0","0","3","0.95116422"
"62150","Boisjean",2022,418,35,383,5,6,372,"8.373205741626794",513,"34.63715724919228","26.22176267731738","1.320931688515146","35","5","15","10","3","0","1","2","0","0","0","0","0","0","10","1.27920712"
"62151","Boisleux-Au-Mont",2022,424,64,360,8,5,347,"15.09433962264151",522,"37.893814490350444","22.28560044997934","1.700372156245203","35","10","20","5","3","0","0","2","0","0","0","1","0","0","9","1.1522468866666666"
"62152","Boisleux-Saint-Marc",2022,191,18,173,6,0,167,"9.424083769633508",256,"35.15625","21.09375","1.6666666666666667","15","5","5","10","1","0","0","1","0","0","0","0","0","0","5","1.2701886933333333"
"62153","Bomy",2022,514,117,397,7,3,387,"22.762645914396888",628,"34.119234593525796","26.925158804129506","1.2671878684813154","25","5","10","10","4","0","0","3","0","0","0","0","0","1","14","1.3728998733333333"
"62154","Bonnières",2022,587,148,439,4,7,428,"25.2129471890971",667,"32.17818706334048","30.268024847203883","1.0631082545286417","40","5","25","10","6","2","0","0","0","0","2","1","0","1","16","1.4727053133333332"
"62155","Bonningues-Lès-Ardres",2022,485,90,395,2,3,390,"18.556701030927837",620,"33.19584554758484","25.768167770427624","1.2882501326183329","55","10","35","10","5","0","0","4","0","0","0","0","0","1","13","1.3983353066666666"
"62156","Bonningues-Lès-Calais",2022,486,69,417,8,4,405,"14.19753086419753",598,"30.76923076923077","27.926421404682273","1.1017964071856288","25","5","10","10","8","0","0","5","0","2","0","0","0","1","14","1.44293268"
"62157","Boubers-Lès-Hesmond",2022,61,6,55,0,0,55,"9.836065573770492",70,"18.66666666666667","38.666666666666664","0.4827586206896553","0","0","0","0","0","0","0","0","0","0","0","0","0","0","0","0.63664324"
"62158","Boubers-Sur-Canche",2022,473,110,363,1,0,362,"23.25581395348837",577,"31.51808557198146","32.82077847730617","0.9603088968098226","50","10","25","10","6","1","2","1","0","0","0","0","1","1","22","2.367113653333334"
"62160","Boulogne-Sur-Mer",2022,25712,8746,16966,204,116,16646,"34.01524579962663",41039,"39.08679798928454","25.450636259911608","1.5357886376637206","4540","745","2775","1015","487","34","31","206","12","23","22","78","38","43","2472","4.190264726666667"
"62161","Bouquehault",2022,545,136,409,5,0,404,"24.954128440366972",794,"40.72730769634469","16.031850777390787","2.5403996245886424","50","10","25","15","10","2","3","2","0","0","0","1","1","1","19","1.4977750133333332"
"62162","Bourecq",2022,403,77,326,3,4,319,"19.106699751861044",575,"36.31684793058393","25.39947049471966","1.4298269697446608","40","10","20","10","2","0","0","0","0","0","1","0","0","1","13","1.3983353066666666"
"62163","Bouret-Sur-Canche",2022,206,41,165,2,3,160,"19.902912621359224",245,"27.26187985997702","36.606414614849015","0.7447295821459259","10","5","5","5","2","0","0","1","0","0","0","1","0","0","4","0.9370001933333333"
"62164","Bourlon",2022,915,218,697,10,3,684,"23.825136612021858",1148,"34.11523982132509","26.43356760593727","1.2906029307093012","90","10","45","30","6","0","1","4","0","0","1","0","0","0","52","2.990279693333334"
"62165","Bournonville",2022,175,27,148,3,3,142,"15.428571428571427",226,"30.909090909090835","29.999999999999904","1.0303030303030312","5","0","5","0","3","0","1","0","0","0","0","2","0","0","3","0.8701823533333334"
"62166","Bours",2022,516,109,407,1,2,404,"21.124031007751938",588,"34.183673469387756","25.170068027210885","1.3581081081081081","25","0","15","5","9","1","1","2","0","1","1","3","0","0","14","1.5336343133333332"
"62167","Boursin",2022,223,48,175,5,4,166,"21.524663677130047",242,"37.288135593220375","23.30508474576275","1.5999999999999988","10","0","5","5","3","0","1","1","0","0","0","1","0","0","4","0.9522453933333334"
"62168","Bourthes",2022,592,99,493,14,8,471,"16.722972972972975",851,"39.77640503567908","20.580111299018427","1.9327594714017038","35","10","20","5","8","1","2","3","0","0","0","0","1","1","19","1.5363775333333334"
"62169","Bouvelinghem",2022,188,37,151,0,1,150,"19.680851063829788",255,"33.61344537815122","23.52941176470584","1.4285714285714293","10","0","5","5","2","0","0","0","0","0","0","0","0","2","4","1.1059547066666666"
"62170","Bouvigny-Boyeffles",2022,1935,440,1495,30,8,1457,"22.739018087855296",2385,"30.71936912879954","31.450589876163026","0.9767501738363994","125","20","65","35","16","0","3","3","0","1","1","3","4","1","64","1.7701787733333334"
"62171","Boyaval",2022,90,12,78,1,0,77,"13.333333333333334",138,"42.94871794871797","15.38461538461536","2.7916666666666727","5","0","5","0","2","0","1","1","0","0","0","0","0","0","2","0.6688071466666667"
"62172","Boyelles",2022,274,42,232,6,1,225,"15.328467153284672",366,"37.43169398907104","20.21857923497268","1.8513513513513513","20","0","10","5","3","0","1","2","0","0","0","0","0","0","5","1.1058984066666666"
"62173","Brebières",2022,4050,1024,3026,41,19,2966,"25.283950617283953",5210,"35.25911708253359","24.01151631477927","1.4684252597921663","345","60","190","95","46","6","3","14","1","1","2","9","4","6","169","2.2499018800000004"
"62174","Brêmes",2022,996,232,764,13,4,747,"23.293172690763054",1311,"31.631923677716628","31.008452140818576","1.0201065030291316","70","10","45","15","8","2","0","2","0","1","0","1","0","2","34","1.759147313333333"
"62175","Brévillers",2022,120,16,104,2,1,101,"13.333333333333334",157,"33.12101910828025","26.751592356687897","1.2380952380952381","10","0","5","0","0","0","0","0","0","0","0","0","0","0","2","0.7205056200000001"
"62176","Bréxent-Enocq",2022,557,152,405,7,0,398,"27.289048473967686",639,"29.510669927457055","30.807495299041825","0.957905523996782","30","5","15","10","2","0","0","0","0","0","0","2","0","0","13","1.328247753333333"
"62177","Brimeux",2022,673,142,531,5,5,521,"21.099554234769688",872,"32.45412844036697","24.31192660550459","1.3349056603773586","55","10","30","15","6","0","0","2","0","0","0","1","1","2","22","1.7559390933333332"
"62178","Bruay-La-Buissière",2022,15328,4781,10547,130,75,10342,"31.19128392484342",21997,"38.82392135864391","24.535776050666307","1.5823392452911464","2280","435","1355","490","166","8","12","70","5","3","2","27","11","28","1245","3.9870723933333334"
"62179","Brunembert",2022,295,55,240,4,2,234,"18.64406779661017",394,"35.25317377115921","23.169478036941094","1.521535086589005","15","5","10","5","3","0","0","0","1","0","0","1","0","1","6","1.0139519666666668"
"62180","Brias",2022,232,42,190,4,0,186,"18.103448275862068",297,"35.35353535353536","22.22222222222222","1.5909090909090908","15","5","5","0","4","0","0","1","0","1","1","0","0","1","5","1.5133811533333335"
"62181","Bucquoy",2022,1025,252,773,2,8,763,"24.585365853658537",1506,"38.711819389110225","23.904382470119522","1.6194444444444445","75","10","50","15","13","4","0","2","0","0","0","1","3","3","35","1.5747267866666665"
"62182","Buire-Au-Bois",2022,206,40,166,5,0,161,"19.41747572815534",238,"29.90403776653215","34.120208464140674","0.876431859962415","20","5","10","5","5","1","1","1","0","0","1","1","0","0","5","1.228442313333333"
"62183","Buire-Le-Sec",2022,589,139,450,10,5,435,"23.599320882852293",752,"39.16837825086063","20.519103739871873","1.9088737377330116","65","10","45","10","7","1","1","0","0","0","0","3","1","1","18","1.5399813466666668"
"62184","Buissy",2022,216,46,170,1,3,166,"21.296296296296298",287,"38.819005590573205","19.348881564682664","2.006266122452741","15","0","10","5","1","0","1","0","0","0","0","0","0","0","4","1.0362669866666667"
"62185","Bullecourt",2022,174,42,132,1,0,131,"24.137931034482758",227,"28.634361233480178","31.277533039647576","0.9154929577464789","10","0","5","5","1","0","0","1","0","0","0","0","0","0","5","1.2959481"
"62186","Bully-Les-Mines",2022,9319,3022,6297,74,51,6172,"32.428372142933796",12172,"36.39132156716604","26.129907747568403","1.3927076175977906","1125","220","660","245","102","15","11","34","4","0","2","18","8","10","607","3.580691653333333"
"62187","Buneville",2022,132,22,110,0,0,110,"16.666666666666664",177,"32.93413173652701","28.143712574850326","1.1702127659574477","10","0","5","5","1","0","0","0","0","0","0","0","1","0","2","0.8805861533333332"
"62188","Burbure",2022,2234,464,1770,23,14,1733,"20.769919427036708",2827,"34.67687783264153","26.794603956990628","1.2941739272692045","200","35","110","55","15","3","2","3","0","0","2","1","1","3","71","1.6806477266666666"
"62189","Bus",2022,100,22,78,0,2,76,"22",134,"45.8646616541353","13.53383458646612","3.3888888888888977","10","0","5","5","1","0","0","0","0","0","0","0","0","1","2","0.56735842"
"62190","Busnes",2022,985,166,819,10,8,801,"16.85279187817259",1242,"30.110423074176495","31.3491185351713","0.9604870720813063","70","15","35","20","8","1","2","1","0","1","0","1","1","1","32","1.74053744"
"62191","Caffiers",2022,459,112,347,2,3,342,"24.40087145969499",726,"34.44189310538916","31.94374577664497","1.078204583338835","50","15","30","10","7","3","0","3","0","1","0","0","0","0","18","1.5747267866666665"
"62192","Cagnicourt",2022,305,62,243,2,2,239,"20.327868852459016",422,"39.09952606635071","20.379146919431278","1.9186046511627908","35","5","20","10","3","1","1","0","1","0","0","0","0","0","10","1.5572183733333333"
"62193","Calais",2022,50946,17887,33059,376,237,32446,"35.109724021512974",67585,"38.408141787807196","24.7157838213332","1.5539924634983886","7915","1355","4685","1875","726","35","79","263","22","18","27","132","47","103","4425","4.475848193333333"
"62194","Calonne-Ricouart",2022,4401,1403,2998,37,21,2940,"31.879118382185865",5416,"37.052662746269796","26.308623289490622","1.4083847086392787","535","105","310","120","30","3","4","9","3","1","0","4","2","4","257","3.168125733333333"
"62195","Calonne-Sur-La-Lys",2022,1235,290,945,14,10,921,"23.481781376518217",1578,"34.45930611307776","25.869619198926024","1.3320376248332382","90","15","50","20","22","1","4","5","1","0","0","3","4","4","40","1.74053744"
"62196","La Calotterie",2022,469,86,383,8,6,369,"18.336886993603414",586,"29.811845373373536","32.01538332485646","0.9311725263719671","30","5","15","15","5","0","1","1","0","0","0","2","0","1","14","1.4957016933333334"
"62197","Camblain-Châtelain",2022,1336,373,963,17,5,941,"27.91916167664671",1766,"37.53410315198692","23.782359794532365","1.5782329203772336","135","20","85","30","14","0","1","4","1","0","1","1","2","4","51","1.8740413999999999"
"62198","Cambligneul",2022,290,57,233,5,3,225,"19.655172413793103",347,"31.62413949593063","30.809198531412214","1.0264512224713516","15","0","10","5","4","0","0","1","0","1","0","0","2","0","7","1.3963262866666666"
"62199","Camblain-L'Abbé",2022,514,90,424,11,4,409,"17.509727626459142",681,"32.572224534376055","28.480657088295715","1.1436612727506836","20","0","15","5","4","0","3","0","1","0","0","0","0","0","15","1.4458753666666666"
"62200","Cambrin",2022,857,148,709,9,4,696,"17.269544924154026",1250,"36.40228377173224","22.320901489911613","1.630860822901127","90","15","60","15","15","2","1","4","1","0","0","4","2","1","30","1.64084194"
"62201","Camiers",2022,2300,652,1648,21,12,1615,"28.347826086956523",2633,"27.546848760807524","34.97245958488976","0.7876726169042295","210","45","110","55","32","2","3","7","2","1","3","7","2","5","87","2.1748939933333338"
"62202","Campagne-Lès-Boulonnais",2022,466,71,395,4,1,390,"15.236051502145923",675,"40.409913936534814","20.22172255826725","1.998341823753982","40","10","25","5","7","0","2","1","0","1","0","1","0","2","17","1.5975804533333333"
"62203","Campagne-Lès-Guines",2022,351,62,289,3,2,284,"17.663817663817664",414,"31.40096618357488","28.743961352657006","1.0924369747899159","25","5","15","10","4","1","0","0","0","0","0","0","2","1","8","1.328247753333333"
"62204","Campagne-Lès-Hesdin",2022,1193,207,986,8,14,964,"17.351215423302598",1944,"33.1275720164609","29.166666666666668","1.1358024691358024","105","25","50","30","20","2","1","7","1","1","0","6","0","2","63","2.13114006"
"62205","Campagne-Lès-Wardrecques",2022,1037,194,843,11,4,828,"18.70781099324976",1300,"33.24601883204469","24.777189671834503","1.3417994240822697","75","10","45","15","19","1","2","5","1","1","3","2","2","2","31","1.5730834999999999"
"62206","Campigneulles-Les-Grandes",2022,253,43,210,0,1,209,"16.99604743083004",289,"30.89187042093065","25.28001870343876","1.2219876410427073","10","0","10","0","3","0","0","0","0","0","0","0","2","1","4","1.1939932666666666"
"62207","Campigneulles-Les-Petites",2022,478,74,404,5,3,396,"15.481171548117153",529,"24.196597353497165","36.48393194706994","0.6632124352331606","10","5","5","5","5","0","0","1","0","1","0","1","2","0","13","1.4677051933333334"
"62208","Canettemont",2022,55,7,48,1,0,47,"12.727272727272727",68,"33.33333333333325","25.75757575757581","1.2941176470588176","0","0","0","0","1","0","0","0","0","0","0","1","0","0","0","0.49874124000000003"
"62209","Canlers",2022,151,24,127,1,2,124,"15.894039735099339",163,"28.571428571428587","23.2142857142857","1.2307692307692322","15","5","5","5","4","0","0","0","0","1","0","3","0","0","3","1.00450598"
"62211","Capelle-Fermont",2022,190,37,153,2,2,149,"19.473684210526315",221,"34.52914798206276","24.215246636771308","1.4259259259259247","5","0","0","0","1","0","0","1","0","0","0","0","0","0","4","1.1153982066666666"
"62212","Capelle-Lès-Hesdin",2022,350,54,296,8,1,287,"15.428571428571427",491,"34.04817182982224","24.4775114228391","1.390998097872527","30","5","20","5","4","1","0","2","0","0","0","1","0","0","10","1.2901536799999997"
"62213","Carency",2022,650,129,521,11,2,508,"19.846153846153847",820,"34.338081483386866","24.486748292326208","1.4023128376807765","30","5","15","10","4","0","0","0","0","1","0","1","2","0","20","1.5804569066666665"
"62214","Carly",2022,481,58,423,4,3,416,"12.058212058212058",633,"35.84832266683461","21.652897957401834","1.6555900617718569","25","5","15","10","1","0","0","0","0","0","0","1","0","0","13","1.328247753333333"
"62215","Carvin",2022,12879,4016,8863,85,54,8724,"31.182545228666818",17966,"36.76624137836558","24.17176292270526","1.521040955760407","1360","230","795","335","195","13","21","64","4","6","6","29","23","29","972","3.8635570933333336"
"62216","La Cauchie",2022,169,33,136,2,2,132,"19.526627218934912",210,"33.17535545023696","21.800947867298586","1.5217391304347814","15","5","10","5","0","0","0","0","0","0","0","0","0","0","4","1.1880802333333333"
"62217","Cauchy-À-La-Tour",2022,2041,504,1537,27,17,1493,"24.693777560019598",2645,"34.294569651920526","28.665564644629537","1.1963681886986859","220","45","125","55","16","2","1","8","1","0","1","1","1","1","73","1.80615372"
"62218","Caucourt",2022,263,32,231,3,5,223,"12.167300380228136",332,"33.47849249242588","25.14512281389249","1.3314109754090866","10","5","5","5","1","0","0","1","0","0","0","0","0","0","4","1.1153982066666666"
"62219","Caumont",2022,152,34,118,0,1,117,"22.36842105263158",153,"24.666666666666668","37.333333333333336","0.6607142857142857","5","0","5","5","0","0","0","0","0","0","0","0","0","0","3","1.24569174"
"62220","Cavron-Saint-Martin",2022,372,87,285,3,3,279,"23.387096774193548",432,"27.812794099616966","32.73576469576803","0.8496149198925697","40","10","20","10","5","1","0","2","0","0","0","2","0","0","10","1.5730834999999999"
"62221","Chelers",2022,202,29,173,0,1,172,"14.356435643564355",244,"33.2478846354311","25.398196904983784","1.309064763920584","15","0","10","5","0","0","0","0","0","0","0","0","0","0","3","0.90054692"
"62222","Chériennes",2022,116,12,104,5,2,97,"10.344827586206897",169,"33.908045977011476","33.3333333333333","1.0172413793103454","5","0","0","0","0","0","0","0","0","0","0","0","0","0","3","1.0888995133333335"
"62223","Chérisy",2022,215,30,185,1,2,182,"13.953488372093023",291,"35.25983595271768","22.949444182528353","1.5364135040604319","10","5","5","5","0","0","0","0","0","0","0","0","0","0","4","1.0752951133333333"
"62224","Chocques",2022,2467,725,1742,20,10,1712,"29.387920551276853",2808,"34.59835895301453","26.277204423739093","1.316668181100651","190","30","115","45","28","2","2","10","4","0","1","5","1","3","93","2.2034414799999995"
"62225","Clairmarais",2022,490,106,384,4,1,379,"21.63265306122449",579,"24.764583219311614","32.06033914950544","0.772436720142857","40","5","25","10","5","0","0","1","0","0","0","1","0","3","17","1.759147313333333"
"62227","Clenleu",2022,155,30,125,1,0,124,"19.35483870967742",185,"34.5945945945946","24.864864864864867","1.391304347826087","10","0","5","5","2","0","1","1","0","0","0","0","0","0","3","0.7990981933333333"
"62228","Clerques",2022,247,46,201,4,1,196,"18.62348178137652",314,"34.07643312101911","24.522292993630572","1.3896103896103895","20","5","15","5","3","0","0","0","0","0","0","1","0","2","4","0.9687612"
"62229","Cléty",2022,607,110,497,4,3,490,"18.12191103789127",809,"38.279555228902964","21.192835918322828","1.806249780653818","50","10","30","10","6","1","0","3","0","0","0","1","0","1","21","1.6745322266666667"
"62230","Colembert",2022,667,100,567,11,4,552,"14.992503748125937",907,"37.26571113561191","18.853362734288865","1.976608187134503","45","10","20","20","8","0","2","1","0","0","1","4","0","0","21","1.5924237666666665"
"62231","Colline-Beaumont",2022,121,34,87,1,1,85,"28.09917355371901",129,"34.375","30.46875","1.1282051282051282","5","0","5","0","1","1","0","0","0","0","0","0","0","0","1","0.6852439266666667"
"62232","La Comté",2022,694,126,568,6,5,557,"18.155619596541786",884,"31.56376699131033","24.61009839103194","1.2825534660524702","55","5","30","20","13","1","2","7","1","0","0","2","0","0","23","1.7511745733333333"
"62233","Conchil-Le-Temple",2022,892,175,717,14,4,699,"19.61883408071749",1087,"31.738730450781972","26.862925482980682","1.1815068493150684","85","20","45","25","5","0","1","1","0","0","1","0","2","0","26","1.5940670533333332"
"62234","Conchy-Sur-Canche",2022,174,39,135,2,0,133,"22.413793103448278",222,"31.53153153153153","29.27927927927928","1.0769230769230769","10","0","5","0","1","0","0","0","0","1","0","0","0","0","5","1.33662394"
"62235","Condette",2022,2271,487,1784,25,6,1753,"21.44429766622633",2456,"24.023947498910463","41.585392830930644","0.5777015885501454","120","15","65","40","33","2","0","7","0","7","1","6","6","4","73","1.9700861066666666"
"62236","Contes",2022,274,43,231,2,1,228,"15.693430656934307",349,"30.050452467991263","31.95398511696963","0.9404289436196969","25","5","15","5","1","1","0","0","0","0","0","0","0","0","8","1.3254314933333333"
"62237","Conteville-Lès-Boulogne",2022,388,52,336,10,3,323,"13.402061855670103",531,"30.060520346999585","25.50786369548502","1.1784805151017173","25","5","10","10","6","0","0","1","0","0","1","3","1","0","9","1.0830985533333333"
"62238","Conteville-En-Ternois",2022,77,16,61,1,1,59,"20.77922077922078",81,"32.941176470588275","35.294117647058805","0.9333333333333349","5","0","5","0","0","0","0","0","0","0","0","0","0","0","0","0.9370001933333333"
"62239","Coquelles",2022,2078,523,1555,21,13,1521,"25.16843118383061",2625,"26.47482400558922","39.73871753683393","0.6662224059206145","145","15","90","40","47","2","1","26","2","0","2","6","5","3","201","5.083600953333333"
"62240","Corbehem",2022,1484,364,1120,21,7,1092,"24.528301886792452",2268,"36.20595630082389","24.471829220972317","1.479495299427615","155","35","85","35","17","0","0","6","0","0","3","2","2","4","73","2.1953474133333333"
"62241","Cormont",2022,243,54,189,3,0,186,"22.22222222222222",309,"33.7436700140477","27.329148673485985","1.2347135440331118","15","5","5","5","2","1","0","0","0","0","0","0","1","0","5","1.33769448"
"62242","Couin",2022,90,15,75,0,0,75,"16.666666666666664",79,"28.409090909090885","20.45454545454546","1.3888888888888873","5","0","0","5","0","0","0","0","0","0","0","0","0","0","0","0"
"62243","Coullemont",2022,96,16,80,1,0,79,"16.666666666666664",116,"34.234234234234016","29.729729729729616","1.1515151515151487","5","0","5","0","2","0","0","0","0","1","0","1","0","0","0","0.36845019333333334"
"62244","Coulogne",2022,4518,1149,3369,41,33,3295,"25.431606905710492",5403,"30.45870957483942","31.095826343658057","0.979511180639566","445","70","240","140","33","4","2","12","3","0","2","3","5","2","130","1.6795700133333333"
"62245","Coulomby",2022,565,135,430,4,1,425,"23.893805309734514",771,"40.20752269779507","17.380025940337223","2.3134328358208953","35","0","20","10","7","1","0","2","0","0","0","2","0","2","17","1.4146462533333333"
"62246","Coupelle-Neuve",2022,136,27,109,0,0,109,"19.852941176470587",146,"37.24137931034493","24.137931034482865","1.5428571428571403","10","0","10","5","1","0","0","0","0","0","0","0","0","1","3","1.37056688"
"62247","Coupelle-Vieille",2022,409,65,344,6,1,337,"15.892420537897312",567,"36.5112272480522","28.407247002875796","1.2852786207813802","35","10","15","10","3","0","0","2","0","0","0","0","0","1","13","1.3973968266666665"
"62248","Courcelles-Le-Comte",2022,353,63,290,3,1,286,"17.847025495750707",479,"37.72732256837948","21.046878241557042","1.792537693019334","35","5","15","10","6","0","1","1","0","0","0","1","1","2","9","1.2959481"
"62249","Courcelles-Lès-Lens",2022,4858,1290,3568,51,17,3500,"26.55413750514615",8015,"42.66401825683613","18.234549378208897","2.3397352669335247","755","130","450","175","75","3","7","26","0","0","1","18","12","8","315","2.807331226666667"
"62250","Courrières",2022,7820,2235,5585,58,57,5470,"28.58056265984655",10160,"35.69999870703071","26.87049745180851","1.3285946332425613","820","155","450","210","107","11","8","39","3","3","1","16","14","12","487","3.6891798533333335"
"62251","Courset",2022,390,45,345,5,1,339,"11.538461538461538",509,"33.271331840703105","28.21766888164361","1.179095692853177","25","0","20","5","8","1","1","0","0","0","2","1","1","2","12","1.43642938"
"62252","La Couture",2022,2167,515,1652,29,8,1615,"23.76557452699585",2608,"31.889196623045247","26.406458933372374","1.2076286602269044","115","15","70","30","21","1","2","5","0","0","0","4","4","5","73","1.8740449666666665"
"62253","Couturelle",2022,64,5,59,1,0,58,"7.8125",76,"25.675675675675645","39.18918918918916","0.6551724137931031","5","0","5","0","1","0","1","0","0","0","0","0","0","0","0","0.2670014666666667"
"62254","Coyecques",2022,498,109,389,4,3,382,"21.88755020080321",598,"31.821170360064034","30.796232959055214","1.0332812588595337","35","5","20","10","7","0","1","2","0","2","0","1","0","1","16","1.6808350933333331"
"62255","Crémarest",2022,594,97,497,4,2,491,"16.329966329966332",802,"37.2817315131899","21.788438931448436","1.7110785967956221","40","10","20","10","7","0","1","3","0","0","2","1","0","0","19","1.4727053133333332"
"62256","Crépy",2022,118,18,100,3,1,96,"15.254237288135593",158,"29.41176470588228","38.562091503267936","0.7627118644067785","10","0","5","0","1","1","0","0","0","0","0","0","0","0","3","1.1059547066666666"
"62257","Créquy",2022,335,60,275,10,5,260,"17.91044776119403",463,"31.838257949063642","27.358043277610815","1.163762248125374","30","0","15","10","7","1","2","1","1","1","0","0","0","1","10","1.2907264266666665"
"62258","Croisette",2022,220,29,191,3,2,186,"13.18181818181818",300,"33.38627326180503","32.23436749564531","1.0357353301973535","15","5","10","5","1","0","1","0","0","0","0","0","0","0","4","1.1471617"
"62259","Croisilles",2022,1242,273,969,20,8,941,"21.980676328502415",1929,"38.617085986981905","23.760706945677043","1.6252498747310122","105","10","70","25","15","1","2","4","0","1","0","3","1","3","61","2.0853164599999996"
"62260","Croix-En-Ternois",2022,219,42,177,0,0,177,"19.17808219178082",332,"41.61275503734226","18.1383348433782","2.2941882701285508","25","5","15","5","1","0","0","0","0","0","0","0","1","0","6","1.5741540399999998"
"62261","Cucq",2022,4414,1008,3406,33,24,3349,"22.836429542365202",5165,"23.13649564375605","43.11713455953534","0.5365963179164795","320","40","170","110","84","3","1","22","1","6","5","24","9","13","176","2.24147916"
"62262","Cuinchy",2022,1340,294,1046,17,9,1020,"21.940298507462686",1784,"33.04682678607943","27.140613473654536","1.2176153209712106","100","20","50","30","18","1","0","4","1","1","0","5","2","4","52","2.1779767266666665"
"62263","Dainville",2022,4581,889,3692,59,30,3603,"19.40624317834534",5718,"27.87688002798181","37.75795732773697","0.7383047707271885","295","50","170","75","46","3","7","9","2","0","2","9","6","8","182","2.2879250599999996"
"62264","Dannes",2022,1068,236,832,16,6,810,"22.09737827715356",1317,"34.322100639268264","26.80295334227906","1.2805342829563664","105","25","55","25","11","1","1","6","1","0","0","1","0","1","33","1.7001753599999998"
"62265","Delettes",2022,842,129,713,10,0,703,"15.320665083135394",1146,"37.625612952051654","21.981508786731908","1.7116938294409785","75","15","45","20","10","0","2","3","1","0","0","1","0","3","28","1.5747267866666665"
"62266","Denier",2022,58,6,52,1,0,51,"10.344827586206897",93,"46.6666666666666","18.88888888888893","2.470588235294109","5","0","0","0","1","0","0","0","0","0","0","1","0","0","0","0.7790965733333334"
"62267","Dennebroeucq",2022,291,68,223,3,1,219,"23.367697594501717",394,"38.95885717684721","23.92073606300848","1.6286646478698452","30","5","25","5","3","1","0","0","0","1","0","0","0","1","9","1.4380726666666666"
"62268","Desvres",2022,3439,1068,2371,27,27,2317,"31.055539400988657",4827,"36.38306065377048","28.593948332912827","1.2724042244943157","425","75","235","115","42","3","7","9","3","2","3","8","4","3","233","3.2177940066666664"
"62269","Diéval",2022,578,128,450,4,0,446,"22.145328719723185",715,"33.829593666559674","26.188758883177893","1.2917600951410415","45","5","25","10","6","2","0","1","0","0","0","3","0","0","17","1.5975804533333333"
"62270","Divion",2022,5136,1685,3451,42,18,3391,"32.807632398753896",6830,"39.424190716146356","24.505409688141","1.608795413660236","695","140","415","140","45","8","0","18","0","1","2","6","3","7","311","3.3969932666666662"
"62271","Dohem",2022,596,107,489,9,4,476,"17.953020134228186",830,"40.92681872153282","22.569625176487317","1.8133583699994158","45","10","25","10","7","1","0","1","0","0","0","1","3","1","17","1.3540737999999999"
"62272","Douchy-Lès-Ayette",2022,211,46,165,4,0,161,"21.80094786729858",295,"30.022690948001358","29.92368886882281","1.0033084851140026","15","0","5","5","1","0","0","0","0","0","0","1","0","0","4","0.9370001933333333"
"62273","Doudeauville",2022,471,95,376,7,7,362,"20.169851380042463",605,"35.663855924456456","23.01118615869165","1.5498486552804542","30","5","15","5","3","0","1","1","0","0","0","0","0","1","13","1.4380726666666666"
"62274","Dourges",2022,4390,1126,3264,43,14,3207,"25.649202733485193",6068,"39.46329411543589","21.525180073556673","1.8333548885807416","505","90","300","115","62","7","3","21","1","0","1","13","7","9","273","3.207489613333333"
"62275","Douriez",2022,223,43,180,7,1,172,"19.282511210762333",291,"30.379732144394506","25.035793740611773","1.2134519264357921","25","5","10","10","4","1","0","1","0","0","1","1","0","0","4","1.0981512666666666"
"62276","Douvrin",2022,4442,1201,3241,54,21,3166,"27.03737055380459",5799,"37.80580260260274","21.800144956763024","1.7341995971854447","475","60","305","105","64","4","4","15","5","3","3","15","3","12","207","2.4947062066666663"
"62277","Drocourt",2022,2082,567,1515,19,10,1486,"27.23342939481268",2952,"36.483739837398375","26.422764227642276","1.3807692307692307","210","45","105","60","19","2","1","8","0","0","1","3","2","2","102","2.6145577933333333"
"62278","Drouvin-Le-Marais",2022,498,97,401,11,0,390,"19.477911646586346",610,"34.74777394069248","19.08035596745379","1.821128180206035","30","5","15","10","7","1","0","2","0","0","0","3","1","0","13","1.4475186533333333"
"62279","Duisans",2022,1147,203,944,13,6,925,"17.698343504795115",1393,"30.868628858578607","29.576453697056714","1.0436893203883495","60","10","30","20","23","0","0","7","2","0","2","4","6","2","38","1.86935756"
"62280","Dury",2022,290,55,235,4,1,230,"18.96551724137931",306,"29.650902497560917","28.173586340130996","1.0524362124010318","20","5","15","5","2","0","0","1","0","0","0","0","0","1","5","1.43642938"
"62281","Echinghen",2022,278,47,231,0,1,230,"16.906474820143885",377,"25.72944297082228","33.95225464190981","0.7578125","15","0","5","5","6","0","0","2","0","1","0","2","1","0","7","1.3212013999999999"
"62282","Eclimeux",2022,135,28,107,1,1,105,"20.74074074074074",180,"30.113636363636274","32.95454545454536","0.9137931034482757","10","0","5","5","3","0","1","1","0","0","0","1","0","0","3","1.0368056333333333"
"62283","Ecoivres",2022,87,16,71,2,0,69,"18.39080459770115",126,"34.67741935483885","25.806451612903313","1.3437500000000004","5","0","0","0","0","0","0","0","0","0","0","0","0","0","2","0.7540099133333332"
"62284","Ecourt-Saint-Quentin",2022,1327,271,1056,10,7,1039,"20.422004521477017",1692,"31.276360791020803","29.711736367982468","1.0526601476150814","130","15","85","30","14","3","0","4","0","0","1","3","1","2","45","1.7087243666666665"
"62285","Ecoust-Saint-Mein",2022,374,61,313,5,4,304,"16.31016042780749",484,"37.1900826446281","21.074380165289256","1.7647058823529411","25","5","15","5","7","0","0","2","0","1","2","0","1","1","12","1.5213850266666666"
"62286","Ecquedecques",2022,384,86,298,4,0,294,"22.395833333333336",510,"34.75616592510693","28.13736500441734","1.2352317254885268","30","5","10","10","10","1","1","3","0","0","0","3","1","1","9","1.1007305466666666"
"62288","Ecques",2022,1701,347,1354,30,13,1311,"20.39976484420929",2176,"33.4184991142898","24.707828248192687","1.3525470056938038","110","15","65","35","25","3","0","4","0","2","1","6","5","4","52","1.5974414733333333"
"62289","Ecuires",2022,574,139,435,2,6,427,"24.21602787456446",686,"31.945764529373545","33.16095815669428","0.9633546889212722","30","5","15","10","4","0","0","1","1","0","0","0","0","2","16","1.56666436"
"62290","Ecurie",2022,292,32,260,2,1,257,"10.95890410958904",374,"31.534119923407488","27.757623927909624","1.1360525672264292","10","0","10","0","3","1","0","0","0","0","0","0","2","0","6","1.1640137666666666"
"62291","Eleu-Dit-Leauwette",2022,2073,593,1480,20,11,1449,"28.605885190545106",2815,"34.05753922218714","26.78562870431162","1.2714855267408742","215","30","130","55","20","2","2","5","1","1","0","2","4","3","100","2.3656146"
"62292","Elnes",2022,659,124,535,4,6,525,"18.81638846737481",847,"34.3649230157342","24.06016111733709","1.4282914751959737","60","10","35","15","5","1","2","1","0","0","0","1","0","0","15","1.1798317133333331"
"62293","Embry",2022,195,26,169,1,0,168,"13.333333333333334",235,"30.178258712719362","33.46297616545096","0.901840247666825","10","0","10","0","4","0","0","3","0","0","0","0","0","1","5","1.4057722733333333"
"62295","Enquin-Lez-Guinegatte",2022,1137,251,886,22,8,856,"22.075637642919965",1600,"38.125","21.625","1.7630057803468209","105","20","60","25","18","1","2","4","1","0","2","3","0","5","38","1.63465368"
"62296","Enquin-Sur-Baillons",2022,173,22,151,1,1,149,"12.716763005780345",243,"31.275720164609055","32.098765432098766","0.9743589743589743","20","0","10","10","2","1","0","0","0","0","0","1","0","0","4","1.1019221266666668"
"62297","Eperlecques",2022,2745,636,2109,31,14,2064,"23.169398907103826",3740,"37.02102402214944","24.21218378298805","1.5290245751463827","240","35","150","50","43","4","3","12","2","0","2","8","3","9","93","1.6381520866666668"
"62298","Epinoy",2022,387,99,288,4,0,284,"25.581395348837212",509,"38.73603312393247","20.75799860623735","1.8660774508527567","35","5","20","10","4","0","1","3","0","0","0","0","0","0","13","1.5715829266666668"
"62299","Eps",2022,194,29,165,1,0,164,"14.948453608247423",242,"32.64462809917356","26.033057851239672","1.253968253968254","10","5","5","0","0","0","0","0","0","0","0","0","0","0","3","0.9175458133333332"
"62300","Equihen-Plage",2022,2131,544,1587,17,15,1555,"25.527921163772877",2596,"34.230045518380436","27.82419092850577","1.2302260865853925","200","35","105","55","23","3","0","7","2","0","3","2","5","1","77","1.968660613333333"
"62301","Equirre",2022,62,13,49,0,1,48,"20.967741935483872",77,"31.818181818181763","46.969696969697026","0.6774193548387077","5","0","5","0","0","0","0","0","0","0","0","0","0","0","0","0.5168515266666667"
"62302","Ergny",2022,180,42,138,0,3,135,"23.333333333333332",232,"35.21739130434786","23.47826086956523","1.5000000000000007","15","5","10","5","1","0","0","0","0","0","0","0","1","0","4","0.9687612"
"62303","Erin",2022,164,29,135,0,5,130,"17.682926829268293",220,"40.45454545454545","21.818181818181817","1.8541666666666667","15","5","5","5","4","0","1","1","0","2","0","0","0","0","4","1.1626950133333334"
"62304","Erny-Saint-Julien",2022,261,61,200,3,3,194,"23.371647509578544",337,"37.06248741846306","28.186458427733346","1.3149040172424205","10","0","5","5","3","0","0","2","0","0","0","0","1","0","8","1.37056688"
"62306","Ervillers",2022,282,58,224,1,3,220,"20.56737588652482",389,"31.961769414985707","28.653951682240898","1.115440193709649","25","5","10","5","2","0","0","1","1","0","0","0","0","0","7","1.3728998733333333"
"62307","Escalles",2022,189,33,156,5,0,151,"17.46031746031746",218,"25.88772943854078","34.75175964953222","0.7449329098617096","10","0","5","5","4","2","0","1","0","0","0","1","0","0","4","1.3456423666666666"
"62308","Escoeuilles",2022,381,93,288,2,9,277,"24.409448818897637",475,"37.32945052947008","20.51110025842204","1.8199633398087591","30","5","20","10","8","0","1","3","0","0","0","3","0","1","11","1.4977750133333332"
"62309","Esquerdes",2022,1200,220,980,6,12,962,"18.333333333333332",1607,"35.05141855113653","25.993158272275192","1.3484863279781993","105","20","55","30","11","0","0","1","1","0","1","3","2","3","32","1.3529442600000001"
"62310","Essars",2022,1430,337,1093,14,6,1073,"23.566433566433567",1765,"32.357734478203795","27.44598621772604","1.1789605307498658","95","10","55","25","14","1","3","2","1","0","1","3","0","3","46","1.6908553466666665"
"62311","Estevelles",2022,1569,419,1150,21,5,1124,"26.704907584448694",2002,"36.68926807988316","21.60216770938856","1.6984067790538249","115","20","65","30","12","3","1","3","0","1","0","3","0","1","49","1.86558646"
"62312","Estrée",2022,207,40,167,2,2,163,"19.32367149758454",296,"33.42094489611534","26.385547708516675","1.2666382849171551","20","5","10","5","2","0","0","1","0","0","0","0","1","0","5","1.46685892"
"62313","Estrée-Blanche",2022,625,151,474,8,4,462,"24.16",906,"39.22200507262848","22.914819960188073","1.7116436062239329","65","15","30","20","9","3","1","2","0","0","0","0","0","3","21","1.64497658"
"62314","Estrée-Cauchy",2022,265,54,211,8,2,201,"20.37735849056604",353,"35.52719181938657","21.953228496522982","1.6183128520260002","15","0","5","10","0","0","0","0","0","0","0","0","0","0","6","1.18347674"
"62315","Estréelles",2022,274,51,223,4,2,217,"18.613138686131386",343,"33.25308733590373","24.253206562574693","1.3710800363699875","15","0","10","5","2","0","0","1","0","0","0","1","0","0","7","1.2907264266666665"
"62316","Estrée-Wamin",2022,165,35,130,0,3,127,"21.21212121212121",218,"37.01923076923085","26.923076923076984","1.375","10","5","5","5","1","0","0","1","0","0","0","0","0","0","3","0.9751217866666667"
"62317","Etaing",2022,330,88,242,10,1,231,"26.666666666666668",465,"37.24317542043729","21.804487120679276","1.7080509719999803","35","5","20","10","7","0","2","1","0","1","1","0","1","1","11","1.4068428133333333"
"62318","Etaples",2022,8017,2444,5573,61,26,5486,"30.48521890981664",10693,"35.22179426501823","27.93762044352176","1.2607299299602859","855","160","485","210","88","6","5","29","2","4","7","15","10","10","473","3.0967627400000004"
"62319","Eterpigny",2022,207,23,184,3,1,180,"11.11111111111111",254,"33.73015873015865","24.999999999999947","1.3492063492063489","5","5","5","0","3","2","0","0","0","0","0","0","0","1","4","1.09254454"
"62320","Etrun",2022,245,35,210,1,2,207,"14.285714285714285",326,"33.12883435582822","27.914110429447852","1.1868131868131868","25","5","10","5","3","0","2","0","0","0","0","0","1","0","5","1.4068428133333333"
"62321","Evin-Malmaison",2022,3421,1042,2379,19,13,2347,"30.45893013738673",4657,"37.96627011988058","23.67079191046173","1.6039290220409024","425","70","255","95","39","8","6","11","2","1","1","2","2","6","171","2.64404174"
"62322","Famechon",2022,99,20,79,0,2,77,"20.2020202020202",111,"31.53153153153153","30.630630630630627","1.0294117647058822","10","0","5","0","0","0","0","0","0","0","0","0","0","0","0","0.7193942266666667"
"62323","Fampoux",2022,924,168,756,11,6,739,"18.181818181818183",1243,"36.70526375887369","21.545232891877927","1.7036373634517898","50","5","25","15","20","2","1","4","0","0","1","6","4","2","27","1.4743485999999997"
"62324","Farbus",2022,524,103,421,4,5,412,"19.65648854961832",631,"30.269413629160063","29.952456418383516","1.0105820105820107","25","5","15","10","6","0","1","2","1","0","0","0","2","0","18","1.74053744"
"62325","Fauquembergues",2022,682,122,560,8,3,549,"17.888563049853374",942,"39.62175710123609","26.15300726581596","1.51499812998656","95","20","60","15","17","3","0","6","0","1","1","2","0","4","22","1.6745322266666667"
"62326","Favreuil",2022,200,55,145,1,2,142,"27.500000000000004",237,"28.18181818181811","29.99999999999995","0.9393939393939384","20","0","15","5","3","0","0","1","0","0","1","0","0","1","3","1.1047068266666666"
"62327","Febvin-Palfart",2022,438,99,339,4,1,334,"22.602739726027394",612,"39.55404955114626","19.531921899739604","2.0250976710936768","45","5","25","15","5","2","0","0","1","0","0","1","0","1","14","1.5144516933333334"
"62328","Ferfay",2022,637,119,518,10,0,508,"18.681318681318682",868,"37.44239631336406","24.76958525345622","1.5116279069767442","65","10","40","10","8","0","1","3","1","0","0","1","1","1","17","1.38108588"
"62329","Ferques",2022,1439,373,1066,16,4,1046,"25.920778318276582",1788,"36.13290633289134","21.990109516498638","1.643143537133442","140","25","75","45","9","2","0","3","0","0","0","1","1","2","46","1.6745322266666667"
"62330","Festubert",2022,1052,222,830,18,6,806,"21.102661596958175",1253,"32.17301125483759","24.92942046082177","1.2905639465385728","70","10","45","15","14","0","1","6","1","1","1","3","1","0","31","1.6938724933333333"
"62331","Feuchy",2022,808,162,646,8,7,631,"20.049504950495052",1003,"30.950108243046664","29.89149949503645","1.035415043269609","60","10","40","10","9","1","1","3","0","0","0","2","1","1","25","1.6917832933333332"
"62332","Ficheux",2022,404,47,357,7,2,348,"11.633663366336634",497,"26.788830332411116","35.7801516096186","0.7487064511266522","20","5","10","5","1","0","0","0","0","0","0","0","0","1","9","1.1411601"
"62333","Fiefs",2022,279,61,218,4,2,212,"21.863799283154123",372,"37.15740660304817","23.71510548824591","1.5668244284835573","25","5","15","5","5","2","1","1","0","0","0","0","1","0","8","1.27087664"
"62334","Fiennes",2022,702,141,561,5,5,551,"20.085470085470085",849,"31.62493017835618","26.201224372572838","1.2070019984051135","60","15","25","20","5","1","0","1","0","0","0","1","1","1","13","1.0520508333333334"
"62335","Fillièvres",2022,343,67,276,1,2,273,"19.533527696793",512,"29.526493152941214","39.11222463706525","0.7549172522638872","35","5","15","15","4","0","0","1","0","0","0","2","0","1","11","1.4302692266666666"
"62336","Fléchin",2022,399,74,325,5,0,320,"18.546365914786968",473,"35.17107329632199","27.747391957566315","1.2675451930800776","35","5","15","10","6","1","0","0","0","0","0","2","0","3","12","1.5747267866666665"
"62337","Flers",2022,172,25,147,2,0,145,"14.534883720930234",217,"34.684684684684655","25.67567567567567","1.3508771929824557","10","0","10","0","0","0","0","0","0","0","0","0","0","0","3","1.2046896066666666"
"62338","Fleurbaix",2022,2396,459,1937,21,3,1913,"19.156928213689483",2944,"32.065217391304344","30.298913043478258","1.0582959641255605","95","10","55","30","48","3","4","7","1","2","3","14","8","6","82","2.4901987133333336"
"62339","Fleury",2022,84,16,68,2,1,65,"19.047619047619047",106,"37.83783783783783","20.72072072072071","1.8260869565217397","5","5","5","0","2","0","0","0","0","0","0","0","1","1","0","0.7990981933333333"
"62340","Floringhem",2022,645,132,513,7,2,504,"20.46511627906977",883,"37.01137193336181","22.899259926158507","1.6162693489968474","55","10","30","10","10","1","1","3","0","1","0","3","0","1","22","1.6635856666666666"
"62341","Foncquevillers",2022,321,53,268,2,7,259,"16.510903426791277",393,"32.9767841432441","27.95990685184231","1.1794311160615052","25","5","15","5","4","2","0","0","0","0","0","1","0","1","9","1.321383533333333"
"62342","Fontaine-Lès-Boulans",2022,88,23,65,1,0,64,"26.136363636363637",103,"32.608695652173786","29.34782608695641","1.1111111111111112","10","0","5","0","2","2","0","0","0","0","0","0","0","0","0","0.79881784"
"62343","Fontaine-Lès-Croisilles",2022,237,39,198,1,3,194,"16.455696202531644",259,"31.25742186716205","26.651574521047365","1.1728170822507067","15","5","10","5","1","0","0","1","0","0","0","0","0","0","3","0.99551214"
"62344","Fontaine-Lès-Hermans",2022,79,18,61,0,0,61,"22.78481012658228",107,"38.09523809523813","20.95238095238095","1.8181818181818201","5","0","5","0","1","0","0","1","0","0","0","0","0","0","0","0.83663482"
"62345","Fontaine-L'Etalon",2022,76,6,70,1,1,68,"7.894736842105263",94,"16.494845360824755","46.391752577319636","0.35555555555555546","10","5","0","0","0","0","0","0","0","0","0","0","0","0","0","1.1159709533333335"
"62346","Fortel-En-Artois",2022,170,26,144,1,0,143,"15.294117647058824",215,"38.42592592592591","22.222222222222214","1.7291666666666663","15","0","10","5","1","0","1","0","0","0","0","0","0","0","3","1.2796371533333333"
"62347","Fosseux",2022,112,12,100,2,0,98,"10.714285714285714",126,"30.232558139534856","29.457364341085324","1.0263157894736814","10","0","5","0","4","2","0","1","0","1","0","0","0","0","1","0.5205268533333334"
"62348","Foufflin-Ricametz",2022,121,22,99,2,0,97,"18.181818181818183",147,"33.33333333333333","28.57142857142857","1.1666666666666667","10","0","5","0","1","0","0","0","0","0","1","0","0","0","2","0.5320967266666666"
"62349","Fouquereuil",2022,1211,251,960,19,8,933,"20.726672171758878",1630,"38.33445121090735","21.527887010520203","1.7806880532294767","85","20","50","15","13","1","1","2","0","0","0","4","4","1","40","1.6535942999999997"
"62350","Fouquières-Lès-Béthune",2022,833,148,685,12,7,666,"17.767106842737096",1111,"30.27344578070225","33.231665908559314","0.9109818889008772","55","10","30","20","5","0","1","1","0","0","0","1","2","0","45","2.7118632133333334"
"62351","Fouquières-Lès-Lens",2022,4331,1170,3161,34,18,3109,"27.014546294158393",6134,"38.44147375285295","26.051516139550053","1.4755944931163956","540","95","340","105","45","3","8","20","1","0","2","5","1","5","205","2.7036576066666664"
"62352","Framecourt",2022,83,11,72,1,2,69,"13.253012048192772",115,"37.391304347826086","27.82608695652174","1.34375","5","0","5","0","3","0","2","0","0","0","0","1","0","0","0","0.5486125333333334"
"62353","Frémicourt",2022,200,52,148,2,2,144,"26",239,"29.707112970711297","31.380753138075313","0.9466666666666667","15","0","5","5","1","1","0","0","0","0","0","0","0","0","5","1.3973968266666665"
"62354","Frencq",2022,661,155,506,9,0,497,"23.44931921331316",899,"37.9427784701431","22.035783041270932","1.7218711220327352","60","10","40","15","3","0","0","3","0","0","0","0","0","0","21","1.5916933733333332"
"62355","Fresnes-Lès-Montauban",2022,419,62,357,3,3,351,"14.797136038186157",604,"40.31177683254972","20.92924323830738","1.9260981571835307","35","10","15","10","4","0","0","1","0","1","1","1","0","0","49","5.356823526666665"
"62356","Fresnicourt-Le-Dolmen",2022,699,144,555,10,5,540,"20.600858369098713",808,"28.868033874514353","25.9289402187237","1.1133518620891527","30","5","15","10","6","0","1","4","0","0","0","0","1","0","20","1.60388332"
"62357","Fresnoy",2022,45,10,35,0,1,34,"22.22222222222222",65,"25.806451612903214","35.48387096774197","0.7272727272727263","0","0","0","0","0","0","0","0","0","0","0","0","0","0","0","0.7974573933333333"
"62358","Fresnoy-En-Gohelle",2022,193,42,151,2,0,149,"21.761658031088082",234,"33.61702127659577","28.08510638297872","1.1969696969696981","10","0","5","0","1","0","0","0","0","0","0","0","0","1","5","1.228442313333333"
"62359","Fressin",2022,458,75,383,10,2,371,"16.375545851528383",580,"31.944990220810354","28.711461837529377","1.1126215168554865","30","5","15","10","8","1","0","2","1","0","1","1","1","1","13","1.4135757133333333"
"62360","Fréthun",2022,1033,224,809,15,6,788,"21.684414327202322",1393,"37.582004898778756","20.246699433436817","1.8562040209236867","90","15","50","25","6","2","0","1","0","1","0","2","0","0","42","2.0568737333333336"
"62361","Frévent",2022,2348,695,1653,17,14,1622,"29.59965928449744",3288,"32.3835484246208","34.22193684618489","0.9462804098486018","295","55","170","75","17","4","1","4","0","0","3","3","2","0","167","3.3824900466666667"
"62362","Frévillers",2022,199,41,158,1,1,156,"20.603015075376884",239,"35.98326359832636","21.338912133891213","1.6862745098039216","15","5","5","5","1","0","0","1","0","0","0","0","0","0","5","1.2691181533333333"
"62363","Frévin-Capelle",2022,325,49,276,12,3,261,"15.076923076923077",393,"28.67123980187089","35.55612984300821","0.8063655951438942","10","0","5","0","4","1","0","1","0","0","0","0","2","0","7","1.3131975266666664"
"62364","Fruges",2022,1489,354,1135,11,10,1114,"23.774345198119544",2349,"32.4798521381908","32.382437846819315","1.0030082445253903","195","35","115","45","19","2","0","4","0","3","1","4","1","4","118","3.3182942866666676"
"62365","Galametz",2022,139,25,114,4,1,109,"17.985611510791365",203,"35.37735849056606","33.01886792452834","1.0714285714285712","15","0","5","5","0","0","0","0","0","0","0","0","0","0","3","0.9370001933333333"
"62366","Gauchin-Légal",2022,270,60,210,2,1,207,"22.22222222222222",300,"27.382606827949434","28.60027930111608","0.9574244551828861","20","0","15","5","4","1","0","0","1","0","0","1","1","0","5","1.59607988"
"62367","Gauchin-Verloingt",2022,530,95,435,7,3,425,"17.92452830188679",781,"25.60819462227913","43.40588988476313","0.5899705014749262","35","10","20","10","9","2","1","0","0","0","0","0","4","2","21","1.6635856666666666"
"62368","Gaudiempré",2022,134,25,109,1,1,107,"18.65671641791045",213,"39.06976744186047","24.186046511627936","1.6153846153846139","10","0","10","0","0","0","0","0","0","0","0","0","0","0","3","0.90054692"
"62369","Gavrelle",2022,572,119,453,5,2,446,"20.804195804195803",785,"39.60595345380504","15.572035589717403","2.543402448935952","35","10","20","10","8","1","1","2","0","0","0","0","2","2","475","40.20046325333333"
"62370","Gennes-Ivergny",2022,97,22,75,0,0,75,"22.68041237113402",123,"29.032258064516174","32.25806451612901","0.900000000000002","5","0","5","0","0","0","0","0","0","0","0","0","0","0","1","0.84355534"
"62371","Givenchy-En-Gohelle",2022,1728,351,1377,18,10,1349,"20.3125",2049,"31.814439119986382","28.373173923113214","1.1212858739807696","120","20","60","35","25","1","1","4","0","2","2","6","4","5","57","1.8499551133333332"
"62372","Givenchy-Le-Noble",2022,129,25,104,7,1,96,"19.379844961240313",152,"37.974683544303815","29.11392405063293","1.304347826086956","5","0","0","0","1","0","0","0","0","0","0","0","0","1","3","1.2526250733333333"
"62373","Givenchy-Lès-La-Bassée",2022,835,180,655,11,4,640,"21.55688622754491",989,"33.56926188068756","26.188068756319517","1.281853281853282","60","15","30","15","8","0","1","2","0","2","0","1","1","1","22","1.61692072"
"62374","Gomiécourt",2022,118,22,96,2,0,94,"18.64406779661017",152,"32.89473684210527","24.342105263157894","1.3513513513513513","15","0","10","5","1","0","0","0","0","0","0","0","0","1","3","1.0119477399999999"
"62375","Gommecourt",2022,83,22,61,0,2,59,"26.506024096385545",87,"28.089887640449422","39.32584269662917","0.7142857142857149","5","0","0","0","2","1","0","0","1","0","0","0","0","0","0","1.1645865133333333"
"62376","Gonnehem",2022,1946,424,1522,27,4,1491,"21.788283658787254",2532,"31.253713438450003","26.463945245829954","1.180992219721086","115","20","60","35","19","2","2","2","0","1","3","2","2","5","66","1.7050359199999998"
"62377","Gosnay",2022,696,135,561,10,4,547,"19.396551724137932",946,"31.274186135946263","28.784191485659637","1.0865056311040435","65","10","45","15","4","0","0","3","0","0","0","1","0","0","21","1.61692072"
"62378","Gouves",2022,167,23,144,4,1,139,"13.77245508982036",197,"34.35897435897437","31.794871794871778","1.0806451612903236","5","0","5","0","1","0","0","0","0","0","0","1","0","0","4","1.1428009000000001"
"62379","Gouy-En-Artois",2022,279,54,225,3,2,220,"19.35483870967742",326,"33.65433154956483","30.403057604635382","1.1069390449871643","15","0","10","5","3","0","1","1","0","1","0","0","0","0","4","1.2293807933333332"
"62380","Gouy-Servins",2022,277,48,229,0,2,227,"17.328519855595665",357,"35.01484137754894","22.876902919443946","1.5305761230375508","15","0","10","5","2","0","0","1","0","0","0","1","0","0","6","1.24569174"
"62381","Gouy-En-Ternois",2022,112,24,88,1,1,86,"21.428571428571427",128,"36.36363636363633","21.212121212121225","1.7142857142857115","10","0","10","0","2","1","0","0","0","0","0","1","0","0","1","0.7485912999999998"
"62382","Gouy-Saint-André",2022,525,92,433,11,4,418,"17.523809523809526",661,"35.79709339967512","24.799004422638355","1.4434891332571764","40","5","25","10","1","0","0","0","0","0","1","0","0","0","15","1.4176755733333333"
"62383","Gouy-Sous-Bellonne",2022,1035,202,833,3,3,827,"19.516908212560384",1394,"30.582902220934148","29.709696548093774","1.0293912686528737","65","15","35","20","11","1","1","4","0","1","1","3","0","0","35","1.6745322266666667"
"62384","Graincourt-Lès-Havrincourt",2022,460,112,348,7,0,341,"24.347826086956523",644,"34.35033040561764","27.439369647797463","1.251862956275124","35","5","20","10","11","4","3","1","1","0","0","1","0","1","14","1.3576594666666666"
"62385","Grand-Rullecourt",2022,301,51,250,0,0,250,"16.943521594684384",380,"33.996093718905975","25.46074985823171","1.3352353684867886","20","5","10","5","3","2","0","0","0","0","0","0","0","1","10","1.6745322266666667"
"62386","Grenay",2022,4567,1332,3235,31,24,3180,"29.165754324501865",6674,"41.48152747993647","20.183912579807803","2.055177722154575","660","145","395","115","53","3","6","26","1","0","1","3","4","9","343","3.6384685599999997"
"62387","Grévillers",2022,293,53,240,3,4,233,"18.088737201365188",354,"29.57835408631692","25.268063573929528","1.1705825418626286","20","5","10","10","3","2","0","0","0","0","0","0","0","1","6","1.3053940866666665"
"62388","Grigny",2022,210,34,176,1,0,175,"16.19047619047619",292,"30.136986301369863","35.61643835616438","0.8461538461538461","15","5","5","5","3","0","0","0","0","0","1","2","0","0","5","1.5300746666666667"
"62389","Grincourt-Lès-Pas",2022,34,4,30,0,0,30,"11.76470588235294",30,"33.3333333333333","33.33333333333333","0.9999999999999989","0","0","0","0","0","0","0","0","0","0","0","0","0","0","0","0.3003569533333333"
"62390","Groffliers",2022,1369,270,1099,28,7,1064,"19.722425127830533",1478,"24.69553450608931","39.039242219215154","0.6325823223570191","75","15","35","25","12","3","0","3","1","0","0","3","1","1","42","2.0000623466666663"
"62391","Guarbecque",2022,1180,274,906,10,7,889,"23.220338983050848",1375,"31.965750180392654","29.438964365205333","1.085831341885579","85","20","45","25","8","2","0","3","0","1","0","1","0","1","37","1.8276482066666666"
"62392","Guémappe",2022,327,52,275,9,0,266,"15.902140672782874",410,"32.4390243902439","27.80487804878049","1.1666666666666667","15","0","10","5","7","0","1","1","0","0","1","1","2","1","9","1.5933366599999996"
"62393","Guemps",2022,883,190,693,6,6,681,"21.517553793884485",1092,"36.96424913227656","19.16197588249234","1.9290416269675803","95","20","40","30","21","2","2","7","0","1","0","5","0","4","29","1.6808350933333331"
"62395","Guigny",2022,142,31,111,1,0,110,"21.830985915492956",143,"27.516778523489926","36.24161073825504","0.759259259259259","5","0","5","0","1","0","0","1","0","0","0","0","0","0","1","0.63664324"
"62396","Guinecourt",2022,15,2,13,0,0,13,"13.333333333333334",14,"20.00000000000002","53.33333333333336","0.3750000000000003","0","0","0","0","0","0","0","0","0","0","0","0","0","0","0","0.4535041533333333"
"62397","Guînes",2022,3902,951,2951,33,23,2895,"24.372116863147102",5508,"37.817719680464776","23.910675381263616","1.5816249050873197","485","100","260","125","41","1","5","18","0","0","1","10","3","3","244","2.94830778"
"62398","Guisy",2022,235,31,204,4,1,199,"13.191489361702127",273,"25.179865755198577","29.2069035756137","0.8621203439115162","10","0","5","5","5","2","1","1","0","0","0","0","1","0","4","1.0642083266666666"
"62399","Habarcq",2022,574,138,436,9,4,423,"24.041811846689896",656,"33.21280239811626","25.433166133487223","1.3058854813355614","25","5","10","10","11","2","0","1","0","1","2","1","1","3","16","1.4977750133333332"
"62400","Haillicourt",2022,3539,993,2546,29,10,2507,"28.058773664877084",4974,"37.48723115717451","23.42502753618391","1.600306812842339","470","85","295","90","35","2","1","12","2","1","2","3","4","8","185","2.6147829866666665"
"62401","Haisnes",2022,3464,888,2576,24,38,2514,"25.635103926096996",4411,"37.33486771782471","23.87660285265884","1.5636591163414686","365","60","230","75","39","1","2","11","2","1","1","9","2","10","133","2.0248344666666664"
"62402","Halinghen",2022,226,51,175,3,0,172,"22.566371681415927",309,"31.028769542865405","24.984888105087407","1.2419014811015843","10","0","5","5","3","0","2","0","0","0","0","0","0","1","4","1.05262358"
"62403","Hallines",2022,967,225,742,10,6,726,"23.26783867631851",1202,"31.762180235424708","29.602299925266827","1.07296326013893","70","10","45","20","3","0","1","1","0","0","0","0","0","1","27","1.5240428666666666"
"62404","Halloy",2022,165,23,142,1,1,140,"13.939393939393941",196,"28.57142857142857","28.571428571428527","1.0000000000000016","5","0","0","5","3","1","0","2","0","0","0","0","0","0","4","1.33662394"
"62405","Hamblain-Les-Prés",2022,392,69,323,6,2,315,"17.602040816326532",458,"32.71384104338605","31.415999015899075","1.0413114994952142","20","5","10","5","5","0","0","2","0","0","0","1","2","0","8","1.1195793466666666"
"62406","Hamelincourt",2022,206,25,181,1,2,178,"12.135922330097088",262,"32.283619209741374","19.030465961549275","1.6964176954452856","15","0","5","5","4","0","1","1","0","0","0","1","1","0","4","1.05262358"
"62407","Ham-En-Artois",2022,809,150,659,6,2,651,"18.541409147095177",947,"29.94641006339412","30.699980353288826","0.9754537207769263","45","5","25","15","6","1","3","0","0","0","0","0","0","2","19","1.4469459066666666"
"62408","Hames-Boucres",2022,1132,218,914,14,4,896,"19.257950530035338",1428,"36.20643706218319","21.07402594097164","1.7180598127570614","115","20","50","45","13","3","0","2","0","0","1","3","1","3","37","1.7476580000000002"
"62409","Hannescamps",2022,160,23,137,1,1,135,"14.374999999999998",200,"36.0189573459716","20.8530805687204","1.7272727272727273","15","0","10","5","2","0","2","0","0","0","0","0","0","0","4","1.2691181533333333"
"62410","Haplincourt",2022,169,36,133,0,1,132,"21.301775147928996",191,"35.602094240837694","25.654450261780106","1.3877551020408163","20","0","10","5","3","1","0","0","1","0","0","1","0","0","4","1.6133293066666667"
"62411","Haravesnes",2022,38,4,34,1,1,32,"10.526315789473683",52,"39.21568627450976","17.64705882352939","2.2222222222222223","5","0","0","0","1","0","0","0","0","0","0","0","0","1","0","0"
"62412","Hardinghen",2022,907,209,698,9,7,682,"23.042998897464166",1245,"32.25319827883695","30.2434099893851","1.0664537593531036","60","10","30","20","7","0","2","1","1","0","0","0","2","1","30","1.5975804533333333"
"62413","Harnes",2022,8537,2418,6119,75,37,6007,"28.323767131310767",12264,"36.3250768832129","26.815873228898678","1.3546110012209647","1165","200","730","235","122","10","17","54","4","4","1","17","4","11","473","2.795567233333334"
"62414","Haucourt",2022,187,39,148,1,1,146,"20.855614973262032",203,"34.24657534246572","25.11415525114153","1.3636363636363635","15","5","5","5","5","0","0","2","0","1","0","0","1","1","4","1.507221"
"62415","Haute-Avesnes",2022,388,61,327,5,1,321,"15.721649484536082",462,"31.995791121448413","32.14179668123048","0.9954574549384999","15","0","10","5","2","0","0","1","0","0","0","1","0","0","8","1.1411601"
"62416","Hautecloque",2022,170,33,137,3,3,131,"19.411764705882355",215,"31.603773584905625","27.358490566037734","1.1551724137931023","10","0","5","5","2","1","0","1","0","0","0","0","0","0","4","1.2685454066666666"
"62418","Hauteville",2022,248,43,205,3,0,202,"17.338709677419356",306,"32.778682729565425","29.961183964368594","1.0940382986382498","10","5","5","0","5","0","1","2","1","0","0","0","0","1","3","0.8292184"
"62419","Haut-Loquin",2022,116,25,91,0,2,89,"21.551724137931032",185,"42.32804232804233","17.989417989417998","2.3529411764705874","10","0","5","0","0","0","0","0","0","0","0","0","0","0","3","1.0667876066666664"
"62421","Havrincourt",2022,280,62,218,2,2,214,"22.142857142857142",357,"36.41456582633053","23.52941176470588","1.5476190476190477","25","5","15","10","3","0","0","1","0","0","0","1","0","1","7","1.4332561266666666"
"62422","Hébuterne",2022,417,94,323,5,2,316,"22.54196642685851",522,"37.16475095785441","22.22222222222222","1.6724137931034482","25","0","15","5","6","2","0","3","0","0","0","0","1","0","13","1.6263667066666665"
"62423","Helfaut",2022,1276,254,1022,16,18,988,"19.905956112852667",1728,"28.075511881280207","35.674053635052054","0.7870008877739145","100","10","65","30","13","2","4","3","0","0","0","3","1","0","51","1.8962368933333333"
"62424","Hendecourt-Lès-Cagnicourt",2022,259,59,200,3,1,196,"22.779922779922778",297,"36.9426812586167","24.46194067280283","1.5102105655783131","25","5","10","10","2","0","0","0","0","0","0","1","0","1","5","1.74053744"
"62425","Hendecourt-Lès-Ransart",2022,103,25,78,4,1,73,"24.271844660194176",142,"42.33576642335754","17.51824817518242","2.416666666666668","5","0","0","0","2","0","0","0","0","0","0","1","0","1","1","0.50451686"
"62426","Héninel",2022,164,29,135,1,0,134,"17.682926829268293",188,"27.419354838709776","33.33333333333343","0.8225806451612908","10","0","5","0","2","0","0","0","0","0","0","1","0","1","3","1.0883910866666668"
"62427","Hénin-Beaumont",2022,18127,4856,13271,155,89,13027,"26.78876813592983",25764,"38.20743368380853","23.74654528243439","1.6089680932270616","2625","505","1560","560","335","27","29","141","11","10","12","49","30","26","1724","4.7277993799999996"
"62428","Hénin-Sur-Cojeul",2022,417,63,354,4,3,347,"15.107913669064748",528,"34.773502267430636","22.36596233587324","1.5547509982012573","15","0","10","10","6","0","1","3","0","0","0","0","2","0","7","0.9967025399999999"
"62429","Henneveux",2022,260,55,205,3,1,201,"21.153846153846153",274,"33.69181079867646","27.02301629885035","1.2467820181905387","15","0","10","5","2","0","0","0","0","0","0","1","0","1","3","0.8219543466666667"
"62430","Hénu",2022,126,21,105,5,1,99,"16.666666666666664",151,"40.397350993377486","26.490066225165563","1.525","5","0","5","0","5","0","2","1","0","1","0","1","0","0","2","0.8883895933333332"
"62432","Herbinghen",2022,295,57,238,2,3,233,"19.322033898305087",423,"40.13312152755839","19.019922312193415","2.1100570690464697","20","0","5","10","3","1","0","1","0","0","0","1","0","0","10","1.6745322266666667"
"62433","Héricourt",2022,81,12,69,0,0,69,"14.814814814814813",79,"24.096385542168697","31.32530120481928","0.7692307692307698","5","0","5","0","0","0","0","0","0","0","0","0","0","0","0","0.9632680466666665"
"62434","La Herlière",2022,103,16,87,1,1,85,"15.53398058252427",136,"38.23529411764706","16.176470588235293","2.3636363636363638","5","0","5","0","1","0","0","1","0","0","0","0","0","0","1","0.2670014666666667"
"62435","Herlincourt",2022,86,10,76,3,1,72,"11.627906976744185",106,"30.84112149532708","31.775700934579454","0.9705882352941164","5","0","5","0","1","0","0","0","0","0","0","0","0","1","0","0.6324749133333333"
"62436","Herlin-Le-Sec",2022,106,18,88,1,3,84,"16.9811320754717",161,"39.75155279503105","21.11801242236025","1.8823529411764706","10","0","10","0","1","0","0","1","0","0","0","0","0","0","4","1.5747267866666665"
"62437","Herly",2022,239,56,183,2,0,181,"23.430962343096233",319,"35.816293003545645","25.222876931430527","1.4199923783838684","20","5","15","0","2","0","1","0","0","0","0","0","0","1","5","1.3485009133333332"
"62438","Hermaville",2022,471,86,385,7,3,375,"18.259023354564754",532,"29.716040027461467","28.581598763803456","1.0396913158369119","25","5","15","5","4","0","0","0","0","0","0","1","1","2","12","1.4458753666666666"
"62439","Hermelinghen",2022,288,60,228,6,3,219,"20.833333333333336",406,"44.58128078817734","15.517241379310345","2.873015873015873","25","5","15","5","4","0","1","1","0","0","0","1","1","0","9","1.4302692266666666"
"62440","Hermies",2022,853,252,601,11,1,589,"29.54279015240328",1076,"31.59851301115242","31.226765799256505","1.0119047619047619","95","15","55","25","9","0","0","4","0","1","2","1","0","1","28","1.74053744"
"62441","Hermin",2022,178,24,154,4,2,148,"13.48314606741573",207,"29.126213592233043","28.155339805825285","1.034482758620689","5","0","0","5","0","0","0","0","0","0","0","0","0","0","2","0.5843573133333333"
"62442","Hernicourt",2022,396,63,333,2,0,331,"15.909090909090908",513,"32.35867446393762","26.120857699805068","1.2388059701492538","25","0","20","5","2","1","0","1","0","0","0","0","0","0","13","1.5693504333333335"
"62443","Hersin-Coupigny",2022,4601,1104,3497,39,22,3436,"23.994783742664637",6098,"37.94686782551656","22.909150541161036","1.6564065855404437","530","100","315","120","55","5","4","17","2","2","6","9","0","10","202","2.280262153333333"
"62444","Hervelinghen",2022,198,44,154,2,2,150,"22.22222222222222",220,"29.38596491228068","28.94736842105261","1.0151515151515154","10","0","5","5","2","0","0","0","0","0","0","1","1","0","4","1.0119477399999999"
"62445","Hesdigneul-Lès-Béthune",2022,707,148,559,3,7,549,"20.933521923620933",842,"32.55991847308397","26.124864099882227","1.2463191520766894","55","10","30","10","3","0","0","1","0","0","0","2","0","0","22","1.7598777066666667"
"62446","Hesdigneul-Lès-Boulogne",2022,636,150,486,5,0,481,"23.58490566037736",835,"39.183466483934495","23.187330392593516","1.689865362700419","50","5","30","10","8","1","1","4","1","0","0","0","0","1","21","1.6401592533333331"
"62447","Hesdin",2022,1542,496,1046,12,11,1023,"32.16601815823606",4494,"28.630025097654716","39.77204152281077","0.7198530425257228","410","75","235","105","21","3","0","7","0","2","1","1","2","5","286","4.250498753333333"
"62448","Hesdin-L'Abbé",2022,1501,271,1230,22,9,1199,"18.05463024650233",1870,"27.433155080213904","33.903743315508024","0.8091482649842271","105","15","60","30","11","1","1","2","1","1","0","2","3","0","43","1.7708286933333333"
"62449","Hesmond",2022,147,30,117,3,0,114,"20.408163265306122",164,"33.8888888888889","29.44444444444445","1.1509433962264153","5","0","5","0","0","0","0","0","0","0","0","0","0","0","2","0.5765538733333333"
"62450","Hestrus",2022,181,22,159,0,1,158,"12.154696132596685",219,"31.555555555555525","31.11111111111113","1.0142857142857127","10","5","5","0","2","0","0","0","1","0","0","1","0","0","4","1.0021166866666666"
"62451","Heuchin",2022,363,65,298,3,3,292,"17.90633608815427",485,"32.50573074645854","29.002758535781158","1.1207806563074236","35","5","20","10","3","0","0","1","0","0","0","0","1","1","13","1.6148298799999998"
"62452","Heuringhem",2022,1162,195,967,14,3,950,"16.78141135972461",1389,"29.568671118933764","30.68476186824493","0.9636271986041974","60","10","35","10","13","2","0","3","0","1","0","4","0","3","37","1.7797938533333333"
"62453","Hézecques",2022,102,14,88,2,0,86,"13.725490196078432",127,"39.0625","24.21875","1.6129032258064515","5","0","5","5","0","0","0","0","0","0","0","0","0","0","2","1.1154006933333334"
"62454","Hinges",2022,1911,302,1609,27,6,1576,"15.803244374672945",2450,"31.012600048007755","25.588314472701402","1.2119829182611144","105","15","55","35","27","0","4","7","2","0","2","4","2","6","64","1.7106743333333332"
"62455","Hocquinghen",2022,89,15,74,2,0,72,"16.853932584269664",116,"35.59322033898302","31.35593220338983","1.1351351351351342","5","0","5","0","1","0","0","0","0","0","0","0","1","0","0","0.27619692"
"62456","Houchin",2022,627,125,502,7,2,493,"19.936204146730464",735,"32.10884353741497","24.353741496598637","1.318435754189944","30","10","20","5","7","0","1","2","0","1","3","0","0","0","17","1.5473240933333334"
"62457","Houdain",2022,5274,1379,3895,41,25,3829,"26.14713689799014",6990,"35.073699178865574","28.482040842456136","1.2314320933977358","595","110","355","130","36","7","4","7","0","1","1","4","7","5","362","3.7196534733333335"
"62458","Houlle",2022,792,167,625,15,7,603,"21.085858585858585",1131,"31.230205684386647","26.730272514077452","1.168345951876821","85","15","45","30","12","3","0","6","0","0","1","2","0","0","28","1.5747267866666665"
"62459","Houvin-Houvigneul",2022,188,30,158,3,3,152,"15.957446808510639",244,"32.61122788495549","29.346416912350083","1.1112507527701432","10","0","5","5","3","0","2","0","0","0","0","1","0","0","4","1.1290026066666665"
"62460","Hubersent",2022,204,43,161,4,0,157,"21.07843137254902",267,"35.2059925093633","25.468164794007492","1.3823529411764706","10","0","5","0","5","2","0","3","0","0","0","0","0","0","4","1.0155927666666666"
"62461","Huby-Saint-Leu",2022,609,170,439,6,2,431,"27.914614121510674",NULL,NULL,NULL,NULL,NULL,NULL,NULL,NULL,"5","2","0","0","0","0","0","2","1","0",NULL,NULL
"62462","Huclier",2022,102,15,87,1,0,86,"14.705882352941178",155,"43.75","9.027777777777787","4.846153846153841","15","0","10","0","3","0","3","0","0","0","0","0","0","0","1","0.33211796"
"62463","Hucqueliers",2022,376,70,306,1,1,304,"18.617021276595743",490,"36.3265306122449","33.265306122448976","1.0920245398773005","35","10","15","10","3","0","0","1","0","0","1","1","0","0","13","1.6256363133333334"
"62464","Hulluch",2022,2680,708,1972,21,18,1933,"26.417910447761194",3377,"35.685640664323806","24.01339467236791","1.4860723005309655","255","50","140","65","31","0","6","11","0","1","2","3","3","5","103","2.1691488199999998"
"62465","Humbercamps",2022,189,32,157,5,0,152,"16.93121693121693",219,"27.397260273972602","36.07305936073059","0.759493670886076","10","0","5","5","2","0","0","1","0","0","0","1","0","0","5","1.24569174"
"62466","Humbert",2022,194,33,161,1,1,159,"17.010309278350515",251,"37.45019920318725","22.31075697211155","1.6785714285714286","15","0","10","5","2","0","0","1","1","0","0","0","0","0","5","1.236245753333333"
"62467","Humeroeuille",2022,130,23,107,1,0,106,"17.692307692307693",179,"32.402234636871505","30.16759776536313","1.0740740740740742","15","0","10","5","0","0","0","0","0","0","0","0","0","0","4","1.28328218"
"62468","Humières",2022,188,33,155,2,1,152,"17.5531914893617",207,"29.81651376146787","36.23853211009177","0.8227848101265813","10","0","10","0","1","0","0","1","0","0","0","0","0","0","4","1.4920455799999999"
"62469","Inchy-En-Artois",2022,425,112,313,3,2,308,"26.35294117647059",576,"35.164226281107446","24.71826618029621","1.4226008420096257","40","5","25","10","13","1","0","7","1","1","0","3","0","0","15","1.5940670533333332"
"62470","Incourt",2022,72,14,58,3,0,55,"19.444444444444446",90,"32.55813953488369","39.53488372093032","0.8235294117647033","10","0","5","0","1","1","0","0","0","0","0","0","0","0","0","1.1740325"
"62471","Bellinghem",2022,830,160,670,20,6,644,"19.27710843373494",1075,"35.37232041495739","23.169483689364636","1.5266771106856456","65","15","35","15","7","1","1","0","1","1","1","1","1","0","21","1.2943714533333333"
"62472","Inxent",2022,138,36,102,2,0,100,"26.08695652173913",157,"25.477707006369428","42.038216560509554","0.6060606060606061","5","0","5","0","1","0","0","0","0","0","0","1","0","0","2","0.8208838066666666"
"62473","Isbergues",2022,7101,2243,4858,81,50,4727,"31.58710040839318",8653,"32.2301971695897","31.705199830024398","1.0165587141030454","670","105","400","165","55","12","7","12","2","0","3","8","4","7","332","2.63192118"
"62474","Isques",2022,937,187,750,11,4,735,"19.957310565635005",1141,"30.650017231669242","29.579943927908168","1.0361756366533026","50","10","25","20","14","1","2","4","2","1","0","2","1","1","45","2.591809073333333"
"62475","Ivergny",2022,203,45,158,0,6,152,"22.167487684729064",240,"39.50617283950617","20.98765432098765","1.8823529411764706","15","0","5","5","1","0","0","0","0","0","0","0","0","1","4","1.03844892"
"62476","Izel-Lès-Equerchin",2022,829,188,641,11,3,627,"22.67792521109771",1049,"32.62285418546749","25.670670914415382","1.2708220324365618","50","5","25","20","8","2","0","1","0","1","0","3","1","0","28","1.7772836999999997"
"62477","Izel-Lès-Hameau",2022,574,123,451,13,1,437,"21.428571428571427",740,"32.32500503150267","23.154489709905604","1.3960577597041093","30","5","20","5","5","0","2","0","0","0","0","1","0","2","18","1.5747267866666665"
"62478","Journy",2022,208,46,162,2,0,160,"22.115384615384613",306,"39.21568627450981","25.49019607843137","1.5384615384615385","30","5","15","10","5","1","0","0","1","0","0","0","0","3","4","1.0830985533333333"
"62479","Labeuvrière",2022,1273,231,1042,10,8,1024,"18.146111547525532",1651,"33.65350468182635","25.219712450446753","1.334412703870071","110","20","60","30","11","1","1","3","1","0","1","2","0","2","41","1.6745322266666667"
"62480","Labourse",2022,2230,575,1655,19,14,1622,"25.784753363228702",2876,"37.70971937058946","18.900222330979574","1.99519977650099","190","30","115","45","17","0","3","2","0","1","2","1","1","7","79","1.841632553333333"
"62481","Labroye",2022,117,20,97,2,1,94,"17.094017094017094",143,"29.22077922077923","29.87012987012988","0.9782608695652174","10","0","10","5","1","0","0","1","0","0","0","0","0","0","1","1.2737238266666666"
"62483","Lacres",2022,177,40,137,3,2,132,"22.598870056497177",249,"35.199999999999996","23.200000000000003","1.5172413793103448","5","0","5","5","3","0","3","0","0","0","0","0","0","0","5","1.3288205"
"62484","Lagnicourt-Marcel",2022,269,55,214,6,1,207,"20.44609665427509",309,"35.22688474039851","21.28006459331071","1.6553936942217706","30","5","15","5","1","0","1","0","0","0","0","0","0","0","4","1.0752951133333333"
"62485","Laires",2022,254,34,220,2,4,214,"13.385826771653544",368,"41.84782608695652","19.83695652173913","2.1095890410958904","25","5","20","5","4","0","1","0","0","0","0","1","0","2","7","1.4743485999999997"
"62486","Lambres",2022,835,195,640,5,4,631,"23.353293413173652",1066,"34.62775885609193","27.311738002261883","1.2678709371488608","65","15","40","10","10","1","1","4","0","0","0","1","2","1","27","1.7121434399999997"
"62487","Landrethun-Le-Nord",2022,923,190,733,10,6,717,"20.585048754062836",1242,"37.598073428250004","21.574462165205958","1.7427119684534242","85","10","50","25","17","3","4","6","0","0","0","1","0","3","29","1.5964310266666666"
"62488","Landrethun-Lès-Ardres",2022,597,105,492,5,2,485,"17.587939698492463",792,"36.89832894188915","23.26412553353674","1.5860612894603678","40","5","25","10","7","1","0","1","0","0","0","1","1","3","17","1.33662394"
"62489","Lapugnoy",2022,2779,725,2054,27,8,2019,"26.088521050737672",3500,"35.26159724235607","26.543290222994248","1.328456153932613","240","50","145","45","30","3","0","8","3","2","0","4","6","4","95","1.8316722533333332"
"62490","Lattre-Saint-Quentin",2022,222,49,173,4,3,166,"22.07207207207207",318,"35.44773799499371","22.07255378226812","1.605964508894774","15","0","10","5","3","0","0","0","0","1","0","1","1","0","5","1.33662394"
"62491","Laventie",2022,4087,909,3178,54,13,3111,"22.24125275263029",5007,"33.535986597974755","28.21498796027791","1.18858766288286","255","40","150","65","53","6","2","12","2","3","4","11","4","9","123","1.7622898066666666"
"62492","Lebiez",2022,190,28,162,0,0,162,"14.736842105263156",232,"34.583333333333364","28.333333333333364","1.2205882352941173","20","0","15","5","2","0","0","0","2","0","0","0","0","0","5","1.3053940866666665"
"62493","Lebucquière",2022,203,50,153,3,0,150,"24.63054187192118",232,"32.4876932598078","23.71953977031827","1.3696595117103267","20","5","10","10","1","0","0","1","0","0","0","0","0","0","4","1.1756733"
"62494","Léchelle",2022,41,11,30,0,30,0,"26.82926829268293",45,"37.77777777777778","20","1.8888888888888888","5","0","5","0","0","0","0","0","0","0","0","0","0","0","0","0.37657510666666666"
"62495","Ledinghem",2022,228,46,182,4,0,178,"20.175438596491226",317,"37.19290635842417","25.385952714307276","1.4650979136765903","25","0","20","5","2","1","0","1","0","0","0","0","0","0","5","1.2691181533333333"
"62496","Lefaux",2022,217,46,171,1,2,168,"21.19815668202765",222,"29.26054275573297","30.15985701297207","0.9701817466557519","15","5","10","5","2","0","0","0","0","0","0","0","2","0","4","1.1290026066666665"
"62497","Leforest",2022,5434,1572,3862,45,26,3791,"28.928965771071034",7120,"36.510213968196624","24.757163090946047","1.4747333462269268","535","105","295","135","65","9","6","19","3","1","1","9","8","9","217","2.2372888199999994"
"62498","Lens",2022,22398,8356,14042,140,75,13827,"37.30690240200018",32697,"38.530956232184174","26.159214528314095","1.4729401064576773","3745","720","2255","775","477","13","32","231","11","12","12","75","42","49","2696","5.709821033333335"
"62499","Lépine",2022,253,41,212,2,1,209,"16.205533596837945",289,"31.081818454823697","31.615679733754163","0.9831140344466325","15","0","10","0","1","0","0","0","0","0","0","0","0","1","4","1.2828521466666667"
"62500","Lespesses",2022,346,38,308,3,3,302,"10.982658959537572",401,"28.10163649476755","33.92599846571678","0.8283215753595308","15","0","5","5","2","0","0","0","0","0","1","1","0","0","5","0.7990981933333333"
"62501","Lespinoy",2022,181,13,168,1,0,167,"7.18232044198895",243,"29.629629629629626","30.864197530864196","0.96","20","5","15","5","0","0","0","0","0","0","0","0","0","0","5","1.37056688"
"62502","Lestrem",2022,3773,851,2922,47,15,2860,"22.55499602438378",5041,"36.74372931591085","22.888896402218954","1.6053080353995897","275","40","175","60","62","6","6","15","2","4","4","9","9","7","150","1.98247532"
"62503","Leubringhen",2022,263,36,227,7,1,219,"13.688212927756654",294,"31.256401867862305","23.921320463976194","1.306633633161356","15","5","5","5","3","0","0","1","1","0","0","0","0","1","4","1.1564052999999999"
"62504","Leulinghem",2022,189,24,165,2,2,161,"12.698412698412698",263,"33.840304182509506","22.813688212927758","1.4833333333333334","15","0","10","0","3","0","0","0","0","1","1","0","0","1","4","1.42259414"
"62505","Leulinghen-Bernes",2022,365,48,317,2,7,308,"13.150684931506849",535,"36.743620059640826","21.62462987450975","1.6991560212992471","30","5","15","10","8","0","0","2","3","0","0","1","1","1","13","1.5747267866666665"
"62506","Licques",2022,1281,291,990,7,14,969,"22.716627634660423",1657,"37.17133136554961","25.018310524355957","1.485765049137206","100","20","55","25","14","5","2","5","0","0","0","1","0","1","39","1.5560033066666665"
"62507","Liencourt",2022,218,31,187,2,4,181,"14.220183486238533",301,"32.564355252218306","24.67280215592389","1.3198482704324555","10","5","5","5","1","0","1","0","0","0","0","0","0","0","4","1.1540723066666667"
"62508","Lières",2022,284,56,228,7,0,221,"19.718309859154928",340,"32.35294117647059","22.058823529411764","1.4666666666666666","20","5","10","5","9","2","1","3","1","0","1","0","0","1","8","1.4380726666666666"
"62509","Liettres",2022,253,50,203,2,1,200,"19.76284584980237",368,"44.29347826086957","14.402173913043478","3.0754716981132075","20","5","15","5","4","0","0","2","0","0","0","0","1","1","6","1.236245753333333"
"62510","Liévin",2022,21358,6681,14677,159,90,14428,"31.28101882198708",30113,"38.739368746575465","24.53417576459936","1.578996136584011","3075","570","1870","635","270","17","29","102","6","6","7","53","22","28","1588","3.663172606666667"
"62511","Lignereuil",2022,109,13,96,1,1,94,"11.926605504587156",140,"30.496453900709213","30.49645390070924","0.999999999999999","5","0","5","0","1","0","1","0","0","0","0","0","0","0","2","0.6348642066666667"
"62512","Ligny-Lès-Aire",2022,507,113,394,4,2,388,"22.287968441814595",564,"31.001505943046702","24.310337497520088","1.2752396360687788","25","5","15","5","2","0","0","0","0","1","0","0","1","0","15","1.6148298799999998"
"62513","Ligny-Sur-Canche",2022,157,30,127,2,3,122,"19.10828025477707",188,"21.808510638297875","41.48936170212766","0.5256410256410257","15","5","5","5","0","0","0","0","0","0","0","0","0","0","3","1.0675491533333334"
"62514","Ligny-Saint-Flochel",2022,191,33,158,3,1,154,"17.277486910994764",238,"33.620689655172384","31.896551724137918","1.0540540540540535","10","0","5","5","2","2","0","0","0","0","0","0","0","0","4","1.4403471066666667"
"62515","Ligny-Thilloy",2022,466,105,361,11,4,346,"22.532188841201716",517,"28.31526278607685","33.66333556913933","0.8411306338886604","35","10","15","10","5","1","0","0","0","0","0","1","2","1","8","0.9692442866666665"
"62516","Lillers",2022,6417,1616,4801,56,33,4712,"25.18310737104566",10200,"37.70589538410314","25.17904752019739","1.49751079161582","885","175","505","210","96","7","9","35","3","5","3","5","5","24","515","3.449200546666667"
"62517","Linghem",2022,188,42,146,1,0,145,"22.340425531914892",205,"35.19313304721034","26.609442060085854","1.322580645161291","15","5","10","5","2","0","0","2","0","0","0","0","0","0","2","0.9655407066666666"
"62518","Linzeux",2022,125,19,106,1,1,104,"15.2",172,"35.087719298245666","26.90058479532169","1.3043478260869559","10","0","5","5","1","0","1","0","0","0","0","0","0","0","2","1.0173214333333334"
"62519","Lisbourg",2022,494,108,386,5,6,375,"21.86234817813765",591,"34.03182983692002","27.02863138795262","1.2591029619090854","30","5","20","0","3","0","0","0","0","1","0","1","0","1","14","1.51502444"
"62520","Locon",2022,1991,391,1600,7,9,1584,"19.63837267704671",2332,"28.09850739338053","33.82643690052699","0.8306670748683782","105","10","55","40","20","3","1","5","2","2","0","3","1","3","55","1.7403714733333333"
"62521","La Loge",2022,184,41,143,5,1,137,"22.282608695652172",218,"28.244682471914818","37.83145694016159","0.7465925120618466","15","5","10","5","1","0","1","0","0","0","0","0","0","0","3","0.9127611533333333"
"62522","Loison-Sur-Créquoise",2022,222,47,175,6,2,167,"21.17117117117117",261,"30.006447688626555","34.60653359350399","0.8670746409070881","10","0","5","5","1","0","0","0","0","0","0","0","0","1","3","0.8989036333333333"
"62523","Loison-Sous-Lens",2022,3824,977,2847,49,22,2776,"25.549163179916317",5202,"35.505574778931184","25.951557093425603","1.3681481481481481","515","80","320","115","51","6","10","15","1","0","1","12","1","5","273","3.940148606666666"
"62524","Longfossé",2022,1062,192,870,18,7,845,"18.07909604519774",1515,"35.48697190394865","27.083657609099603","1.310272505144419","90","15","45","30","20","6","2","3","1","1","0","4","0","3","37","1.6745322266666667"
"62525","Longuenesse",2022,6932,1765,5167,53,53,5061,"25.461627236006922",10559,"35.228719674262244","28.060662309110768","1.2554486165076773","825","140","490","195","93","2","4","30","6","4","4","21","10","12","646","4.381759073333334"
"62526","Longueville",2022,118,23,95,2,4,89,"19.491525423728813",147,"30.555555555555507","26.388888888888793","1.1578947368421078","15","0","5","5","1","0","0","0","0","0","0","0","0","1","0","0.4465935466666667"
"62527","Longvilliers",2022,188,24,164,0,2,162,"12.76595744680851",255,"36.6927443757191","27.59660521954005","1.329610801177039","20","5","10","0","3","1","0","0","0","0","0","0","0","2","4","1.0752951133333333"
"62528","Loos-En-Gohelle",2022,5367,1464,3903,56,37,3810,"27.277808831749578",6850,"35.73695904099343","25.787418630012294","1.385829250834805","565","95","335","135","70","6","6","22","5","2","2","15","6","6","262","2.754971613333333"
"62529","Lorgies",2022,1303,240,1063,8,22,1033,"18.41903300076746",1630,"33.47348256204491","23.12190943900593","1.4476954271594975","70","10","35","25","16","0","0","3","1","2","1","5","4","0","41","1.7428264999999998"
"62530","Lottinghen",2022,391,62,329,6,3,320,"15.856777493606138",541,"37.3467241888451","23.6844914376322","1.5768429855118202","30","5","20","5","4","1","0","1","0","0","0","0","0","2","11","1.3689235933333335"
"62531","Louches",2022,748,160,588,8,4,576,"21.390374331550802",948,"35.75206919747858","21.525560095977454","1.6609123775673404","55","15","25","15","5","0","0","2","0","0","0","2","0","1","18","1.32013086"
"62532","Lozinghem",2022,961,203,758,6,7,745,"21.12382934443288",1271,"38.49146119716924","19.756989651211477","1.9482452477171281","90","20","55","15","5","0","1","2","0","0","0","0","0","2","31","1.7024411733333333"
"62533","Lugy",2022,117,29,88,5,0,83,"24.786324786324787",138,"39.72602739726029","20.54794520547944","1.9333333333333351","5","0","5","0","1","0","0","0","0","0","0","0","0","1","1","0.9681884533333333"
"62534","Lumbres",2022,2699,686,2013,37,13,1963,"25.416821044831416",3577,"35.78892620581986","26.85544618039789","1.3326505903276566","285","60","155","70","35","2","3","11","1","2","1","5","8","2","133","2.476727106666667"
"62535","La Madelaine-Sous-Montreuil",2022,136,16,120,0,0,120,"11.76470588235294",148,"23.841059602648986","39.07284768211922","0.6101694915254231","10","0","5","5","2","1","0","1","0","0","0","0","0","0","3","1.2685454066666666"
"62536","Magnicourt-En-Comte",2022,498,97,401,6,3,392,"19.477911646586346",645,"33.84128925511008","26.387720176013364","1.2824635485513471","45","5","25","10","4","0","1","1","0","0","0","1","1","0","16","1.5730834999999999"
"62537","Magnicourt-Sur-Canche",2022,89,13,76,1,2,73,"14.606741573033707",106,"37.864077669902834","31.06796116504843","1.218750000000002","0","0","0","0","1","0","1","0","0","0","0","0","0","0","0","0.56735842"
"62538","Maintenay",2022,341,71,270,3,5,262,"20.821114369501466",453,"36.68257929121091","26.438556848652745","1.3874652652639086","35","10","20","5","6","1","1","1","0","0","0","0","2","1","10","1.3135800933333333"
"62539","Maisnil",2022,212,32,180,0,0,180,"15.09433962264151",257,"34.274432493282916","28.22469385040677","1.2143420465405317","10","0","10","5","0","0","0","0","0","0","0","0","0","0","4","1.219504773333333"
"62540","Maisnil-Lès-Ruitz",2022,1232,250,982,15,11,956,"20.29220779220779",1685,"37.40937326172041","19.075792934983653","1.9610913889253996","95","20","55","20","13","0","1","1","0","1","1","0","4","5","47","1.7949279799999998"
"62541","Maisoncelle",2022,96,20,76,1,0,75,"20.833333333333336",121,"30.57851239669421","28.09917355371901","1.088235294117647","0","0","0","0","1","0","0","0","0","0","0","0","0","1","1","1.1295753533333333"
"62542","Maizières",2022,154,20,134,3,0,131,"12.987012987012985",204,"41.46341463414632","20.4878048780488","2.0238095238095206","10","0","10","0","2","1","0","0","0","0","0","1","0","0","3","1.13718382"
"62543","Mametz",2022,1568,331,1237,19,10,1208,"21.10969387755102",1985,"31.375415260089373","30.449334671285776","1.0304138201639232","125","20","70","40","11","0","0","3","0","0","1","4","3","0","52","1.7286373733333333"
"62544","Manin",2022,139,21,118,2,1,115,"15.107913669064748",182,"31.868131868131865","29.120879120879124","1.0943396226415094","5","0","0","5","0","0","0","0","0","0","0","0","0","0","3","0.8989036333333333"
"62545","Maninghem",2022,111,17,94,0,4,90,"15.315315315315313",150,"33.5526315789474","24.34210526315792","1.3783783783783783","5","5","5","0","0","0","0","0","0","0","0","0","0","0","2","0.8156140000000001"
"62546","Maninghen-Henne",2022,271,22,249,2,2,245,"8.118081180811808",329,"27.35562310030395","29.17933130699088","0.9375","10","0","5","0","4","0","1","0","0","0","0","2","0","1","4","1.2489092066666667"
"62547","Marant",2022,60,8,52,0,0,52,"13.333333333333334",69,"20.54794520547945","39.72602739726028","0.5172413793103446","5","0","5","0","0","0","0","0","0","0","0","0","0","0","0","0.4482343466666666"
"62548","Marck",2022,8043,2064,5979,87,44,5848,"25.66206639313689",10468,"36.69417506434992","24.377973171885532","1.5052184529708295","735","130","395","205","85","5","2","29","1","3","3","8","15","19","321","2.249865113333333"
"62549","Marconne",2022,810,181,629,12,4,613,"22.34567901234568",NULL,NULL,NULL,NULL,NULL,NULL,NULL,NULL,"12","2","1","4","0","0","0","0","5","0",NULL,NULL
"62550","Marconnelle",2022,918,251,667,20,8,639,"27.342047930283226",1076,"28.185954299692373","36.56308688798322","0.7708855214015297","95","15","50","25","4","2","0","0","0","0","0","2","0","0","28","1.7654262399999998"
"62551","Marenla",2022,210,37,173,3,3,167,"17.61904761904762",264,"31.351068245128978","28.577118220215965","1.0970689207895943","15","0","15","5","2","1","0","1","0","0","0","0","0","0","4","0.9522453933333334"
"62552","Maresquel-Ecquemicourt",2022,848,221,627,14,8,605,"26.06132075471698",1054,"31.98272422615598","33.94918402160057","0.9420763752615259","80","15","40","30","7","0","0","1","0","0","1","2","0","3","31","1.9434352333333333"
"62553","Marest",2022,248,40,208,2,2,204,"16.129032258064516",280,"25.958993548589532","30.81271964600949","0.8424765436747627","10","5","5","0","3","0","1","0","0","0","0","2","0","0","4","1.00450598"
"62554","Maresville",2022,84,9,75,2,0,73,"10.714285714285714",94,"32.97872340425532","27.659574468085108","1.1923076923076923","5","0","0","0","3","1","0","1","0","0","0","0","1","0","0","0"
"62555","Marles-Les-Mines",2022,3854,1109,2745,43,16,2686,"28.775298391281783",5437,"35.232820139180205","28.15700775391245","1.2512984492922394","560","90","345","125","32","3","4","10","0","1","2","3","6","3","215","2.6213543599999998"
"62556","Marles-Sur-Canche",2022,237,41,196,4,0,192,"17.29957805907173",313,"31.70288189069837","30.34311886084417","1.044812896000908","15","0","10","5","1","0","0","0","0","0","0","0","0","1","5","1.3053940866666665"
"62557","Maroeuil",2022,2207,486,1721,27,13,1681,"22.020842772995017",2430,"29.1925865655963","30.80891201923596","0.9475370810682802","125","20","70","40","35","4","2","3","1","2","0","7","9","7","73","2.24793856"
"62558","Marquay",2022,122,19,103,0,1,102,"15.573770491803279",173,"33.33333333333341","28.30188679245284","1.17777777777778","5","0","5","0","0","0","0","0","0","0","0","0","0","0","2","1.08964376"
"62559","Marquion",2022,810,190,620,15,1,604,"23.456790123456788",1016,"33.352820683781886","28.781167768936655","1.15884181460418","70","15","45","15","10","0","0","5","0","0","1","0","3","1","35","2.276707193333333"
"62560","Marquise",2022,3791,1022,2769,37,16,2716,"26.958586125032973",5169,"36.71524203180505","24.08968648618223","1.5241062623569137","405","75","230","100","55","6","3","13","3","0","4","11","5","10","168","2.1726761666666667"
"62561","Martinpuich",2022,148,21,127,3,1,123,"14.18918918918919",179,"26.011560693641588","37.57225433526002","0.6923076923076932","10","0","5","5","2","1","0","0","0","0","1","0","0","0","3","1.0261117666666668"
"62562","Matringhem",2022,152,29,123,3,2,118,"19.078947368421055",174,"30.45977011494253","32.758620689655174","0.9298245614035088","15","5","10","5","0","0","0","0","0","0","0","0","0","0","4","1.4475186533333333"
"62563","Mazingarbe",2022,5636,1586,4050,59,27,3964,"28.140525195173883",8164,"41.08981964008611","19.528411783111633","2.1041045271086003","845","160","525","160","69","6","14","24","1","0","5","6","4","9","297","2.6206753"
"62564","Mazinghem",2022,343,57,286,3,0,283,"16.61807580174927",458,"34.47119779735808","19.459253698178397","1.771455284566487","15","5","15","0","4","0","0","1","0","1","2","0","0","0","11","1.51188058"
"62565","Mencas",2022,62,10,52,2,0,50,"16.129032258064516",73,"24.675324675324628","41.558441558441544","0.5937499999999991","5","0","0","5","0","0","0","0","0","0","0","0","0","0","0","0.9370001933333333"
"62566","Menneville",2022,561,91,470,10,2,458,"16.22103386809269",652,"29.138915266708914","28.73657478028121","1.0140009896622677","35","5","15","15","6","1","1","0","0","1","0","1","1","1","16","1.6148298799999998"
"62567","Mentque-Nortbécourt",2022,468,112,356,4,5,347,"23.931623931623932",653,"38.96601634542444","20.830600442506537","1.8706141694269702","35","5","20","5","9","0","1","1","0","1","1","5","0","0","10","0.9522453933333334"
"62568","Mercatel",2022,511,112,399,2,3,394,"21.91780821917808",726,"38.890397780469094","20.621559225340462","1.88590966160693","35","5","25","10","5","2","0","0","0","1","0","0","1","1","18","1.5747267866666665"
"62569","Merck-Saint-Liévin",2022,462,92,370,4,1,365,"19.913419913419915",664,"38.09417321379768","24.064211739516566","1.5830218594379344","30","5","15","10","6","0","1","2","0","0","1","1","0","1","14","1.3941768933333334"
"62570","Méricourt",2022,8672,2695,5977,72,40,5865,"31.077029520295202",11651,"37.16642047075504","26.443307940780862","1.4055132797299161","1060","200","645","210","83","7","5","34","2","0","3","14","8","10","450","2.92454256"
"62571","Merlimont",2022,3122,722,2400,52,16,2332,"23.126201153106983",3348,"27.354700429652546","36.05248156213294","0.7587466727500959","250","40","125","85","56","6","6","19","1","1","1","11","4","7","134","2.6300477533333333"
"62572","Metz-En-Couture",2022,499,134,365,9,3,353,"26.853707414829657",606,"34.36849996390471","26.753787861406515","1.2846218315681104","50","5","30","15","6","1","0","2","0","0","1","2","0","0","15","1.5407252933333333"
"62573","Meurchin",2022,2893,884,2009,17,11,1981,"30.55651572761839",3715,"35.33098652318109","23.146149974803603","1.5264303809334008","280","55","165","60","40","1","0","15","1","0","1","4","8","10","106","1.87012158"
"62574","Mingoval",2022,189,22,167,0,3,164,"11.64021164021164",231,"34.222222222222186","28.44444444444441","1.2031250000000002","15","0","10","0","2","0","0","1","0","0","0","1","0","0","4","1.09254454"
"62576","Moncheaux-Lès-Frévent",2022,95,17,78,0,2,76,"17.894736842105264",137,"36.0902255639099","19.54887218045115","1.8461538461538507","15","0","5","5","2","0","0","1","0","0","0","1","0","0","2","1.236245753333333"
"62577","Monchel-Sur-Canche",2022,66,11,55,0,0,55,"16.666666666666664",73,"36.36363636363641","27.272727272727316","1.333333333333333","5","0","0","0","0","0","0","0","0","0","0","0","0","0","0","0.6666252133333334"
"62578","Monchiet",2022,96,17,79,2,1,76,"17.708333333333336",104,"31.73076923076923","24.03846153846154","1.32","0","0","0","0","2","1","0","1","0","0","0","0","0","0","0","0.40906973333333335"
"62579","Monchy-Au-Bois",2022,393,78,315,1,2,312,"19.84732824427481",546,"36.76680849175917","23.24768945508503","1.5815252764277212","20","0","15","5","3","0","0","2","0","1","0","0","0","0","10","1.236245753333333"
"62580","Monchy-Breton",2022,385,63,322,4,1,317,"16.363636363636363",527,"38.09550714410038","19.66874644757488","1.9368548598478421","20","5","15","5","5","1","1","2","0","0","0","1","0","0","11","1.3728998733333333"
"62581","Monchy-Cayeux",2022,241,52,189,0,3,186,"21.57676348547718",289,"30.627997717148443","32.363820787732415","0.94636532311902","10","5","5","5","3","2","1","0","0","0","0","0","0","0","5","1.3288205"
"62582","Monchy-Le-Preux",2022,587,131,456,9,3,444,"22.31686541737649",656,"31.27525516369739","22.772849103795657","1.373357150927795","40","5","15","15","7","3","0","1","0","0","0","1","1","1","19","1.7824999133333332"
"62583","Mondicourt",2022,405,83,322,5,1,316,"20.493827160493826",579,"36.89326419045665","26.116301458963655","1.4126527160986693","45","5","25","15","3","0","1","1","0","0","0","0","1","0","12","1.3135800933333333"
"62584","Mont-Bernanchon",2022,1169,253,916,15,5,896,"21.642429426860566",1319,"32.41247727038332","24.733320916412893","1.310478175572233","70","10","40","20","12","0","3","3","0","0","1","3","2","0","34","1.74053744"
"62585","Montcavrel",2022,328,70,258,5,3,250,"21.341463414634145",389,"33.79430819195654","31.949468381434855","1.0577424258988197","25","5","15","5","4","0","0","2","0","0","0","2","0","0","5","0.7802079666666667"
"62586","Montenescourt",2022,364,52,312,4,2,306,"14.285714285714285",444,"28.02300750897962","34.118081939615955","0.8213535438063684","15","0","10","5","4","0","0","2","0","0","0","0","2","0","10","1.4302692266666666"
"62587","Montigny-En-Gohelle",2022,6182,1759,4423,54,20,4349,"28.453574894856033",9667,"39.698681254248164","25.583630417667997","1.551721964636901","895","175","545","175","76","6","8","36","1","1","0","6","11","7","438","3.3445910866666666"
"62588","Montreuil",2022,1466,383,1083,20,10,1053,"26.125511596180083",1902,"28.605327326161834","38.36835180073698","0.7455448562065253","155","25","100","35","39","0","4","7","0","6","4","9","3","6","96","3.3014455466666663"
"62589","Mont-Saint-Eloi",2022,851,136,715,10,7,698,"15.981198589894241",1023,"32.36436333508993","25.436416295159304","1.2723633297843555","40","0","25","10","12","2","0","1","0","1","1","3","1","3","23","1.4743485999999997"
"62590","Monts-En-Ternois",2022,47,7,40,1,0,39,"14.893617021276595",64,"40.983606557377016","21.31147540983605","1.9230769230769231","0","0","0","0","2","0","0","1","0","0","1","0","0","0","0","0.5662470266666666"
"62591","Morchies",2022,161,32,129,2,1,126,"19.875776397515526",210,"33.49282296650718","17.703349282296678","1.8918918918918888","10","0","5","5","4","2","0","0","0","0","0","1","0","1","4","1.1522468866666666"
"62592","Moringhem",2022,440,84,356,7,2,347,"19.090909090909093",555,"36.00732886954106","22.779592442927438","1.5806836298654037","30","5","20","5","2","0","0","0","0","0","0","1","0","1","8","0.89947638"
"62593","Morval",2022,80,19,61,0,1,60,"23.75",87,"29.213483146067354","30.337078651685424","0.96296296296296","5","0","0","5","0","0","0","0","0","0","0","0","0","0","0","0.85135878"
"62594","Mory",2022,255,51,204,1,1,202,"20",302,"31.870103570182586","25.16157457958143","1.2666180118968038","20","5","10","5","3","0","0","0","0","0","1","1","0","1","3","1.12649244"
"62595","Moulle",2022,902,183,719,0,20,699,"20.288248337028826",1166,"35.07543633625437","23.474072523311364","1.494220327615588","70","5","35","25","10","0","1","1","0","1","0","1","3","3","29","1.6148298799999998"
"62596","Mouriez",2022,212,52,160,2,2,156,"24.528301886792452",238,"27.964583800749367","35.30270696171878","0.7921370967691894","15","5","5","10","3","0","0","1","0","0","0","1","1","0","3","0.9897820199999998"
"62597","Moyenneville",2022,207,41,166,1,2,163,"19.806763285024154",289,"33.476661398256255","30.97928031795109","1.08061456091535","10","0","5","5","1","0","0","0","0","0","0","0","0","1","5","1.236245753333333"
"62598","Muncq-Nieurlet",2022,507,104,403,4,3,396,"20.51282051282051",683,"40.11713030746706","19.03367496339678","2.1076923076923078","45","15","20","10","7","1","1","1","0","0","0","1","2","1","15","1.4149361599999999"
"62599","Nabringhen",2022,166,27,139,2,1,136,"16.265060240963855",233,"35.42600896860989","21.52466367713005","1.6458333333333346","10","0","5","5","1","0","0","0","0","0","0","1","0","0","3","0.8760499666666667"
"62600","Nédon",2022,132,15,117,3,0,114,"11.363636363636363",156,"27.564102564102566","29.48717948717949","0.9347826086956522","5","0","5","5","1","0","0","0","0","0","0","0","0","1","4","1.236245753333333"
"62601","Nédonchel",2022,157,40,117,0,1,116,"25.477707006369428",347,"36.71907970178649","33.785442825296094","1.0868313874605753","5","0","0","5","3","0","0","1","0","0","1","0","0","1","6","0.98983832"
"62602","Nempont-Saint-Firmin",2022,173,43,130,1,4,125,"24.85549132947977",200,"28.999999999999996","28.999999999999996","1","15","0","10","0","1","0","0","0","0","1","0","0","0","0","3","1.0467835133333332"
"62603","Nesles",2022,784,188,596,5,6,585,"23.97959183673469",1081,"35.90277728417438","24.61826604939201","1.4583796117948387","65","10","40","15","5","0","1","1","0","0","0","1","2","0","28","1.6745322266666667"
"62604","Neufchâtel-Hardelot",2022,3561,764,2797,26,17,2754,"21.45464757090705",3993,"28.56029346116426","37.84032934349412","0.7547580572544522","240","35","135","70","71","5","7","9","1","10","10","14","10","5","139","2.27185248"
"62605","Neulette",2022,30,5,25,2,0,23,"16.666666666666664",22,"27.27272727272727","31.818181818181817","0.8571428571428571","0","0","0","0","0","0","0","0","0","0","0","0","0","0","0","0.14445756"
"62606","Neuve-Chapelle",2022,1203,211,992,12,11,969,"17.539484621778886",1404,"32.54985754985755","22.15099715099715","1.4694533762057878","60","15","25","20","14","2","2","1","1","1","0","3","3","1","36","1.72859378"
"62607","Neuville-Au-Cornet",2022,54,4,50,0,1,49,"7.4074074074074066",62,"29.6875","31.25","0.95","0","0","0","0","0","0","0","0","0","0","0","0","0","0","0","0.46766817999999993"
"62608","Neuville-Bourjonval",2022,139,32,107,0,2,105,"23.021582733812952",170,"31.578947368421062","31.578947368421094","0.9999999999999989","15","0","5","10","2","0","1","1","0","0","0","0","0","0","4","1.2849254666666667"
"62609","Neuville-Saint-Vaast",2022,1283,259,1024,15,18,991,"20.187061574434917",1626,"30.77769745953524","29.852389374553884","1.030996114695264","60","10","30","20","24","0","0","2","2","3","1","10","2","4","45","2.2670868399999997"
"62610","Neuville-Sous-Montreuil",2022,465,115,350,3,4,343,"24.731182795698924",633,"35.33007107334392","24.419912826056493","1.4467730218777066","50","10","25","15","6","0","0","2","0","0","1","0","1","2","17","1.6808350933333331"
"62611","Neuville-Vitasse",2022,421,86,335,9,1,325,"20.42755344418052",484,"28.719008264462808","29.132231404958674","0.9858156028368794","10","0","5","5","4","0","0","1","0","0","0","2","0","1","10","1.2685454066666666"
"62612","Neuvireuil",2022,460,78,382,10,2,370,"16.956521739130434",575,"32.0432858756372","28.585876383819407","1.1209481719362224","15","0","10","5","10","1","1","0","1","0","0","5","2","0","15","1.5387105266666665"
"62613","Nielles-Lès-Bléquin",2022,616,120,496,8,7,481,"19.480519480519483",913,"35.98376093456053","26.76133318027565","1.344617650105797","65","10","35","20","11","1","0","2","1","0","0","3","2","2","19","1.4380726666666666"
"62614","Nielles-Lès-Ardres",2022,443,74,369,5,0,364,"16.70428893905192",586,"34.68220381961877","21.019792830578314","1.649978384618768","35","5","20","10","4","0","0","0","0","0","1","2","0","1","15","1.5924237666666665"
"62615","Nielles-Lès-Calais",2022,222,36,186,4,3,179,"16.216216216216218",281,"32.74021352313167","20.99644128113879","1.5593220338983051","15","5","5","10","4","1","0","0","0","3","0","0","0","0","4","1.00450598"
"62616","Noeux-Lès-Auxi",2022,171,36,135,3,0,132,"21.052631578947366",185,"35.86956521739127","33.69565217391301","1.064516129032258","10","0","5","0","0","0","0","0","0","0","0","0","0","0","3","1.17510304"
"62617","Noeux-Les-Mines",2022,8599,2557,6042,70,53,5919,"29.736015815792534",11384,"34.74077968535075","29.877616756646336","1.1627694393537127","1150","220","665","265","99","9","12","34","3","4","4","14","10","9","604","3.6334779266666666"
"62618","Nordausques",2022,832,144,688,15,5,668,"17.307692307692307",1293,"41.11467132359984","15.702484222808991","2.61835456990161","85","20","45","20","13","3","1","6","0","0","0","0","1","2","31","1.6745322266666667"
"62619","Noreuil",2022,123,22,101,1,1,99,"17.88617886178862",133,"33.33333333333338","29.078014184397155","1.146341463414636","5","0","5","0","0","0","0","0","0","0","0","0","0","0","1","0.3003569533333333"
"62620","Norrent-Fontes",2022,1164,247,917,8,3,906,"21.219931271477662",1372,"29.967338376374563","32.96471896606814","0.9090730731610697","85","15","45","25","13","1","3","3","1","0","0","1","1","3","41","2.0478145933333334"
"62621","Nortkerque",2022,1260,230,1030,22,6,1002,"18.253968253968253",1753,"36.506209669088875","21.961288136058084","1.6622981968507384","105","25","60","20","18","3","0","7","1","0","0","2","2","3","51","1.8577198066666665"
"62622","Nort-Leulinghem",2022,165,47,118,0,0,118,"28.484848484848484",268,"42.913385826771645","14.173228346456678","3.02777777777778","20","5","15","0","5","0","1","2","0","0","0","1","0","1","3","0.8636444266666665"
"62623","Nouvelle-Eglise",2022,486,110,376,8,3,365,"22.633744855967077",709,"40.59144462730544","10.565588091560805","3.8418537875546743","50","10","25","10","9","1","1","2","0","0","1","3","1","0","17","1.6232235866666664"
"62624","Noyelles-Godault",2022,3939,1109,2830,27,21,2782,"28.154353896928153",5949,"40.292486132123045","23.63422423936796","1.7048364153627311","625","90","380","155","98","5","8","40","3","0","4","24","7","7","551","6.581522940000001"
"62625","Noyelles-Lès-Humières",2022,50,13,37,0,0,37,"26",57,"35.714285714285744","23.214285714285733","1.5384615384615385","0","0","0","0","2","2","0","0","0","0","0","0","0","0","0","0"
"62626","Noyelles-Lès-Vermelles",2022,1664,332,1332,25,7,1300,"19.951923076923077",2278,"37.98233907434824","23.574821423558213","1.6111400545495826","175","35","105","40","12","1","1","7","0","0","0","0","2","1","64","1.9270373599999997"
"62627","Noyelles-Sous-Bellonne",2022,598,110,488,7,2,479,"18.394648829431436",848,"35.613207547169814","20.400943396226413","1.745664739884393","40","5","25","15","8","2","1","3","0","0","1","1","0","0","20","1.5730834999999999"
"62628","Noyelles-Sous-Lens",2022,4605,1319,3286,37,18,3231,"28.64277958740499",6757,"37.232995097176264","27.028142196405476","1.3775639785603893","650","130","400","120","74","7","7","29","5","1","0","15","5","5","286","3.617924986666667"
"62629","Noyellette",2022,120,18,102,1,0,101,"15",156,"28.571428571428587","34.16149068322984","0.8363636363636361","5","0","5","0","0","0","0","0","0","0","0","0","0","0","2","0.6348642066666667"
"62630","Noyelle-Vion",2022,224,41,183,4,3,176,"18.303571428571427",270,"31.595395131480185","27.138754479967364","1.1642168455005009","10","0","5","5","3","0","0","0","1","0","0","1","1","0","4","1.03737838"
"62631","Nuncq-Hautecôte",2022,339,60,279,4,1,274,"17.699115044247787",473,"37.84355179704017","23.25581395348837","1.6272727272727272","25","0","20","5","4","0","0","2","0","0","0","0","0","2","9","1.2431790866666668"
"62632","Oblinghem",2022,266,51,215,1,4,210,"19.172932330827066",384,"40.79595820462672","19.05794634217182","2.140627194145918","30","10","15","5","5","0","1","1","0","1","1","1","0","0","10","1.6745322266666667"
"62633","Oeuf-En-Ternois",2022,185,35,150,1,0,149,"18.91891891891892",253,"35.22512974132103","26.503795926316336","1.3290598010658934","20","5","10","5","3","1","1","1","0","0","0","0","0","0","5","1.24569174"
"62634","Offekerque",2022,943,218,725,10,4,711,"23.117709437963946",1288,"40.13975155279503","16.53726708074534","2.427230046948357","80","10","50","15","10","0","0","4","0","0","1","1","1","3","32","1.74053744"
"62635","Offin",2022,186,31,155,2,1,152,"16.666666666666664",203,"27.500000000000004","31.5","0.873015873015873","10","0","5","5","3","0","0","3","0","0","0","0","0","0","4","1.228442313333333"
"62636","Offrethun",2022,221,43,178,3,0,175,"19.457013574660635",273,"29.67032967032967","32.967032967032964","0.9","15","0","5","5","2","0","0","0","0","0","0","0","0","2","4","0.9370001933333333"
"62637","Oignies",2022,7091,2203,4888,54,32,4802,"31.067550416020307",10260,"37.40616694781218","25.370387953301194","1.4744026388821891","935","150","550","235","84","7","8","26","5","2","2","12","10","12","370","2.7727209600000005"
"62638","Oisy-Le-Verger",2022,961,223,738,9,1,728,"23.204994797086368",1200,"30.55195299444925","31.675025120735523","0.964543923106439","105","10","60","35","12","1","1","6","0","0","0","2","1","1","31","1.7075086066666667"
"62639","Oppy",2022,350,66,284,8,1,275,"18.857142857142858",379,"28.858618790473244","26.515676935425166","1.0883606275922715","15","0","10","5","6","0","0","2","0","2","0","1","0","1","6","1.0883910866666668"
"62640","Orville",2022,281,50,231,1,1,229,"17.793594306049823",350,"28.826289556084774","27.737507285619508","1.0392530683905306","20","5","10","0","5","1","0","2","0","0","0","0","0","2","7","1.3963262866666666"
"62641","Ostreville",2022,190,24,166,0,1,165,"12.631578947368421",215,"28.068211437938885","35.2250771187075","0.7968246980226562","10","0","5","0","2","1","0","0","0","0","1","0","0","0","4","1.2685454066666666"
"62642","Ourton",2022,542,97,445,10,2,433,"17.89667896678967",724,"34.806629834254146","28.314917127071826","1.2292682926829268","50","10","30","10","8","1","0","1","1","1","0","3","0","1","17","1.4972022666666664"
"62643","Outreau",2022,10468,3278,7190,107,40,7043,"31.314482231562856",13398,"35.292673635613376","27.5978523038831","1.2788195707043328","1150","190","665","295","110","10","12","39","5","1","2","14","18","9","481","2.635417186666667"
"62644","Ouve-Wirquin",2022,415,100,315,2,8,305,"24.096385542168676",496,"35.431867923611335","24.433261007385237","1.4501489552664149","30","5","20","5","4","0","1","2","0","0","0","1","0","0","13","1.5975804533333333"
"62645","Oye-Plage",2022,4325,1048,3277,39,24,3214,"24.23121387283237",5716,"34.51033936783697","26.51788878447676","1.3013984502431009","395","65","220","105","37","8","2","10","0","0","3","3","7","4","151","1.7344449533333333"
"62646","Palluel",2022,489,116,373,4,2,367,"23.721881390593047",562,"28.24056483011918","30.00279651159852","0.9412644191084624","45","5","20","15","2","0","0","0","0","0","0","1","1","0","14","1.4972022666666664"
"62647","Le Parcq",2022,588,136,452,8,3,441,"23.12925170068027",717,"31.572620213459135","30.520176791369654","1.0344835296755912","45","10","20","15","6","0","1","3","0","0","0","1","0","1","22","2.0286125066666663"
"62648","Parenty",2022,380,81,299,4,1,294,"21.31578947368421",551,"37.02359346642468","21.052631578947366","1.7586206896551724","30","5","15","10","5","1","0","3","0","0","0","0","0","1","9","1.1740325"
"62649","Pas-En-Artois",2022,554,125,429,9,5,415,"22.563176895306857",763,"31.60235680727903","31.42530361478571","1.005634096480456","60","10","35","15","7","0","0","5","0","0","1","0","0","1","18","1.6341701466666665"
"62650","Pelves",2022,606,116,490,8,2,480,"19.141914191419144",777,"35.036078486997255","25.395162157199614","1.379635942866559","40","10","15","15","6","0","0","1","0","1","0","1","1","2","21","1.6691341999999998"
"62651","Penin",2022,333,58,275,0,2,273,"17.417417417417415",468,"39.14399949904017","20.84412038958522","1.8779396188192474","25","5","10","10","3","0","0","0","0","0","0","1","0","2","12","1.5975804533333333"
"62652","Pernes",2022,1197,276,921,7,5,909,"23.05764411027569",1586,"33.59466796151192","30.361733825122695","1.1064805506500468","130","20","85","25","21","1","5","6","1","0","0","2","2","4","50","2.1580878133333328"
"62653","Pernes-Lès-Boulogne",2022,351,43,308,1,0,307,"12.250712250712251",419,"25.338068907292193","33.41338253798813","0.7583209774851438","20","0","10","10","8","1","0","1","0","1","0","2","2","1","8","1.39575354"
"62654","Peuplingues",2022,577,122,455,7,3,445,"21.143847487001732",789,"38.27629911280101","19.771863117870723","1.935897435897436","55","10","30","15","15","1","2","4","0","0","1","4","2","1","20","1.5730834999999999"
"62655","Pierremont",2022,246,40,206,2,1,203,"16.260162601626014",326,"36.73762487024239","23.21125334076239","1.5827505878678985","15","0","10","0","6","0","0","2","1","0","0","2","1","0","4","1.0706930133333332"
"62656","Pihem",2022,785,166,619,11,6,602,"21.146496815286625",928,"30.652654646232435","28.96384466281228","1.0583075210864006","50","10","20","15","12","1","1","5","0","0","2","2","1","0","21","1.5730834999999999"
"62657","Pihen-Lès-Guînes",2022,386,52,334,6,5,323,"13.471502590673575",530,"39.57995305228264","22.707295231348805","1.743050092449589","25","10","10","10","6","0","1","3","0","0","1","1","0","0","11","1.3973968266666665"
"62658","Pittefaux",2022,123,23,100,1,1,98,"18.69918699186992",115,"27.350427350427392","35.89743589743591","0.7619047619047628","0","0","0","0","1","0","0","0","0","0","1","0","0","0","1","0.5765538733333333"
"62659","Planques",2022,62,10,52,2,0,50,"16.129032258064516",104,"27.450980392156733","33.33333333333312","0.8235294117647072","5","0","5","0","2","0","0","0","1","0","0","0","0","1","0","0.9786902733333332"
"62660","Plouvain",2022,427,97,330,6,2,322,"22.716627634660423",454,"31.166719211116167","25.233271626747385","1.2351438082281532","25","0","10","10","4","0","0","2","1","0","0","1","0","0","11","1.59607988"
"62661","Bouin-Plumoison",2022,385,91,294,2,3,289,"23.636363636363637",511,"32.4853228962818","32.68101761252446","0.9940119760479041","35","5","20","10","3","0","0","2","0","0","0","0","1","0","19","2.3067575466666663"
"62662","Polincove",2022,676,105,571,5,10,556,"15.532544378698224",874,"36.98891968878601","20.59459172109754","1.796050156745461","50","10","20","20","5","1","2","0","0","0","1","1","0","0","22","1.6745322266666667"
"62663","Pommera",2022,226,49,177,3,1,173,"21.68141592920354",308,"35.62914114544494","20.42019002793365","1.7447996858357495","20","0","15","5","1","0","0","1","0","0","0","0","0","0","4","1.3613044933333331"
"62664","Pommier",2022,196,23,173,4,1,168,"11.73469387755102",241,"33.60655737704917","21.311475409836056","1.576923076923077","10","0","5","5","1","0","0","0","0","0","0","1","0","0","5","1.236245753333333"
"62665","Le Ponchel",2022,192,43,149,5,0,144,"22.395833333333336",212,"20.861314211517172","43.59532116724253","0.47852186090080545","10","0","5","0","0","0","0","0","0","0","0","0","0","0","3","0.9967025399999999"
"62666","Pont-À-Vendin",2022,2114,544,1570,15,9,1546,"25.733207190160833",3099,"41.98176459996324","18.24752730809475","2.300682382392698","270","55","165","50","24","4","2","6","2","1","1","5","2","1","110","2.337652826666667"
"62667","Le Portel",2022,7372,2422,4950,50,31,4869,"32.8540423223006",8824,"36.095231666223135","27.922903549008026","1.2926747249931119","975","165","555","255","80","5","8","24","3","1","5","14","9","11","399","3.161596746666667"
"62668","Prédefin",2022,131,18,113,2,0,111,"13.740458015267176",214,"33.92070484581501","25.991189427312793","1.3050847457627122","10","5","5","0","2","0","0","0","0","0","0","1","1","0","3","1.12813324"
"62669","Pressy",2022,245,49,196,3,2,191,"20",299,"30.100334448160538","33.11036789297659","0.9090909090909091","15","5","10","5","5","1","1","1","0","0","1","0","1","0","4","1.1133964666666667"
"62670","Preures",2022,457,94,363,5,2,356,"20.568927789934357",624,"33.41135397365585","29.139518043777645","1.1465994023463404","30","5","15","10","6","1","1","3","0","0","0","1","0","0","13","1.47037232"
"62671","Pronville",2022,230,36,194,3,0,191,"15.65217391304348",308,"34.41558441558442","25.324675324675322","1.358974358974359","20","0","10","5","4","0","0","2","0","0","0","1","0","1","5","1.3699941333333332"
"62672","Puisieux",2022,485,99,386,7,4,375,"20.412371134020617",666,"36.4420396848015","24.70862883285063","1.4748709825755715","40","5","20","15","3","0","0","0","0","0","0","3","0","0","18","1.6745322266666667"
"62673","Quéant",2022,520,124,396,6,2,388,"23.846153846153847",635,"36.38620219343455","18.803317990913047","1.935094764180378","40","5","20","10","6","0","3","2","0","0","0","1","0","0","16","1.5975804533333333"
"62674","Quelmes",2022,452,80,372,2,8,362,"17.699115044247787",536,"33.896040742702446","25.815196361155202","1.3130266478897175","20","5","10","5","9","1","0","3","0","0","1","1","3","0","9","1.2137746533333333"
"62675","Quercamps",2022,208,45,163,2,1,160,"21.634615384615387",286,"34.46707704292437","24.440638082298673","1.4102363828171667","15","5","10","0","2","1","0","0","0","0","0","1","0","0","2","0.6688071466666667"
"62676","Quernes",2022,353,62,291,8,3,280,"17.56373937677054",429,"29.573941286015803","27.785264955108037","1.0643749963801925","20","5","10","5","2","0","0","1","0","0","0","0","0","1","7","1.0448095066666665"
"62677","Le Quesnoy-En-Artois",2022,277,78,199,0,3,196,"28.158844765342963",325,"30.153846153846153","34.15384615384615","0.8828828828828829","30","5","15","5","3","0","1","0","0","0","0","2","0","0","5","1.37056688"
"62678","Quesques",2022,572,94,478,9,4,465,"16.433566433566433",722,"33.51800554016621","27.977839335180054","1.198019801980198","30","5","20","5","7","0","2","0","0","0","0","2","0","3","13","1.2386325466666668"
"62679","Questrecques",2022,261,35,226,4,3,219,"13.409961685823754",333,"29.957785896294176","23.436774020191926","1.2782384585218118","20","5","5","5","2","0","0","0","0","0","0","1","1","0","5","0.9522453933333334"
"62680","Quiéry-La-Motte",2022,550,92,458,5,4,449,"16.727272727272727",711,"29.162859987890787","32.941596544466854","0.8852898173446067","30","5","20","5","4","0","0","2","0","0","0","2","0","0","17","1.5747267866666665"
"62681","Quiestède",2022,545,91,454,19,7,428,"16.69724770642202",654,"32.273498257380076","23.47427846616035","1.374845165269056","30","5","10","10","3","0","0","0","0","0","0","2","0","1","14","1.3847309066666669"
"62682","Quilen",2022,42,5,37,2,1,34,"11.904761904761903",65,"40.90909090909084","24.242424242424224","1.6874999999999987","0","0","0","0","0","0","0","0","0","0","0","0","0","0","0","0.5765538733333333"
"62683","Quoeux-Haut-Maînil",2022,168,19,149,0,2,147,"11.30952380952381",215,"25.540026378332513","35.9360284602602","0.7107080963767577","10","0","0","5","2","1","1","0","0","0","0","0","0","0","2","0.8311498"
"62684","Racquinghem",2022,1858,416,1442,23,12,1407,"22.38966630785791",2197,"32.840672673890715","26.120801081723442","1.2572613133549384","160","25","90","45","17","4","4","4","0","0","0","2","2","1","58","1.7716636666666665"
"62685","Radinghem",2022,186,26,160,3,1,156,"13.978494623655912",261,"43.041014328569005","16.781780437686418","2.5647466005402437","15","0","10","5","3","0","0","2","0","0","0","1","0","0","3","1.0609883933333333"
"62686","Ramecourt",2022,265,55,210,2,1,207,"20.754716981132077",351,"33.23254256578684","29.142103657722885","1.1403618268642028","20","5","10","5","4","0","0","1","1","0","0","1","0","1","8","1.5319910266666665"
"62688","Rang-Du-Fliers",2022,3512,847,2665,46,22,2597,"24.117312072892936",4339,"29.124042939154553","33.402361120501986","0.8719156958421884","260","45","125","90","39","1","1","17","0","3","4","6","1","6","172","2.8054788800000003"
"62689","Ransart",2022,315,51,264,0,1,263,"16.19047619047619",400,"34.69756755304172","27.553285049346147","1.2592896814626868","15","5","10","5","0","0","0","0","0","0","0","0","0","0","7","1.3131975266666664"
"62690","Raye-Sur-Authie",2022,185,36,149,0,3,146,"19.45945945945946",228,"32.188841201716755","33.90557939914161","0.949367088607596","20","5","15","0","4","1","2","0","0","0","0","1","0","0","4","0.9522453933333334"
"62691","Saint-Augustin",2022,642,128,514,9,4,501,"19.937694704049843",861,"36.98435700352544","21.089160151232168","1.753714075776724","40","10","25","5","8","0","1","0","0","2","0","2","2","1","22","1.74053744"
"62692","Rebergues",2022,245,52,193,5,0,188,"21.224489795918366",397,"43.19118332594035","12.77671539645533","3.3804606258916103","20","5","15","5","2","1","0","0","0","0","1","0","0","0","8","1.33769448"
"62693","Rebreuve-Ranchicourt",2022,931,199,732,23,5,704,"21.374865735767994",1071,"28.77736800070887","30.960002462147422","0.9295014764902844","50","10","30","10","9","2","0","2","1","0","1","1","1","1","27","1.6821955399999997"
"62694","Rebreuve-Sur-Canche",2022,160,45,115,3,1,111,"28.125",188,"28.723404255319153","33.51063829787234","0.8571428571428571","10","5","5","0","1","0","0","1","0","0","0","0","0","0","3","0.8831197866666667"
"62695","Rebreuviette",2022,225,47,178,0,0,178,"20.88888888888889",253,"33.443827985312254","28.364173994526826","1.1790869704778146","20","5","10","5","2","0","0","0","0","0","0","0","1","1","5","1.33662394"
"62696","Reclinghem",2022,163,43,120,1,2,117,"26.380368098159508",234,"37.759336099585084","24.066390041493772","1.5689655172413803","20","0","10","5","5","0","1","0","0","0","0","2","2","0","4","1.0119477399999999"
"62697","Récourt",2022,214,30,184,3,0,181,"14.018691588785046",295,"36.11297858394244","20.27261668006701","1.781367405789822","15","0","10","5","7","0","0","3","0","0","0","1","0","3","5","1.34549718"
"62698","Recques-Sur-Course",2022,243,42,201,1,2,198,"17.28395061728395",268,"29.90356742535235","33.611826645501054","0.8896739751975055","10","0","10","0","2","0","0","0","1","0","0","1","0","0","4","0.8683830133333333"
"62699","Recques-Sur-Hem",2022,516,83,433,1,1,431,"16.08527131782946",671,"34.41486132566913","24.0197431391468","1.4327739112905253","45","5","20","15","7","0","2","2","0","0","0","0","2","1","16","1.5133811533333335"
"62700","Regnauville",2022,169,26,143,4,1,138,"15.384615384615385",210,"30.69767441860467","26.046511627906998","1.1785714285714282","15","0","10","5","4","0","2","1","0","0","0","1","0","0","2","0.7210114333333333"
"62701","Rely",2022,348,74,274,4,1,269,"21.26436781609195",459,"37.12046607314024","24.10633595125624","1.5398634677704224","25","5","15","5","3","1","0","0","0","0","0","0","0","2","9","1.3131975266666664"
"62702","Remilly-Wirquin",2022,284,52,232,6,3,223,"18.30985915492958",360,"32.77777777777778","26.666666666666668","1.2291666666666667","25","0","10","15","5","1","1","1","1","0","0","0","1","0","7","1.3973968266666665"
"62703","Rémy",2022,278,49,229,2,5,222,"17.62589928057554",386,"37.610415324071504","20.95647434842","1.7946919266459112","20","5","10","5","6","0","1","0","0","2","1","1","1","0","6","1.0197511799999999"
"62704","Renty",2022,512,122,390,2,3,385,"23.828125",589,"33.83722271317639","26.24345592005352","1.2893584905988011","35","5","20","10","2","0","0","1","0","0","0","1","0","0","15","1.5741540399999998"
"62705","Rety",2022,1500,357,1143,25,5,1113,"23.799999999999997",2050,"38.1638200718443","23.394598238746955","1.6313090604238734","135","25","75","35","12","2","3","2","0","0","0","1","0","4","52","1.6938724933333333"
"62706","Richebourg",2022,2176,427,1749,24,14,1711,"19.62316176470588",2653,"31.262626267780096","30.0516631161699","1.0402960444128835","110","15","65","30","24","1","3","5","2","0","0","6","3","4","74","2.1100212666666667"
"62708","Riencourt-Lès-Bapaume",2022,25,9,16,0,0,16,"36",32,"40","17.142857142857157","2.3333333333333317","0","0","0","0","0","0","0","0","0","0","0","0","0","0","0","1.13718382"
"62709","Riencourt-Lès-Cagnicourt",2022,209,42,167,1,1,165,"20.095693779904305",249,"31.4941961688345","25.71553365779456","1.2247148586507512","10","0","5","5","3","0","0","2","0","0","0","0","0","1","4","1.2754787399999998"
"62710","Rimboval",2022,151,6,145,1,1,143,"3.9735099337748347",184,"37.36263736263734","21.42857142857142","1.7435897435897434","15","5","10","5","1","1","0","0","0","0","0","0","0","0","2","0.5486125333333334"
"62711","Rinxent",2022,2300,623,1677,26,18,1633,"27.08695652173913",3007,"35.7611090391117","24.642154469455285","1.4512168196753539","210","35","120","55","18","5","0","6","0","0","1","1","0","5","77","1.6736849733333332"
"62712","Rivière",2022,925,173,752,8,5,739,"18.7027027027027",1124,"31.181227708097598","30.759930742402048","1.013696291101033","50","5","30","15","14","0","2","3","1","1","0","4","1","2","37","2.1419579200000003"
"62713","Robecq",2022,1063,229,834,12,7,815,"21.54280338664158",1320,"32.16652083419553","24.80369592632022","1.2968438626947651","55","10","25","20","7","3","1","2","0","0","0","0","0","1","33","1.6938724933333333"
"62714","Roclincourt",2022,648,85,563,5,9,549,"13.117283950617283",786,"28.1028514950279","31.43796113577283","0.8939145695122716","35","5","20","15","8","0","0","2","0","0","1","2","2","1","19","1.4743485999999997"
"62715","Rocquigny",2022,240,63,177,1,1,175,"26.25",273,"37.188420549304105","27.65331424780255","1.3448088072213351","15","0","10","5","2","0","0","0","0","0","0","1","0","1","5","1.3922401399999997"
"62716","Rodelinghem",2022,410,61,349,7,3,339,"14.878048780487804",555,"37.1858790036791","21.950033807061534","1.694114885222457","40","10","20","15","8","0","1","3","0","0","0","1","1","2","11","1.2959481"
"62717","Roëllecourt",2022,423,78,345,2,1,342,"18.439716312056735",520,"31.899906593995965","30.914275179594608","1.0318827275967297","25","5","15","5","4","0","0","3","1","0","0","0","0","0","13","1.46168268"
"62718","Roeux",2022,1091,230,861,12,6,843,"21.081576535288725",1393,"31.397864107974733","25.129848296519526","1.2494251353010883","65","15","40","10","15","1","0","7","0","1","1","3","1","1","36","1.74053744"
"62719","Rollancourt",2022,214,36,178,6,0,172,"16.822429906542055",273,"40.00477313769286","30.74716955908191","1.3010879931833104","25","5","10","5","3","0","0","0","0","0","1","2","0","0","5","1.4743485999999997"
"62720","Rombly",2022,41,7,34,0,0,34,"17.073170731707318",50,"41.509433962264","26.41509433962257","1.57142857142857","5","0","0","0","1","0","1","0","0","0","0","0","0","0","0","0.15314719999999998"
"62721","Roquetoire",2022,1623,279,1344,29,13,1302,"17.190388170055453",1967,"33.65508800469477","24.503209189582385","1.373497150691728","100","10","65","25","18","3","3","3","2","0","0","2","2","3","50","1.6786712466666667"
"62722","Rougefay",2022,79,17,62,2,0,60,"21.518987341772153",89,"19.101123595505616","42.69662921348314","0.4473684210526316","5","0","5","0","0","0","0","0","0","0","0","0","0","0","0","0.6952520266666667"
"62723","Roussent",2022,163,27,136,5,1,130,"16.56441717791411",247,"37.613473010776396","22.0042228035574","1.7093752115932703","15","0","15","0","1","0","1","0","0","0","0","0","0","0","5","1.4135757133333333"
"62724","Rouvroy",2022,6531,1787,4744,42,29,4673,"27.361812892359517",8675,"37.04035677360154","24.615470228795125","1.504759260307439","870","150","540","180","67","5","9","22","4","0","0","10","6","11","328","2.7351857933333332"
"62725","Royon",2022,108,17,91,0,4,87,"15.74074074074074",127,"30.57851239669409","34.710743801652754","0.8809523809523809","10","0","5","0","0","0","0","0","0","0","0","0","0","0","1","0.7522666266666668"
"62726","Ruisseauville",2022,158,25,133,1,1,131,"15.822784810126583",208,"39.54545454545452","20.90909090909094","1.891304347826083","10","0","10","0","0","0","0","0","0","0","0","0","0","0","4","1.4135757133333333"
"62727","Ruitz",2022,1299,276,1023,12,8,1003,"21.247113163972287",1493,"30.480787376458","31.005500483296593","0.9830767735189029","80","15","45","20","14","4","1","3","0","0","0","5","1","0","42","1.9322770333333332"
"62728","Rumaucourt",2022,560,140,420,9,1,410,"25",696,"34.50564610962927","25.647348602011622","1.3453884315715525","45","5","25","15","8","0","3","2","0","0","1","1","0","1","17","1.6148298799999998"
"62729","Rumilly",2022,184,46,138,2,0,136,"25",239,"33.47280334728033","28.03347280334728","1.1940298507462686","25","5","10","5","5","2","0","0","0","0","0","3","0","0","5","1.37056688"
"62730","Ruminghem",2022,1080,242,838,8,3,827,"22.407407407407405",1607,"37.90722475488239","20.901897731154683","1.8135781373755808","105","20","60","25","22","2","1","3","1","2","2","4","3","4","36","1.539309573333333"
"62731","Ruyaulcourt",2022,239,66,173,0,2,171,"27.615062761506277",284,"31.417640017870813","29.28803997377638","1.0727122759324696","20","5","10","5","3","0","0","1","0","0","1","0","1","0","5","1.3973968266666665"
"62732","Sachin",2022,249,24,225,3,1,221,"9.63855421686747",320,"35.83276347886672","27.755422686938836","1.2910184753096527","10","0","5","0","3","0","2","0","0","0","0","0","0","1","4","1.3965842"
"62733","Sailly-Au-Bois",2022,216,47,169,0,2,167,"21.75925925925926",287,"36.58536585365854","28.57142857142857","1.2804878048780488","20","0","10","5","0","0","0","0","0","0","0","0","0","0","4","1.18347674"
"62734","Sailly-En-Ostrevent",2022,568,141,427,10,1,416,"24.823943661971832",667,"33.22497259706257","25.955314272222875","1.2800836178901371","35","10","25","5","4","0","0","0","0","0","0","1","2","1","15","1.3728998733333333"
"62735","Sailly-Labourse",2022,1711,417,1294,14,30,1250,"24.371712448860315",2535,"39.35085182592745","19.99863968450849","1.9676764243324876","185","30","115","40","27","2","3","7","0","0","1","6","3","5","84","2.3931797533333334"
"62736","Sailly-Sur-La-Lys",2022,3190,678,2512,47,22,2443,"21.253918495297803",3932,"30.948470402011903","30.195995543744043","1.0249196903336992","200","35","110","55","45","3","4","9","1","1","2","12","5","8","102","2.0787990733333332"
"62737","Sains-En-Gohelle",2022,4723,1362,3361,71,0,3290,"28.837603218293456",5972,"36.064027639392","25.436976935957595","1.4177796257074893","515","90","295","130","47","6","10","12","4","0","1","5","4","5","176","1.97310742"
"62738","Sains-Lès-Fressin",2022,107,18,89,0,2,87,"16.822429906542055",152,"33.55263157894737","29.605263157894733","1.1333333333333333","15","0","10","0","1","0","0","1","0","0","0","0","0","0","2","0.9467731866666665"
"62739","Sains-Lès-Marquion",2022,270,55,215,5,1,209,"20.37037037037037",318,"32.63489644332795","25.39007251279487","1.2853408129056025","25","5","15","10","5","0","1","2","0","2","0","0","0","0","4","1.2843527199999998"
"62740","Sains-Lès-Pernes",2022,257,43,214,5,0,209,"16.731517509727624",303,"38.262076521206566","20.201718736469278","1.8940010511152061","10","5","5","5","0","0","0","0","0","0","0","0","0","0","5","1.4617587533333334"
"62741","Saint-Amand",2022,110,15,95,1,0,94,"13.636363636363635",119,"21.6","40","0.54","5","0","5","0","0","0","0","0","0","0","0","0","0","0","0","1.0457129733333332"
"62742","Saint-Aubin",2022,246,23,223,3,0,220,"9.34959349593496",278,"27.480280541512155","36.689626217945445","0.748993199829088","10","0","5","5","3","0","0","0","0","0","0","2","1","0","5","1.228442313333333"
"62743","Sainte-Austreberthe",2022,313,49,264,5,3,256,"15.654952076677317",NULL,NULL,NULL,NULL,NULL,NULL,NULL,NULL,"5","0","0","0","0","0","0","2","2","1",NULL,NULL
"62744","Sainte-Catherine",2022,2634,537,2097,26,16,2055,"20.387243735763096",3533,"30.05138295064933","30.157016641985003","0.9964972101653913","155","10","95","45","47","5","2","12","0","5","1","11","4","7","92","1.7750307399999996"
"62745","Saint-Denoeux",2022,122,16,106,0,0,106,"13.114754098360656",171,"31.57894736842105","28.654970760233915","1.1020408163265305","15","0","10","5","5","1","1","2","0","0","0","0","0","1","4","1.1687399666666667"
"62746","Saint-Etienne-Au-Mont",2022,3945,1104,2841,35,29,2777,"27.984790874524716",5051,"35.51908087659935","25.710089564885536","1.3815230315304226","415","65","250","105","30","3","0","12","2","1","0","4","2","6","138","1.8161451799999997"
"62747","Saint-Floris",2022,466,80,386,11,1,374,"17.167381974248926",629,"38.42772401812326","16.972624452991735","2.264100294244693","25","5","10","10","2","0","0","1","1","0","0","0","0","0","14","1.4302692266666666"
"62748","Saint-Folquin",2022,1815,404,1411,21,4,1386,"22.258953168044076",2339,"33.493131351494696","26.578893780466363","1.2601401558747274","145","25","75","40","20","2","3","5","2","0","2","2","1","3","58","1.6125947533333331"
"62749","Saint-Georges",2022,243,35,208,7,0,201,"14.40329218106996",325,"30.54069679251215","28.627329222929287","1.0668370966317857","15","0","10","5","0","0","0","0","0","0","0","0","0","0","5","1.4020564066666665"
"62750","Saint-Hilaire-Cottes",2022,650,146,504,6,1,497,"22.46153846153846",823,"36.67806626141507","26.14646729969308","1.4027924247282773","45","10","25","10","12","2","0","2","1","1","0","3","1","2","21","1.6745322266666667"
"62751","Saint-Inglevert",2022,575,97,478,3,2,473,"16.869565217391305",814,"37.565082602052264","19.21608515540863","1.954876984476677","50","5","25","15","6","1","0","2","0","0","0","1","1","1","21","1.6994449666666667"
"62752","Saint-Josse",2022,950,188,762,17,3,742,"19.789473684210527",1055,"27.014218009478675","33.74407582938389","0.800561797752809","55","10","30","20","19","2","1","4","1","0","2","4","0","5","24","1.4961317266666667"
"62753","Saint-Laurent-Blangy",2022,4897,1211,3686,63,26,3597,"24.729426179293444",6492,"34.36537276648182","25.600739371534196","1.3423586040914561","555","85","330","135","66","3","3","14","2","1","4","21","7","11","310","3.3861787733333326"
"62754","Saint-Léger",2022,351,51,300,4,2,294,"14.529914529914532",527,"38.25218520893632","19.121547619315894","2.000475378378649","35","5","20","5","8","0","1","1","0","1","2","0","1","2","13","1.5580507933333332"
"62755","Saint-Léonard",2022,2824,769,2055,46,12,1997,"27.230878186968837",3346,"28.73628603929011","33.93770336755452","0.8467363194282285","180","30","95","55","38","2","3","16","1","1","6","4","3","2","87","1.74327892"
"62756","Sainte-Marie-Kerque",2022,1170,228,942,12,5,925,"19.48717948717949",1715,"38.71720116618076","18.950437317784257","2.043076923076923","110","25","55","30","15","1","1","6","0","1","0","2","1","3","46","1.6938724933333333"
"62757","Saint-Martin-Lez-Tatinghem",2022,4998,1259,3739,48,35,3656,"25.19007603041217",5863,"31.40703966256739","30.214445684889927","1.0394709864981528","380","70","195","110","48","2","3","18","2","2","3","8","5","5","163","1.9392761533333334"
"62758","Saint-Martin-Boulogne",2022,8847,2366,6481,78,58,6345,"26.743528879846274",11036,"32.31260538106008","30.644557876109662","1.054432095633229","945","160","525","260","109","9","7","33","4","2","9","18","17","10","408","2.70010304"
"62759","Saint-Martin-Choquel",2022,357,48,309,1,6,302,"13.445378151260504",444,"33.33333333333333","22.972972972972975","1.4509803921568627","30","5","15","10","5","0","0","2","0","0","0","1","2","0","9","1.3475880199999999"
"62760","Saint-Martin-D'Hardinghem",2022,224,48,176,5,2,169,"21.428571428571427",267,"29.454167051967378","32.92595635169361","0.8945576777590654","15","5","10","5","1","0","0","0","0","0","0","1","0","0","5","1.4743485999999997"
"62761","Saint-Martin-Sur-Cojeul",2022,185,30,155,3,0,152,"16.216216216216218",214,"31.775700934579437","24.299065420560748","1.3076923076923077","5","0","5","0","2","1","0","0","0","0","0","0","1","0","2","0.84532446"
"62762","Saint-Michel-Sous-Bois",2022,116,14,102,1,1,100,"12.068965517241379",129,"37.31343283582093","18.656716417910456","2.000000000000001","5","5","0","0","1","1","0","0","0","0","0","0","0","0","1","0.5431983866666668"
"62763","Saint-Michel-Sur-Ternoise",2022,672,173,499,7,2,490,"25.744047619047617",838,"29.631421490278324","34.93933967225008","0.8480818976041649","45","5","35","10","4","0","0","2","0","1","0","0","0","1","21","1.6808350933333331"
"62764","Saint-Nicolas",2022,3399,930,2469,30,29,2410,"27.360988526037072",4548,"33.42622260168972","28.412039268366705","1.1764809377447851","395","65","225","105","50","3","4","15","0","2","1","12","7","6","144","2.1805823133333333"
"62765","Saint-Omer",2022,8721,2670,6051,62,39,5950,"30.61575507395941",14358,"42.45573143724683","22.166380970977112","1.9153208407288036","1725","340","1005","380","219","10","16","86","10","10","14","36","21","16","1417","6.644575033333333"
"62766","Saint-Omer-Capelle",2022,762,138,624,20,8,596,"18.11023622047244",1100,"39.736759671547","17.84680391453635","2.226547669926553","55","10","35","10","4","2","0","2","0","0","0","0","0","0","27","1.5747267866666665"
"62767","Saint-Pol-Sur-Ternoise",2022,3381,1067,2314,32,11,2271,"31.558710440698018",4759,"32.55023545791341","32.7984491895435","0.9924321503679746","400","80","240","80","43","5","2","14","2","3","2","6","2","7","279","4.02504096"
"62768","Saint-Rémy-Au-Bois",2022,103,28,75,0,0,75,"27.184466019417474",106,"34.285714285714334","31.428571428571406","1.0909090909090935","5","0","5","0","0","0","0","0","0","0","0","0","0","0","0","0.86660398"
"62769","Saint-Tricat",2022,639,122,517,5,1,511,"19.092331768388107",775,"32.25806451612903","24.258064516129032","1.3297872340425532","35","5","20","10","6","0","0","2","0","1","0","0","0","3","17","1.3973968266666665"
"62770","Saint-Venant",2022,2253,514,1739,28,15,1696,"22.814025743453172",3002,"30.41305796135909","32.61159227181879","0.9325842696629213","145","25","90","30","12","1","2","1","1","1","1","3","1","1","78","1.72542006"
"62771","Sallaumines",2022,6424,1988,4436,46,40,4350,"30.94645080946451",9633,"39.68907250688564","24.238941895286512","1.63740944956857","1055","170","650","235","100","4","11","48","3","2","3","12","10","7","473","3.8545493133333335"
"62772","Salperwick",2022,426,72,354,6,2,346,"16.901408450704224",518,"33.397683397683394","24.517374517374517","1.3622047244094488","35","5","15","15","10","3","1","1","0","1","0","2","1","1","13","1.5133811533333335"
"62773","Samer",2022,3179,727,2452,24,11,2417,"22.868826675055047",4642,"38.34554071520896","21.95174493752693","1.746810598626104","365","60","225","85","33","2","1","9","1","1","1","5","7","6","132","1.8933730666666664"
"62774","Sangatte",2022,3789,925,2864,42,11,2811,"24.41277381894959",4755,"31.942542527967404","28.115844121143706","1.1361046956419116","340","50","200","90","35","4","2","5","0","3","3","5","11","2","180","2.54342632"
"62775","Sanghen",2022,245,53,192,2,2,188,"21.63265306122449",327,"36.668419849044064","19.341989050788428","1.8957936411172445","15","0","10","5","10","1","0","4","0","0","2","1","1","1","3","0.9223325333333333"
"62776","Sapignies",2022,135,29,106,1,0,105,"21.48148148148148",194,"39.48717948717949","18.974358974359","2.0810810810810785","10","0","5","0","2","0","1","1","0","0","0","0","0","0","4","1.3053940866666665"
"62777","Le Sars",2022,132,38,94,0,1,93,"28.78787878787879",156,"33.125","25","1.325","10","5","5","0","1","0","0","0","1","0","0","0","0","0","3","0.9602492666666667"
"62778","Sars-Le-Bois",2022,65,5,60,2,0,58,"7.6923076923076925",79,"30.769230769230816","30.76923076923077","1.0000000000000013","5","0","5","0","0","0","0","0","0","0","0","0","0","0","0","0.2670014666666667"
"62779","Sarton",2022,152,40,112,1,1,110,"26.31578947368421",187,"32.76836158192103","25.42372881355937","1.2888888888888912","10","0","5","5","1","0","0","0","0","0","0","1","0","0","3","1.2972234999999999"
"62780","Sauchy-Cauchy",2022,289,64,225,4,0,221,"22.145328719723185",381,"32.34416627091234","28.53902863206387","1.1333310144471194","30","5","20","5","2","0","0","0","0","0","0","1","1","0","10","1.6745322266666667"
"62781","Sauchy-Lestrée",2022,343,93,250,4,0,246,"27.113702623906704",445,"32.66133085123419","22.393313069652848","1.4585305331838743","40","5","20","15","4","1","1","1","0","0","0","1","0","0","12","1.5473240933333334"
"62782","Saudemont",2022,383,105,278,4,1,273,"27.415143603133156",421,"33.56669683226644","28.9876349126217","1.1579660408117993","25","5","15","5","2","0","0","2","0","0","0","0","0","0","8","1.4135757133333333"
"62783","Saulchoy",2022,255,49,206,1,0,205,"19.215686274509807",322,"33.337622971361675","24.678478530447016","1.35087837486543","30","5","15","10","1","0","0","0","0","0","0","1","0","0","5","1.4302692266666666"
"62784","Saulty",2022,544,105,439,8,5,426,"19.301470588235293",761,"36.46533328485979","23.613555287171685","1.5442542574124773","40","5","25","10","8","2","1","1","0","1","0","1","1","1","18","1.6148298799999998"
"62785","Savy-Berlette",2022,776,137,639,10,2,627,"17.65463917525773",912,"34.64424860725438","25.251601362698466","1.3719624395160415","40","5","25","10","6","1","0","1","0","0","0","2","1","1","22","1.6745322266666667"
"62786","Selles",2022,225,49,176,3,1,172,"21.777777777777775",304,"33.223684210526315","30.263157894736842","1.0978260869565217","10","5","5","5","1","0","0","0","0","0","0","0","1","0","3","0.7205056200000001"
"62787","Sempy",2022,251,55,196,4,0,192,"21.91235059760956",326,"39.13827480628543","23.702801459577667","1.6512088190516696","15","0","10","5","0","0","0","0","0","0","0","0","0","0","4","1.0618190333333333"
"62788","Seninghem",2022,547,136,411,7,5,399,"24.862888482632542",686,"33.88650972237148","21.26048751845439","1.5938726566339334","45","10","25","5","2","0","0","0","0","0","0","2","0","0","15","1.4380726666666666"
"62789","Senlecques",2022,200,26,174,2,1,171,"13",255,"40.78431372549019","21.96078431372549","1.8571428571428572","15","5","10","0","3","0","2","0","0","0","0","0","1","0","3","1.0667876066666664"
"62790","Senlis",2022,144,30,114,1,2,111,"20.833333333333336",161,"22.981366459627328","32.298136645962735","0.7115384615384616","5","0","0","5","0","0","0","0","0","0","0","0","0","0","4","1.5363775333333334"
"62791","Séricourt",2022,44,6,38,0,0,38,"13.636363636363635",46,"33.33333333333337","31.372549019607774","1.0625000000000036","5","0","5","0","0","0","0","0","0","0","0","0","0","0","0","0.15314719999999998"
"62792","Serques",2022,988,211,777,13,9,755,"21.356275303643724",1178,"29.95579834088744","25.533567470877678","1.173192832339372","80","10","40","30","14","1","2","4","0","0","0","5","1","1","27","1.5144516933333334"
"62793","Servins",2022,836,160,676,14,3,659,"19.138755980861244",1146,"34.2194400551288","21.22956947264914","1.6118763076761873","50","5","30","15","7","0","1","0","1","0","2","2","0","1","30","1.6808350933333331"
"62794","Setques",2022,451,60,391,5,2,384,"13.303769401330376",594,"35.57983356128973","25.056855365800402","1.4199640394561215","25","5","15","5","3","0","0","0","0","0","1","1","1","0","49","5.3864159466666655"
"62795","Sibiville",2022,81,7,74,3,3,68,"8.641975308641975",115,"35.59322033898304","23.72881355932201","1.500000000000001","5","0","0","0","0","0","0","0","0","0","0","0","0","0","1","0.7990981933333333"
"62796","Simencourt",2022,459,78,381,6,3,372,"16.99346405228758",567,"28.87351148147827","27.04596441745083","1.067571894860893","20","5","10","5","8","0","1","2","0","1","0","1","2","1","12","1.3053940866666665"
"62797","Siracourt",2022,233,49,184,5,2,177,"21.030042918454935",282,"35.091278114218795","22.591607414055563","1.5532882397906074","15","0","10","0","2","0","0","0","1","0","0","0","1","0","5","1.2685454066666666"
"62798","Sombrin",2022,179,35,144,4,0,140,"19.553072625698324",206,"27.669902912621357","31.06796116504854","0.890625","5","0","0","5","1","0","0","0","0","0","0","1","0","0","3","0.7838529933333334"
"62799","Sorrus",2022,692,135,557,11,1,545,"19.508670520231213",943,"38.6822352856034","19.55341901749365","1.9782849869373726","40","5","25","10","10","0","1","1","1","1","0","2","3","1","19","1.4436212"
"62800","Souastre",2022,266,43,223,6,0,217,"16.165413533834585",376,"35.32973229278428","24.117316512092813","1.464911416453376","25","5","15","5","2","1","0","1","0","0","0","0","0","0","9","1.4302692266666666"
"62801","Souchez",2022,2201,538,1663,22,7,1634,"24.443434802362564",2664,"31.554766802709832","28.524384649534735","1.1062383006823084","120","20","60","35","21","2","1","8","0","2","0","2","3","3","80","2.5794216666666663"
"62802","Le Souich",2022,130,33,97,1,0,96,"25.384615384615383",194,"42.16216216216226","19.45945945945951","2.166666666666666","10","0","5","0","2","0","0","0","0","1","0","1","0","0","4","1.2757372266666667"
"62803","Surques",2022,440,75,365,6,4,355,"17.045454545454543",631,"42.08380453763724","17.1713160790017","2.4508199804847983","35","5","20","10","6","0","3","1","0","0","0","1","0","1","9","0.8925657733333333"
"62804","Sus-Saint-Léger",2022,248,53,195,3,0,192,"21.370967741935484",362,"38.889911827437686","20.81808438984757","1.8680831098178885","20","5","10","5","0","0","0","0","0","0","0","0","0","0","8","1.3769274666666669"
"62805","Tangry",2022,198,29,169,5,0,164,"14.646464646464647",264,"29.166666666666668","27.65151515151515","1.0547945205479452","15","5","5","5","4","1","0","0","0","0","0","0","1","2","5","1.24569174"
"62806","Tardinghen",2022,140,18,122,0,0,122,"12.857142857142856",150,"25.333333333333336","44.666666666666664","0.5671641791044776","5","0","0","5","1","0","0","1","0","0","0","0","0","0","2","1.2057601466666668"
"62808","Teneur",2022,213,30,183,1,1,181,"14.084507042253522",262,"31.679389312977097","26.33587786259542","1.2028985507246377","20","0","10","10","1","0","1","0","0","0","0","0","0","0","3","0.9611829533333333"
"62809","Ternas",2022,108,30,78,2,0,76,"27.77777777777778",130,"36.800000000000004","20.8","1.7692307692307694","5","0","5","0","1","0","0","0","0","0","0","1","0","0","2","0.7990981933333333"
"62810","Thélus",2022,1085,193,892,10,7,875,"17.788018433179722",1303,"32.8472755180353","26.093630084420568","1.2588235294117647","50","5","25","15","16","2","2","3","0","1","1","5","2","0","59","3.014824406666667"
"62811","Thérouanne",2022,931,247,684,13,7,664,"26.53061224489796",1128,"33.86900784603715","29.174692767759357","1.1609036679716271","70","15","40","15","13","2","1","4","0","1","1","3","0","1","31","1.7419970466666668"
"62812","Thiembronne",2022,597,126,471,5,4,462,"21.105527638190953",824,"37.992363306705506","22.92025989590833","1.6575886782805553","45","10","25","10","7","3","1","1","0","0","0","1","1","0","19","1.5336343133333332"
"62813","La Thieuloye",2022,377,93,284,5,3,276,"24.6684350132626",470,"32.97872340425532","23.19148936170213","1.4220183486238531","20","5","10","10","4","0","0","1","0","0","0","1","1","1","11","1.4135757133333333"
"62814","Thièvres",2022,87,18,69,1,0,68,"20.689655172413794",92,"26.73267326732674","43.56435643564361","0.6136363636363631","5","0","0","0","0","0","0","0","0","0","0","0","0","0","0","0.5938032999999999"
"62815","Tigny-Noyelle",2022,153,26,127,1,1,125,"16.99346405228758",168,"23.899371069182358","42.13836477987412","0.5671641791044782","10","0","5","5","1","0","0","0","0","0","0","0","1","0","1","0.5538823399999999"
"62816","Tilloy-Lès-Hermaville",2022,176,31,145,4,1,140,"17.613636363636363",216,"34.41860465116271","23.255813953488317","1.4799999999999998","10","0","5","5","0","0","0","0","0","0","0","0","0","0","3","0.9622534933333334"
"62817","Tilloy-Lès-Mofflaines",2022,1169,234,935,19,10,906,"20.01710863986313",1564,"38.42710997442455","22.058823529411764","1.7420289855072464","95","25","55","20","21","0","1","4","0","2","2","10","1","1","68","2.9559360866666666"
"62818","Tilly-Capelle",2022,115,21,94,0,1,93,"18.26086956521739",156,"31.16883116883109","32.46753246753232","0.9600000000000019","10","0","5","5","0","0","0","0","0","0","0","0","0","0","4","1.1929227266666667"
"62819","Tilques",2022,910,158,752,8,4,740,"17.36263736263736",1063,"31.56061786675804","27.64574878215661","1.1416083577786182","60","10","30","20","7","0","1","0","0","0","1","1","1","3","22","1.4135757133333333"
"62820","Tincques",2022,664,122,542,0,12,530,"18.373493975903614",808,"32.6161835070439","26.115449028826486","1.2489229448454757","55","15","30","15","11","3","1","2","1","1","0","2","0","1","21","1.6745322266666667"
"62821","Tingry",2022,210,34,176,5,2,169,"16.19047619047619",293,"34.36835189334075","28.18362846691487","1.2194438318574277","10","5","5","5","1","0","0","0","0","1","0","0","0","0","5","1.3460699266666665"
"62822","Tollent",2022,79,21,58,2,0,56,"26.582278481012654",86,"29.33333333333327","39.999999999999936","0.7333333333333331","0","0","0","0","0","0","0","0","0","0","0","0","0","0","0","0.7193942266666667"
"62823","Torcy",2022,143,27,116,1,0,115,"18.88111888111888",172,"31.791907514450873","34.68208092485551","0.9166666666666662","5","0","5","0","3","0","0","3","0","0","0","0","0","0","4","1.3471404666666664"
"62824","Tortefontaine",2022,188,35,153,0,0,153,"18.617021276595743",232,"28.01724137931034","35.3448275862069","0.7926829268292683","15","0","10","5","1","0","0","1","0","0","0","0","0","0","5","1.1687399666666667"
"62825","Tortequesne",2022,644,136,508,8,1,499,"21.11801242236025",884,"35.32961621078405","23.424633432934186","1.5082249338899747","45","5","25","10","8","1","2","1","0","0","0","1","3","0","22","1.6635856666666666"
"62826","Le Touquet-Paris-Plage",2022,5342,1151,4191,21,20,4150,"21.54623736428304",4223,"15.913520142770954","59.907147866108815","0.2656364175162758","200","20","100","80","124","2","6","37","3","12","11","34","10","9","665","10.152361793333336"
"62827","Tournehem-Sur-La-Hem",2022,1114,292,822,8,1,813,"26.21184919210054",1353,"37.53682996317909","24.4346421288295","1.5362136169324458","110","30","55","25","12","0","0","3","0","2","1","3","3","0","31","1.5975804533333333"
"62828","Tramecourt",2022,58,11,47,2,0,45,"18.96551724137931",55,"25.454545454545453","32.72727272727273","0.7777777777777778","5","0","5","0","1","0","0","0","0","1","0","0","0","0","0","0.9370001933333333"
"62829","Le Transloy",2022,331,69,262,3,0,259,"20.84592145015106",425,"33.269142596439075","22.055467645269985","1.508430613738266","25","5","10","10","4","0","1","1","0","0","0","2","0","0","8","1.4743485999999997"
"62830","Trescault",2022,158,49,109,0,1,108,"31.0126582278481",194,"35.7843137254902","24.019607843137287","1.4897959183673453","15","0","10","0","3","1","1","0","0","0","1","0","0","0","4","1.2701886933333333"
"62831","Troisvaux",2022,236,24,212,6,1,205,"10.16949152542373",288,"30.555555555555557","28.125","1.0864197530864197","20","0","10","10","2","0","0","2","0","0","0","0","0","0","4","1.2579728133333332"
"62832","Tubersent",2022,446,76,370,10,4,356,"17.040358744394617",576,"33.64801712188659","26.895514308149803","1.251064275491124","25","5","15","10","4","1","0","1","0","0","0","1","1","0","13","1.39575354"
"62833","Vacquerie-Le-Boucq",2022,58,10,48,0,0,48,"17.24137931034483",70,"20.3125","48.4375","0.41935483870967744","0","0","0","0","0","0","0","0","0","0","0","0","0","0","0","0.49874124000000003"
"62834","Vacqueriette-Erquières",2022,189,44,145,1,0,144,"23.28042328042328",249,"32.34875313114258","29.495668466575598","1.0967289372607398","20","5","10","10","1","0","0","0","0","0","0","0","0","1","5","1.3973968266666665"
"62835","Valhuon",2022,439,88,351,8,2,341,"20.045558086560362",544,"35.05118578464085","24.94123002614445","1.4053511293508265","35","5","25","5","5","1","0","3","0","0","0","1","0","0","12","1.4040711733333333"
"62836","Vaudricourt",2022,878,164,714,1,6,707,"18.678815489749432",1129,"30.646589902568643","28.786536758193094","1.0646153846153845","35","5","20","10","6","0","0","1","0","1","1","2","1","0","28","1.5747267866666665"
"62837","Vaudringhem",2022,413,85,328,4,2,322,"20.581113801452787",488,"38.80501890003295","20.909002555657015","1.855900050551866","35","5","15","10","3","0","0","0","0","0","0","1","1","1","7","0.81971386"
"62838","Vaulx",2022,67,18,49,3,0,46,"26.865671641791046",94,"29.999999999999975","36.666666666666686","0.8181818181818171","5","0","0","0","0","0","0","0","0","0","0","0","0","0","0","0.9522453933333334"
"62839","Vaulx-Vraucourt",2022,781,179,602,9,3,590,"22.91933418693982",1096,"30.83941605839416","34.03284671532847","0.9061662198391421","50","5","35","15","9","1","0","2","0","0","1","2","0","3","27","1.5940670533333332"
"62840","Vélu",2022,111,27,84,0,1,83,"24.324324324324326",130,"34.108527131782814","34.108527131782814","1","5","0","0","5","2","0","0","2","0","0","0","0","0","0","2","1.0208853"
"62841","Vendin-Lès-Béthune",2022,2031,518,1513,15,10,1488,"25.50467749876908",2384,"29.795158613626764","31.229676171182817","0.9540655641226355","155","30","85","45","24","2","1","8","0","1","2","3","4","3","59","1.6273059866666666"
"62842","Vendin-Le-Vieil",2022,6106,1770,4336,50,41,4245,"28.987880773010154",8596,"38.24371913344095","20.37788704065114","1.8767264268935184","605","115","360","135","63","8","8","28","4","2","1","4","2","6","346","2.8605799066666666"
"62843","Verchin",2022,180,31,149,0,1,148,"17.22222222222222",233,"31.759656652360512","36.9098712446352","0.8604651162790697","10","5","5","0","2","2","0","0","0","0","0","0","0","0","5","1.33662394"
"62844","Verchocq",2022,522,114,408,6,3,399,"21.839080459770116",643,"37.51447182724961","26.134583874737654","1.4354340595991675","40","15","15","10","5","0","0","1","0","2","1","1","0","0","14","1.4728789466666667"
"62845","Verlincthun",2022,383,71,312,11,5,296,"18.5378590078329",514,"39.98394159453292","18.788922104961827","2.1280593623821487","20","0","10","10","3","0","0","1","0","1","1","0","0","0","9","1.0830985533333333"
"62846","Vermelles",2022,3514,968,2546,40,16,2490,"27.54695503699488",4729,"38.82427574540072","22.79551702262635","1.7031539888682745","370","75","210","90","40","3","2","13","0","0","4","9","4","5","175","2.60483916"
"62847","Verquigneul",2022,1377,354,1023,6,14,1003,"25.70806100217865",2013,"43.92115207088604","17.934818953547065","2.448932001189759","135","25","70","35","22","0","2","3","1","2","0","6","3","5","53","1.74053744"
"62848","Verquin",2022,2640,669,1971,29,10,1932,"25.340909090909093",3452,"33.253648264399274","27.382547685481924","1.2144103115003495","245","45","150","50","23","2","3","13","0","0","0","2","3","0","94","1.9552747133333332"
"62849","Verton",2022,2049,457,1592,31,7,1554,"22.30356271351879",2557,"30.34099717693508","31.883844835062952","0.9516103636148929","145","35","70","40","30","3","2","7","1","1","1","8","3","4","67","1.7287308599999998"
"62850","Vieil-Hesdin",2022,297,46,251,3,0,248,"15.488215488215488",343,"28.28789593989052","35.59839987019777","0.79463953557004","25","5","10","10","3","0","0","2","0","0","1","0","0","0","6","1.3784484066666665"
"62851","Vieille-Chapelle",2022,707,136,571,4,14,553,"19.236209335219236",888,"35.24774774774775","20.945945945945947","1.6827956989247312","45","10","25","15","14","3","2","3","1","1","0","2","1","1","21","1.5741540399999998"
"62852","Vieille-Eglise",2022,1100,253,847,16,10,821,"23",1496,"39.199242891772464","17.253742647753008","2.271926948955476","95","15","55","20","9","3","0","0","0","0","0","3","1","2","36","1.679505093333333"
"62853","Vieil-Moutier",2022,296,44,252,4,2,246,"14.864864864864865",385,"35.45381155757981","25.62972508913779","1.3833083044892118","25","5","15","5","6","1","3","0","0","0","0","1","0","1","10","1.5300746666666667"
"62854","Villers-Au-Bois",2022,414,62,352,6,0,346,"14.975845410628018",610,"37.206725347407534","19.982034447315687","1.8620088682914744","25","5","10","10","3","0","0","1","0","0","0","1","0","1","10","1.1048841666666667"
"62855","Villers-Au-Flos",2022,172,45,127,2,0,125,"26.16279069767442",243,"36.99186991869918","27.23577235772358","1.35820895522388","20","0","10","10","2","0","0","0","0","0","0","1","0","1","3","0.9575379266666667"
"62856","Villers-Brûlin",2022,265,38,227,4,1,222,"14.339622641509434",371,"32.34501347708895","23.180592991913745","1.3953488372093024","20","5","10","10","2","0","0","1","0","0","0","1","0","0","7","1.33662394"
"62857","Villers-Châtel",2022,109,11,98,2,0,96,"10.091743119266056",127,"26.190476190476218","29.365079365079428","0.891891891891891","10","0","5","5","1","0","0","1","0","0","0","0","0","0","2","1.228442313333333"
"62858","Villers-Lès-Cagnicourt",2022,185,38,147,1,0,146,"20.54054054054054",254,"31.906614785992204","22.568093385213977","1.4137931034482771","15","0","5","5","2","0","0","2","0","0","0","0","0","0","4","1.2197526733333333"
"62859","Villers-L'Hôpital",2022,211,32,179,3,0,176,"15.165876777251185",257,"36.39509662013584","28.104276542089085","1.295002081467224","15","5","10","5","3","1","0","1","0","0","0","1","0","0","4","1.1540723066666667"
"62860","Villers-Sir-Simon",2022,107,22,85,1,0,84,"20.5607476635514",136,"41.17647058823529","22.794117647058822","1.8064516129032258","5","0","5","0","0","0","0","0","0","0","0","0","0","0","2","1.05262358"
"62861","Vimy",2022,3403,660,2743,24,23,2696,"19.39465177784308",4281,"29.26886241532352","34.80495211399206","0.8409395973154362","225","25","140","60","32","3","1","10","3","1","0","8","3","3","119","1.9669619066666668"
"62862","Vincly",2022,99,20,79,2,1,76,"20.2020202020202",149,"30.769230769230738","19.580419580419555","1.5714285714285718","15","0","10","5","2","0","0","2","0","0","0","0","0","0","2","0.8625738866666666"
"62863","Violaines",2022,3011,657,2354,35,13,2306,"21.819993357688475",3844,"35.45951557320239","23.226229180131913","1.5267013555319184","235","30","140","70","35","4","2","8","0","2","2","5","5","7","115","2.12704712"
"62864","Vis-En-Artois",2022,467,96,371,7,8,356,"20.556745182012847",639,"32.59690528717776","22.770463696650147","1.43154332390575","40","10","20","10","5","0","0","1","0","1","0","1","1","1","16","1.5975804533333333"
"62865","Vitry-En-Artois",2022,3814,1001,2813,52,19,2742,"26.245411641321446",4842,"35.06815365551425","27.323420074349443","1.2834467120181405","330","70","190","70","47","5","5","11","2","2","1","11","5","5","172","2.633228086666667"
"62866","Waben",2022,377,98,279,5,2,272,"25.9946949602122",440,"27.910744024008704","32.48437334575963","0.8592052469946153","25","5","10","10","3","1","0","1","0","0","0","0","0","1","10","1.4977750133333332"
"62867","Wacquinghen",2022,214,28,186,3,3,180,"13.084112149532709",261,"27.350634493053715","32.108664241055045","0.8518147714809766","5","0","0","0","2","0","0","1","0","1","0","0","0","0","4","1.2184342333333333"
"62868","Wail",2022,220,41,179,0,179,0,"18.636363636363637",253,"30.08423589622166","29.441908724125742","1.0218167639236504","30","5","15","10","3","1","1","0","0","0","0","0","0","1","4","1.3135800933333333"
"62869","Wailly",2022,900,185,715,15,3,697,"20.555555555555554",1076,"31.856589649493962","29.61180792937292","1.0758069796168834","25","5","15","10","8","0","0","4","0","1","1","2","0","0","27","1.6745322266666667"
"62870","Wailly-Beaucamp",2022,823,169,654,16,4,634,"20.534629404617256",1063,"32.54018418579605","25.015718126619845","1.3007895284512832","50","10","25","15","18","3","2","2","0","1","3","5","0","2","26","1.6472430933333335"
"62871","Wambercourt",2022,181,41,140,0,5,135,"22.65193370165746",260,"33.09451222002762","28.604486807746333","1.1569692699770913","20","5","15","0","1","0","0","1","0","0","0","0","0","0","4","1.22913026"
"62872","Wamin",2022,197,38,159,0,3,156,"19.289340101522843",242,"33.75938307363408","30.592693740584874","1.1035112945561973","10","0","5","0","2","0","0","0","0","0","1","0","0","1","4","1.09254454"
"62873","Wancourt",2022,520,106,414,10,3,401,"20.384615384615383",630,"36.86253860735936","17.657469827929788","2.087645566810023","35","5","25","5","11","1","0","2","2","3","0","1","1","1","29","2.9622131866666668"
"62874","Wanquetin",2022,567,98,469,11,2,456,"17.28395061728395",737,"32.192227162480556","25.93851831504464","1.24109738156511","40","5","20","15","5","1","0","1","0","0","0","0","2","1","17","1.51502444"
"62875","Wardrecques",2022,986,216,770,16,11,743,"21.906693711967545",1338,"32.585949177877424","28.923766816143498","1.1266149870801034","90","15","55","20","6","1","0","1","0","0","0","0","3","1","33","1.6745322266666667"
"62876","Warlencourt-Eaucourt",2022,85,14,71,0,1,70,"16.470588235294116",133,"34.84848484848489","22.727272727272798","1.5333333333333303","5","0","5","0","1","0","0","1","0","0","0","0","0","0","2","0.6443101933333334"
"62877","Warlincourt-Lès-Pas",2022,128,13,115,0,0,115,"10.15625",165,"29.255319148936177","28.723404255319135","1.0185185185185195","15","5","10","5","2","0","1","0","0","0","0","0","1","0","4","1.3728998733333333"
"62878","Warlus",2022,320,40,280,3,2,275,"12.5",379,"29.59020358960372","31.6449104052199","0.9350699120552021","10","0","5","5","4","0","0","1","1","0","1","1","0","0","8","1.4020564066666665"
"62879","Warluzel",2022,182,32,150,0,1,149,"17.582417582417584",215,"30.04291845493563","30.901287553648118","0.9722222222222211","15","5","10","0","2","1","0","0","1","0","0","0","0","0","3","0.9856799066666667"
"62880","Le Wast",2022,162,29,133,0,1,132,"17.901234567901234",203,"32.845524449333155","27.447160881066978","1.1966820390516224","10","0","5","5","5","0","1","0","2","0","0","2","0","0","3","1.1143301533333334"
"62881","Beauvoir-Wavans",2022,276,58,218,6,2,210,"21.014492753623188",363,"26.560767450377256","36.7773646658723","0.7222042060839782","25","5","15","5","2","0","1","1","0","0","0","0","0","0","7","1.4051995266666666"
"62882","Wavrans-Sur-L'Aa",2022,1001,235,766,18,5,743,"23.476523476523475",1211,"31.998128517377957","26.085605110673775","1.2266584724264218","70","5","45","20","7","0","1","1","0","0","0","2","1","2","28","1.5747267866666665"
"62883","Wavrans-Sur-Ternoise",2022,149,35,114,0,0,114,"23.48993288590604",196,"35.204081632653065","22.448979591836736","1.5681818181818181","15","0","10","0","1","0","0","0","1","0","0","0","0","0","3","1.28908314"
"62885","Westrehem",2022,183,35,148,1,4,143,"19.12568306010929",248,"40.725806451612904","20.967741935483872","1.9423076923076923","15","0","10","5","2","0","0","1","0","0","0","0","0","1","5","1.3053940866666665"
"62886","Wicquinghem",2022,173,29,144,2,1,141,"16.76300578034682",268,"42.75558265460093","23.15705912448892","1.8463304180705007","15","0","10","5","1","1","0","0","0","0","0","0","0","0","4","1.2849254666666667"
"62887","Widehem",2022,209,41,168,5,1,162,"19.617224880382775",247,"35.39094650205759","22.22222222222222","1.5925925925925917","10","0","0","5","1","0","0","0","0","0","0","0","1","0","4","1.1965083933333331"
"62888","Wierre-Au-Bois",2022,204,36,168,1,2,165,"17.647058823529413",228,"25","34.21052631578947","0.7307692307692307","10","0","5","5","1","0","0","0","0","0","0","1","0","0","2","0.49874124000000003"
"62889","Wierre-Effroy",2022,721,138,583,7,5,571,"19.14008321775312",845,"30.82990349931472","29.67666080141444","1.0388602580868975","35","5","20","10","4","1","0","0","2","0","0","1","0","0","17","1.3398112733333332"
"62890","Willeman",2022,151,20,131,0,2,129,"13.245033112582782",182,"29.67032967032967","31.868131868131865","0.9310344827586207","10","0","0","5","2","0","0","1","0","1","0","0","0","0","3","0.9370001933333333"
"62891","Willencourt",2022,115,18,97,1,1,95,"15.65217391304348",138,"28.467153284671447","36.4963503649634","0.78","5","0","5","0","0","0","0","0","0","0","0","0","0","0","1","0.65188844"
"62892","Willerval",2022,541,94,447,8,1,438,"17.375231053604438",661,"32.37518910741301","26.4750378214826","1.2228571428571429","25","5","15","10","12","3","0","4","0","1","0","2","1","1","16","1.4743485999999997"
"62893","Wimereux",2022,5970,1583,4387,42,22,4323,"26.515912897822446",6307,"27.95284019427717","37.37877340107367","0.747826577783696","450","70","240","140","89","7","5","16","4","8","8","20","8","13","210","2.2431181"
"62894","Wimille",2022,3196,812,2384,28,12,2344,"25.406758448060074",3839,"30.789268038551704","31.57072154206825","0.9752475247524752","335","50","195","90","39","3","6","14","1","3","2","6","3","1","113","2.0979698066666668"
"62895","Wingles",2022,6278,1973,4305,52,24,4229,"31.427206116597645",8734,"39.20311426608656","22.83031829631326","1.7171514543630892","815","130","525","160","62","6","12","13","2","2","4","11","4","8","331","2.6919331133333335"
"62896","Wirwignes",2022,642,109,533,4,3,526,"16.978193146417446",743,"31.067554326908475","27.220657762225947","1.1413226894913928","40","5","25","10","9","1","0","0","0","3","1","1","2","1","16","1.39575354"
"62897","Wismes",2022,402,77,325,4,5,316,"19.154228855721392",503,"29.917154599727","32.38003829216768","0.9239382093925309","20","0","10","5","6","2","0","2","0","0","0","1","1","0","7","0.90054692"
"62898","Wisques",2022,194,22,172,3,1,168,"11.34020618556701",223,"27.331029495859116","32.22992658186335","0.8480016057882993","10","0","5","5","2","0","0","0","0","0","0","1","1","0","3","0.8255430733333333"
"62899","Wissant",2022,936,243,693,6,4,683,"25.961538461538463",847,"24.65479864808879","41.01829453958405","0.6010683507159487","60","10","35","15","18","0","0","8","0","1","1","3","2","3","30","2.4202754933333335"
"62900","Witternesse",2022,505,111,394,12,5,377,"21.980198019801982",620,"31.118985714189762","25.36032311924037","1.2270737075341287","35","5","25","5","9","1","2","1","1","0","0","1","1","2","14","1.5473240933333334"
"62901","Wittes",2022,711,125,586,8,4,574,"17.580872011251756",985,"35.975795459325525","19.962830952445838","1.8021389624059199","75","10","45","20","5","0","0","1","1","0","0","2","0","1","22","1.6745322266666667"
"62902","Wizernes",2022,2624,666,1958,25,27,1906,"25.381097560975608",3339,"33.57292602575622","27.044025157232703","1.2414174972314507","275","50","145","80","23","1","1","9","1","0","0","5","2","4","86","1.7181335199999999"
"62903","Zoteux",2022,439,65,374,8,3,363,"14.80637813211845",588,"35.544217687074834","21.428571428571427","1.6587301587301588","30","5","10","15","5","1","2","2","0","0","0","0","0","0","15","1.5747267866666665"
"62904","Zouafques",2022,400,68,332,4,2,326,"17",590,"38.011240203541355","16.80449386588689","2.261968763052373","35","10","20","5","6","0","2","3","0","0","1","0","0","0","15","1.5632074799999998"
"62905","Zudausques",2022,810,110,700,5,6,689,"13.580246913580247",1061,"35.52537882140736","20.21058816221703","1.7577607606601364","60","5","35","20","11","0","1","3","1","1","0","3","1","1","25","1.5378781066666667"
"62906","Zutkerque",2022,1329,341,988,18,5,965,"25.658389766741912",1795,"36.100278551532035","23.788300835654596","1.5175644028103044","140","25","75","40","21","3","4","5","0","1","0","4","2","2","48","1.7106036333333334"
"62907","Libercourt",2022,5742,1742,4000,50,25,3925,"30.337861372344133",8047,"36.59748974773208","25.065241704983222","1.4600892414476947","750","110","450","195","65","6","4","24","5","1","0","13","5","7","415","3.767264166666666"
"62908","La Capelle-Lès-Boulogne",2022,1386,306,1080,13,21,1046,"22.07792207792208",1571,"26.399317047121006","36.73703417749735","0.7186022943379426","85","10","45","35","13","1","3","1","0","3","0","2","3","0","39","1.7330020666666668"
"62909","Ytres",2022,303,69,234,0,1,233,"22.772277227722775",428,"35.69725100483089","24.18855034551765","1.475791252262701","40","10","25","10","3","1","0","1","1","0","0","0","0","0","9","1.4148776066666666"
