code_commune,commune,population,part_jeunes,part_seniors,indice_jeunesse,annee
62001,Ablain-Saint-Nazaire,1772.0,27.627798277654914,32.969651018591186,0.8379766671499171,2017
62002,Ablainzevelle,222.0,39.20704845814977,15.859030837004404,2.472222222222222,2017
62003,Acheville,627.000000000003,32.78145695364236,24.172185430463582,1.3561643835616428,2017
62004,Achicourt,7799.0,35.18591672334478,27.64338882131579,1.272851058558094,2017
62005,Achiet-le-Grand,988.0,40.64755867570253,18.52205496499626,2.1945490795983464,2017
62006,Achiet-le-Petit,303.0,33.118971061093234,24.75884244372993,1.3376623376623358,2017
62007,Acq,769.0,37.32119635890767,18.725617685305593,1.9930555555555556,2017
62008,Acquin-Westbécourt,832.999999999999,43.03672286077629,17.772666935540947,2.4215118089403607,2017
62009,Adinfer,259.0,38.0,18.8,2.021276595744681,2017
62010,Affringues,239.0,36.82008368200837,25.10460251046025,1.4666666666666666,2017
62011,Agnez-lès-Duisans,653.0,32.00612557427259,27.871362940275652,1.1483516483516483,2017
62012,Agnières,248.999999999999,39.27125506072879,18.2186234817814,2.155555555555556,2017
62013,Agny,1929.0,32.907920469599695,24.478948792698645,1.344335524710733,2017
62014,Aire-sur-la-Lys,9871.00000000002,35.67616603025066,26.006508678322536,1.371816819840495,2017
62015,Airon-Notre-Dame,222.999999999999,36.238532110091775,21.559633027522974,1.6808510638297858,2017
62016,Airon-Saint-Vaast,186.0,31.052631578947366,25.78947368421054,1.2040816326530606,2017
62017,Aix-en-Ergny,189.0,37.93103448275863,23.645320197044338,1.6041666666666667,2017
62018,Aix-en-Issart,263.0,40.68441064638783,16.730038022813687,2.4318181818181817,2017
62019,Aix-Noulette,3906.0,35.192188849723884,25.985471782294887,1.35430247888368,2017
62020,Alembon,629.999999999997,38.30128205128202,17.467948717948712,2.1926605504587147,2017
62021,Alette,386.0,39.37823834196891,19.4300518134715,2.026666666666667,2017
62022,Alincthun,330.0,30.425218130601632,34.78508634986641,0.874662716791516,2017
62023,Allouagne,2925.0,33.94871794871795,25.743589743589745,1.3187250996015936,2017
62024,Alquines,998.999999999996,42.2764227642277,20.528455284552845,2.059405940594062,2017
62025,Ambleteuse,1843.0,29.23496264289593,30.27423882230589,0.9656712697052444,2017
62026,Ambricourt,112.0,33.62068965517241,21.551724137931053,1.5599999999999987,2017
62027,Ambrines,239.000000000001,43.80530973451329,19.91150442477876,2.200000000000001,2017
62028,Ames,636.0,34.11949685534591,25.31446540880503,1.3478260869565217,2017
62029,Amettes,475.0,29.894736842105264,32.21052631578947,0.9281045751633987,2017
62030,Amplier,302.000000000001,31.33333333333334,27.33333333333332,1.146341463414635,2017
62031,Andres,1564.0,39.28442490154936,18.85123855727532,2.083917445646466,2017
62032,Angres,4526.0,36.62359397233535,24.729446944124554,1.4809710081703513,2017
62033,Annay,4337.0,35.937856979666435,24.354580763079724,1.4756097560975612,2017
62034,Annequin,2201.0,38.605962409668784,20.187913877614747,1.9123304489859543,2017
62035,Annezin,5898.0,36.28348592743303,25.059342149881314,1.4479025710419486,2017
62036,Anvin,772.000000000001,37.52300679824995,24.205150194486738,1.5502075590010862,2017
62037,Anzin-Saint-Aubin,2742.00000000001,29.20969127982305,28.845882782769632,1.0126121464124762,2017
62038,Ardres,4405.0,34.56039208698311,25.51133461525114,1.3547073333561417,2017
62039,Arleux-en-Gohelle,855.999999999999,34.007861724364055,20.343078962738197,1.671716547266775,2017
62040,Arques,9752.99999999999,35.84295399280122,24.278113875212878,1.4763483760324414,2017
62041,Arras,41019.0,41.76287436190609,21.743673969798003,1.9206907912579443,2017
62042,Athies,1014.0,34.81624758220503,22.727272727272677,1.5319148936170248,2017
62043,Les Attaques,1978.00000000001,33.61546740426672,24.351902383556034,1.3804041620570078,2017
62044,Attin,729.000000000001,38.53914079266963,21.28921270000605,1.8102661350486986,2017
62045,Aubigny-en-Artois,1459.0,33.79827642052564,27.59588301984778,1.224757924804106,2017
62046,Aubin-Saint-Vaast,758.999999999999,32.34605954890782,26.23119049292194,1.2331144313726774,2017
62047,Aubrometz,152.0,37.086092715231715,27.814569536423818,1.3333333333333317,2017
62048,Auchel,10291.0,39.579259384255174,24.555936449275794,1.6118000413469242,2017
62049,Auchy-au-Bois,504.0,38.30188679245288,24.33962264150943,1.5736434108527155,2017
62050,Auchy-lès-Hesdin,1571.0,31.570877041689048,34.44797707228876,0.9164798552738775,2017
62051,Auchy-les-Mines,4726.0,39.59818874251932,19.564428519947512,2.023989032040766,2017
62052,Audembert,432.0,35.648148148148145,19.444444444444446,1.8333333333333333,2017
62053,Audincthun,664.0,36.89759036144578,21.385542168674696,1.7253521126760563,2017
62054,Audinghen,582.0,33.67346938775512,24.999999999999968,1.3469387755102065,2017
62055,Audrehem,562.0,38.93984569094557,18.394413084902094,2.116938741737126,2017
62056,Audresselles,649.000000000002,32.38993710691823,33.33333333333329,0.9716981132075481,2017
62057,Audruicq,5412.0,37.82335550628233,24.27937915742794,1.5578386605783867,2017
62058,Aumerval,198.0,34.5,21.5,1.6046511627906976,2017
62059,Autingues,291.0,34.694579329524295,30.967003747446537,1.120372497529249,2017
62060,Auxi-le-Château,2639.00000000001,31.794352109118673,35.01203334175238,0.9080978473536248,2017
62061,Averdoingt,293.0,32.99319727891154,23.469387755102016,1.4057971014492756,2017
62062,Avesnes,52.0,36.53846153846153,21.153846153846153,1.7272727272727273,2017
62063,Avesnes-le-Comte,1901.99999999999,35.7809280226312,26.277577746024317,1.3616524463730186,2017
62064,Avesnes-lès-Bapaume,162.0,29.090909090909133,35.75757575757577,0.8135593220338991,2017
62065,Avion,17622.0,40.6627844291653,21.714466359657106,1.8726126516611947,2017
62066,Avondance,38.0000000000001,31.428571428571473,22.85714285714289,1.375,2017
62067,Avroult,607.000000000001,38.506473371382995,19.4251635968444,1.9822985366073491,2017
62068,Ayette,324.0,31.790123456790127,24.691358024691358,1.2875,2017
62069,Azincourt,307.0,37.007048526277494,25.72017991454342,1.4388331904844855,2017
62070,Bailleul-aux-Cornailles,263.000000000001,34.74903474903477,23.938223938223945,1.451612903225807,2017
62071,Bailleul-lès-Pernes,422.000000000002,36.04938271604938,22.962962962962976,1.5698924731182784,2017
62072,Bailleulmont,240.0,27.077597371252914,35.29215288255373,0.7672413032257496,2017
62073,Bailleul-Sir-Berthoult,1412.0,34.82678133958173,22.863208709030484,1.5232674373403192,2017
62074,Bailleulval,240.000000000001,33.47826086956523,24.782608695652204,1.3508771929824552,2017
62075,Baincthun,1291.0,32.84475760964941,24.265530622059924,1.353556125403253,2017
62076,Bainghen,226.999999999999,33.4862385321101,23.853211009174313,1.403846153846154,2017
62077,Bajus,365.0,37.26027397260274,21.095890410958905,1.7662337662337662,2017
62078,Balinghem,1169.0,38.77442683433798,17.844675116784515,2.172884996817183,2017
62079,Bancourt,86.9999999999996,27.90697674418608,30.232558139534856,0.9230769230769251,2017
62080,Bapaume,3887.0,34.50747888593468,28.921173103192316,1.193156265232054,2017
62081,Baralle,480.0,33.66640933074727,24.00258347299685,1.4026160712500937,2017
62082,Barastre,307.0,42.671009771986974,20.195439739413683,2.1129032258064515,2017
62083,Barlin,7660.99999999997,37.930568413835026,24.84757628478234,1.5265299109702397,2017
62084,Barly,221.0,30.110683999032762,28.590961269357194,1.0531539571320518,2017
62085,Basseux,137.0,24.817518248175183,34.306569343065696,0.723404255319149,2017
62086,Bavincourt,378.0,42.29618750718976,18.447809167800784,2.2927485384559625,2017
62087,Bayenghem-lès-Éperlecques,1009.0,37.82435129740506,17.564870259481026,2.153409090909085,2017
62088,Bayenghem-lès-Seninghem,324.0,35.18518518518518,25.617283950617285,1.3734939759036144,2017
62089,Bazinghen,393.0,33.356625791315366,18.645211142176322,1.789018399253262,2017
62090,Béalencourt,130.0,29.770992366412152,31.297709923664108,0.9512195121951205,2017
62091,Beaudricourt,90.0,34.782608695652115,27.173913043478226,1.2799999999999994,2017
62092,Beaufort-Blavincourt,397.000000000001,29.24381579798738,30.77283231400405,0.9503127791288536,2017
62093,Beaulencourt,234.999999999999,33.04721030042916,20.600858369098702,1.6041666666666663,2017
62094,Beaumerie-Saint-Martin,397.0,36.51579921188141,20.71210008977537,1.7630177072149056,2017
62095,Beaumetz-lès-Aire,239.0,37.65690376569037,24.686192468619247,1.5254237288135593,2017
62096,Beaumetz-lès-Cambrai,581.0,37.734008068083455,21.556325437510914,1.7504842454466378,2017
62097,Beaumetz-lès-Loges,999.0,33.632734530938144,25.848303393213595,1.3011583011583006,2017
62099,Beaurains,5662.0,37.21080874961126,23.610819658139622,1.5760066481547652,2017
62100,Beaurainville,2095.0,33.30049503619475,28.53905324952184,1.166839514438086,2017
62101,Beauvois,142.0,36.23188405797112,19.565217391304436,1.8518518518518492,2017
62102,Bécourt,272.0,41.09090909090908,24.0,1.7121212121212117,2017
62103,Béhagnies,126.0,39.682539682539684,27.77777777777778,1.4285714285714286,2017
62104,Bellebrune,400.0,38.5690475609542,16.506356913409277,2.3366178111429208,2017
62105,Belle-et-Houllefort,560.0,33.92857142857143,24.642857142857146,1.3768115942028984,2017
62106,Bellonne,211.0,25.925925925925924,31.944444444444475,0.8115942028985498,2017
62107,Bénifontaine,355.999999999999,31.953299706361975,24.682425451137238,1.2945769762221537,2017
62108,Berck,14189.0,29.738404794888645,34.57683933616285,0.8600671827105425,2017
62109,Bergueneuse,218.000000000001,34.56221198156682,29.032258064516103,1.1904761904761914,2017
62111,Berlencourt-le-Cauroy,275.0,39.402080218316726,24.66194409719668,1.597687516565069,2017
62112,Berles-au-Bois,515.0,32.23300970873787,27.96116504854369,1.1527777777777777,2017
62113,Berles-Monchel,488.0,36.0655737704918,22.131147540983605,1.6296296296296295,2017
62114,Bermicourt,165.0,32.72727272727273,27.878787878787882,1.173913043478261,2017
62115,Berneville,480.0,31.276595744680808,27.02127659574466,1.1574803149606294,2017
62116,Bernieulles,184.0,34.59459459459456,29.72972972972977,1.163636363636361,2017
62117,Bertincourt,918.0,37.36383442265795,24.074074074074073,1.5520361990950227,2017
62118,Béthonsart,147.0,33.333333333333265,20.833333333333293,1.5999999999999999,2017
62119,Béthune,24895.0,39.56206781390078,23.657956664840192,1.6722521042020861,2017
62120,Beugin,471.000000000002,32.11991434689509,26.766595289079238,1.2000000000000004,2017
62121,Beugnâtre,170.0,42.94117647058823,14.705882352941178,2.92,2017
62122,Beugny,376.000000000001,36.414565826330566,24.649859943977624,1.4772727272727268,2017
62123,Beussent,548.0,35.250463821892446,25.231910946196674,1.3970588235294135,2017
62124,Beutin,465.999999999999,40.57479017339106,17.54997879375711,2.311956649647027,2017
62125,Beuvrequen,456.999999999999,34.657206436981916,22.795782056969802,1.5203341719257,2017
62126,Beuvry,9442.00000000002,35.35630004176692,26.310070830968503,1.3438314274756906,2017
62127,Bezinghem,362.999999999999,41.94983981263248,19.723060297674408,2.1269437490681344,2017
62128,Biache-Saint-Vaast,4082.99999999999,35.47177713583274,23.95369032783328,1.480848113604269,2017
62129,Biefvillers-lès-Bapaume,94.0,30.208333333333297,28.124999999999968,1.0740740740740742,2017
62130,Bienvillers-au-Bois,643.0,35.45878693623639,26.905132192846033,1.3179190751445087,2017
62131,Bihucourt,351.000000000001,38.84057971014496,21.159420289855092,1.835616438356164,2017
62132,Billy-Berclau,4624.0,36.548442906574394,22.296712802768166,1.6391852570320078,2017
62133,Billy-Montigny,8150.0,41.987730061349694,19.852760736196316,2.11495673671199,2017
62134,Bimont,114.0,34.2342342342343,26.12612612612619,1.310344827586206,2017
62135,Blairville,314.0,33.54822956322803,26.74285361658606,1.25447456147392,2017
62137,Blangerval-Blangermont,106.0,38.61386138613858,18.81188118811882,2.0526315789473655,2017
62138,Blangy-sur-Ternoise,719.999999999999,30.44692737430174,31.84357541899445,0.9561403508771937,2017
62139,Blendecques,5002.0,35.957481327941665,24.113024253971428,1.4912057877609215,2017
62140,Bléquin,518.999999999999,43.97883539425093,16.45146263316902,2.673247745497225,2017
62141,Blessy,870.0,35.08571428571426,20.228571428571474,1.734463276836153,2017
62142,Blingel,165.999999999999,40.251572327044094,27.672955974842818,1.4545454545454544,2017
62143,Boffles,50.0,38.0,32.0,1.1875,2017
62144,Boiry-Becquerelle,447.0,35.86956521739131,23.260869565217416,1.542056074766354,2017
62145,Boiry-Notre-Dame,453.999999999998,32.29398663697104,28.953229398663687,1.1153846153846156,2017
62146,Boiry-Saint-Martin,277.0,36.19188713405549,27.15073113156048,1.3329986201360673,2017
62147,Boiry-Sainte-Rictrude,405.999999999999,33.62117835220796,28.697753148467807,1.1715613476173141,2017
62148,Bois-Bernard,827.0,32.406287787182585,25.997581620314392,1.2465116279069768,2017
62149,Boisdinghem,249.0,40.16064257028113,17.269076305220885,2.3255813953488373,2017
62150,Boisjean,505.0,34.199999999999996,23.8,1.4369747899159662,2017
62151,Boisleux-au-Mont,517.0,38.28125,21.875,1.75,2017
62152,Boisleux-Saint-Marc,251.0,38.58267716535435,16.141732283464584,2.3902439024390225,2017
62153,Bomy,631.0,34.23137876386688,24.722662440570524,1.3846153846153846,2017
62154,Bonnières,674.0,35.164280338586344,29.105339228193642,1.208172839453579,2017
62155,Bonningues-lès-Ardres,656.0,35.211267605633836,23.630672926447556,1.4900662251655656,2017
62156,Bonningues-lès-Calais,565.0,32.86057105477168,25.31635657493126,1.2979976387009355,2017
62157,Boubers-lès-Hesmond,88.0000000000002,28.57142857142857,33.33333333333333,0.8571428571428571,2017
62158,Boubers-sur-Canche,588.999999999998,34.58262350936968,28.6201022146507,1.2083333333333364,2017
62160,Boulogne-sur-Mer,40874.0,40.179647655761414,23.7239976541379,1.6936288833578326,2017
62161,Bouquehault,765.0,40.58524173027987,16.15776081424938,2.5118110236220432,2017
62162,Bourecq,639.000000000001,39.92584583990134,20.83446204854849,1.9163367763883745,2017
62163,Bouret-sur-Canche,256.0,27.82258064516129,35.88709677419359,0.7752808988764035,2017
62164,Bourlon,1156.0,33.996539792387544,23.78892733564014,1.4290909090909092,2017
62165,Bournonville,240.0,35.02109704641346,23.20675105485229,1.5090909090909093,2017
62166,Bours,617.000000000001,37.32185875623608,22.610645931708795,1.6506321344803565,2017
62167,Boursin,255.0,38.43137254901961,18.43137254901961,2.0851063829787235,2017
62168,Bourthes,853.0,38.92857142857139,21.54761904761904,1.8066298342541425,2017
62169,Bouvelinghem,219.0,33.613445378151226,23.529411764705895,1.4285714285714266,2017
62170,Bouvigny-Boyeffles,2403.0,31.68745187005173,27.65597875689108,1.1457722089172535,2017
62171,Boyaval,133.0,43.18181818181827,20.45454545454549,2.111111111111112,2017
62172,Boyelles,358.0,40.616246498599466,16.246498599439793,2.499999999999999,2017
62173,Brebières,5023.0,35.25096554104181,22.681454643294007,1.5541756953169712,2017
62174,Brêmes,1290.0,31.3953488372093,28.527131782945737,1.1005434782608696,2017
62175,Brévillers,158.0,32.075471698113226,27.67295597484278,1.1590909090909094,2017
62176,Bréxent-Énocq,681.0,34.84246243367768,22.630804882199765,1.5396033245411866,2017
62177,Brimeux,847.0,34.49585222011039,20.794160583740936,1.658920160839908,2017
62178,Bruay-la-Buissière,21831.0,38.03224929966007,25.36338600277323,1.4994941643636077,2017
62179,Brunembert,418.0,40.909090909090914,17.703349282296653,2.310810810810811,2017
62180,Brias,293.999999999999,38.01369863013701,20.20547945205479,1.8813559322033913,2017
62181,Bucquoy,1461.0,39.891655976188225,22.053216385080123,1.8088815381676713,2017
62182,Buire-au-Bois,230.0,26.956521739130434,34.34782608695652,0.7848101265822784,2017
62183,Buire-le-Sec,777.000000000001,41.77654644379325,18.673188946196845,2.237247561954427,2017
62184,Buissy,263.0,39.543726235741445,15.96958174904943,2.4761904761904763,2017
62185,Bullecourt,236.0,28.352116248929832,28.622065356325027,0.9905684965765218,2017
62186,Bully-les-Mines,12163.0,37.582846903376144,23.56483819527568,1.5948697203832622,2017
62187,Buneville,180.0,36.26373626373628,19.780219780219774,1.8333333333333346,2017
62188,Burbure,2865.0,34.973821989528794,25.445026178010473,1.374485596707819,2017
62189,Bus,126.0,45.8646616541354,13.53383458646616,3.3888888888888955,2017
62190,Busnes,1290.0,31.582643272928212,26.62156517170494,1.186355613173947,2017
62191,Caffiers,749.0,35.17656720503698,31.155043799616642,1.1290809742167596,2017
62192,Cagnicourt,432.0,36.574074074074076,20.13888888888889,1.8160919540229885,2017
62193,Calais,73911.0,43.441837461850206,21.158573196952556,2.053155336017982,2017
62194,Calonne-Ricouart,5454.0,37.18371837183718,24.752475247524753,1.5022222222222221,2017
62195,Calonne-sur-la-Lys,1545.0,34.692556634304204,24.724919093851135,1.4031413612565444,2017
62196,La Calotterie,643.000000000001,36.87899509118797,23.209407440032763,1.588967541996665,2017
62197,Camblain-Châtelain,1764.0,39.1156462585034,23.015873015873016,1.6995073891625616,2017
62198,Cambligneul,337.0,31.94029850746264,27.164179104477583,1.1758241758241754,2017
62199,Camblain-l'Abbé,650.0,32.852798009336865,27.921649307861152,1.1766066412161182,2017
62200,Cambrin,1244.0,41.69619892324027,19.671090718670765,2.11966888463711,2017
62201,Camiers,2717.0,30.100180548576628,31.37040530921378,0.9595088189611604,2017
62202,Campagne-lès-Boulonnais,634.0,43.987793951721926,21.82491952289853,2.0154848179655507,2017
62203,Campagne-lès-Guines,445.0,35.561731059847915,20.49209978941486,1.7353873651453344,2017
62204,Campagne-lès-Hesdin,1920.0,35.46471223520187,26.744554119880252,1.32605359865916,2017
62205,Campagne-lès-Wardrecques,1242.99999999999,34.778248333259896,22.235113117497395,1.5641138477452574,2017
62206,Campigneulles-les-Grandes,299.000000000001,35.67648299616861,20.066738390164016,1.7778914690817875,2017
62207,Campigneulles-les-Petites,552.000000000001,30.316073924428167,30.75067774595804,0.9858668538911473,2017
62208,Canettemont,70.0,37.142857142857146,28.57142857142857,1.3,2017
62209,Canlers,159.0,31.446540880503143,22.0125786163522,1.4285714285714286,2017
62211,Capelle-Fermont,217.0,37.78801843317972,19.35483870967742,1.9523809523809523,2017
62212,Capelle-lès-Hesdin,485.0,39.478957915831586,19.839679358717433,1.989898989898986,2017
62213,Carency,750.0,33.5897435897436,25.384615384615362,1.3232323232323246,2017
62214,Carly,551.0,34.02370645001345,24.053073532416278,1.4145263558172625,2017
62215,Carvin,17124.0,37.39392647661031,22.90575437527138,1.632512331354609,2017
62216,La Cauchie,211.0,34.59715639810427,22.748815165876778,1.5208333333333333,2017
62217,Cauchy-à-la-Tour,2814.00000000001,35.44158985926274,25.505792311956892,1.3895506332750946,2017
62218,Caucourt,346.0,33.81502890173411,20.809248554913296,1.625,2017
62219,Caumont,162.0,25.925925925925924,32.098765432098766,0.8076923076923077,2017
62220,Cavron-Saint-Martin,457.0,35.44547908923967,23.28442821284444,1.5222825643485978,2017
62221,Chelers,259.0,33.864541832669346,23.50597609561754,1.4406779661016949,2017
62222,Chériennes,155.0,29.03225806451613,35.483870967741936,0.8181818181818182,2017
62223,Chérisy,293.0,38.59060402684567,20.46979865771809,1.8852459016393484,2017
62224,Chocques,2881.00000000001,34.63569165786691,25.90637099612812,1.336956521739129,2017
62225,Clairmarais,624.0,26.567656765676574,30.198019801980198,0.8797814207650274,2017
62227,Clenleu,195.0,39.19597989949749,21.105527638190942,1.8571428571428583,2017
62228,Clerques,326.999999999999,38.434467442250515,23.443647076519117,1.6394406261449834,2017
62229,Cléty,772.0,39.185750636132255,18.320610687022924,2.1388888888888826,2017
62230,Colembert,942.000000000004,41.482350395609274,16.36947172931379,2.5341288394373995,2017
62231,Colline-Beaumont,137.0,26.277372262773724,37.22627737226277,0.7058823529411765,2017
62232,La Comté,935.0,35.87183981536652,20.719953958015708,1.7312702474171842,2017
62233,Conchil-le-Temple,1135.0,35.43653868761533,22.469506570513992,1.5770946538771597,2017
62234,Conchy-sur-Canche,216.0,31.531531531531527,29.27927927927927,1.076923076923077,2017
62235,Condette,2506.0,27.85315243415802,34.03830806065443,0.8182883939038686,2017
62236,Contes,331.0,32.93413173652695,29.341317365269454,1.122448979591837,2017
62237,Conteville-lès-Boulogne,478.0,29.0920879653418,24.909062275415643,1.1679318813239572,2017
62238,Conteville-en-Ternois,90.9999999999999,33.720930232558196,27.906976744186075,1.2083333333333341,2017
62239,Coquelles,2611.0,30.508797138728344,33.339407196034706,0.9150971689249763,2017
62240,Corbehem,2366.0,38.212127624311115,23.255001546831217,1.6431788898125441,2017
62241,Cormont,319.000000000001,39.42307692307689,23.39743589743588,1.6849315068493151,2017
62242,Couin,113.0,39.44954128440363,22.01834862385315,1.7916666666666696,2017
62243,Coullemont,122.0,36.0655737704918,27.049180327868854,1.3333333333333333,2017
62244,Coulogne,5372.0,31.668824180576955,29.69185731340614,1.0665827956231688,2017
62245,Coulomby,737.000000000002,43.638502111031336,15.292814250650583,2.8535298602201276,2017
62246,Coupelle-Neuve,161.0,36.70886075949354,21.518987341772146,1.7058823529411709,2017
62247,Coupelle-Vieille,601.0,38.935108153078204,24.958402662229616,1.56,2017
62248,Courcelles-le-Comte,461.000000000002,36.77113253877272,21.722226140346304,1.6927884048898179,2017
62249,Courcelles-lès-Lens,7774.0,43.412904682967074,17.393838095999094,2.495878393449739,2017
62250,Courrières,10512.0,37.0976468058496,24.773934394563284,1.4974467202105286,2017
62251,Courset,515.0,34.1747572815534,24.271844660194176,1.408,2017
62252,La Couture,2764.0,33.45263411816241,24.656902175835125,1.3567249397188064,2017
62253,Couturelle,65.0,24.28571428571423,31.428571428571466,0.77272727272727,2017
62254,Coyecques,606.0,33.4983498349835,25.577557755775576,1.3096774193548386,2017
62255,Crémarest,786.000000000001,39.30231975618468,20.099227447702862,1.9554144485626255,2017
62256,Crépy,149.0,28.47682119205302,35.76158940397346,0.7962962962962986,2017
62257,Créquy,485.000000000001,33.86328451873399,27.203191088659363,1.2448276530635087,2017
62258,Croisette,278.0,30.215827338129497,34.172661870503596,0.8842105263157894,2017
62259,Croisilles,1929.0,39.00632492524515,23.110762228402432,1.6877991534743737,2017
62260,Croix-en-Ternois,322.0,40.993788819875775,18.32298136645963,2.23728813559322,2017
62261,Cucq,5120.99999999999,26.396752548094955,38.700261007997746,0.6820820289206793,2017
62262,Cuinchy,1741.0,33.94829484197995,25.6129534146693,1.3254346069491838,2017
62263,Dainville,5646.00000000001,27.240142972348853,38.161640405661885,0.713809539704885,2017
62264,Dannes,1316.0,35.30314658480434,25.4796623177283,1.385542168674701,2017
62265,Delettes,1178.0,39.30390492359932,18.845500848896435,2.0855855855855854,2017
62266,Denier,85.9999999999998,47.43589743589743,17.94871794871795,2.6428571428571423,2017
62267,Dennebrœucq,389.0,36.760925449871465,23.65038560411311,1.5543478260869565,2017
62268,Desvres,4985.00000000001,36.822901594872725,28.15003253448951,1.3080944595626023,2017
62269,Diéval,750.0,36.11647029810507,23.954176709041153,1.5077316468352442,2017
62270,Divion,6978.0,39.52421897391803,23.617082258526796,1.6735436893203883,2017
62271,Dohem,828.000000000004,40.35523307149087,20.80912760994635,1.939304416212137,2017
62272,Douchy-lès-Ayette,308.0,32.467532467532465,27.27272727272727,1.1904761904761905,2017
62273,Doudeauville,600.0,41.833333333333336,19.0,2.2017543859649122,2017
62274,Dourges,5891.0,39.61975895433712,19.96265489730097,1.9846938775510203,2017
62275,Douriez,326.000000000001,32.67326732673272,23.102310231023136,1.4142857142857141,2017
62276,Douvrin,5407.0,38.58024407024679,21.06186375225512,1.8317583156009145,2017
62277,Drocourt,2936.0,38.99709231468573,22.79661817364322,1.7106525194940108,2017
62278,Drouvin-le-Marais,594.0,35.77235772357729,18.04878048780488,1.9819819819819846,2017
62279,Duisans,1309.0,33.028553587066995,25.655275052853945,1.2873981479061491,2017
62280,Dury,350.000000000001,35.302832648292245,17.46425243887518,2.0214339418106797,2017
62281,Echinghen,390.000000000001,24.56477605930793,24.50051985294014,1.0026226466521313,2017
62282,Éclimeux,176.0,31.28491620111733,26.25698324022344,1.1914893617021292,2017
62283,Écoivres,131.0,35.87786259541985,16.030534351145036,2.238095238095238,2017
62284,Écourt-Saint-Quentin,1672.0,31.51335311572703,29.436201780415406,1.070564516129034,2017
62285,Écoust-Saint-Mein,491.0,35.88103299364116,22.05699313279763,1.6267418127944144,2017
62286,Ecquedecques,512.999999999999,33.60242770772089,26.390626732138095,1.2732713038148644,2017
62288,Ecques,2139.0,34.58926203824792,21.65260771220558,1.5974640328772016,2017
62289,Écuires,717.0,32.49651324965133,28.451882845188287,1.142156862745098,2017
62290,Écurie,385.999999999999,32.80839895013125,24.67191601049869,1.3297872340425538,2017
62291,Éleu-dit-Leauwette,2919.99999999999,35.1153592165769,25.70580560991521,1.3660478006194927,2017
62292,Elnes,913.999999999997,39.597315436241594,20.13422818791951,1.966666666666661,2017
62293,Embry,239.0,34.32203389830511,35.59322033898309,0.9642857142857139,2017
62295,Enquin-lez-Guinegatte,1616.0,37.76806313477425,21.114627584856475,1.7887155708993758,2017
62296,Enquin-sur-Baillons,280.0,37.857142857142854,23.57142857142857,1.606060606060606,2017
62297,Éperlecques,3640.0,39.53296703296703,20.247252747252748,1.9525101763907735,2017
62298,Épinoy,546.0,39.010989010989015,19.78021978021978,1.9722222222222223,2017
62299,Eps,250.0,33.734939759036195,28.11244979919686,1.1999999999999988,2017
62300,Équihen-Plage,2738.0,37.28822818747045,25.681071508569776,1.4519732237429175,2017
62301,Équirre,76.0,26.25,45.0,0.5833333333333333,2017
62302,Ergny,233.0,33.90557939914164,28.75536480686695,1.1791044776119404,2017
62303,Érin,233.999999999999,43.85964912280702,18.859649122807003,2.3255813953488396,2017
62304,Erny-Saint-Julien,325.0,34.39636605003634,31.002775158609847,1.1094608748431365,2017
62306,Ervillers,398.999999999999,32.908163265306094,27.551020408163257,1.194444444444444,2017
62307,Escalles,228.0,26.728110599078292,33.64055299539167,0.7945205479452047,2017
62308,Escœuilles,479.0,40.709812108559504,16.075156576200417,2.5324675324675323,2017
62309,Esquerdes,1629.0,38.06015960712094,23.32719459791283,1.631578947368421,2017
62310,Essars,1725.0,32.516649315023535,27.174127873349583,1.1966032347596889,2017
62311,Estevelles,2043.99999999999,39.333006375674415,17.557626287395806,2.2402234636871516,2017
62312,Estrée,290.0,35.05154639175259,28.865979381443307,1.2142857142857142,2017
62313,Estrée-Blanche,950.999999999997,39.80370774263903,22.355507088331507,1.7804878048780488,2017
62314,Estrée-Cauchy,372.999999999998,35.71428571428574,21.70329670329671,1.645569620253165,2017
62315,Estréelles,352.0,36.07954545454545,18.181818181818183,1.984375,2017
62316,Estrée-Wamin,171.999999999999,30.00000000000011,30.000000000000053,1.000000000000002,2017
62317,Étaing,450.0,36.703296703296736,18.241758241758244,2.0120481927710854,2017
62318,Étaples,10865.0,36.51749217445292,25.650656849635073,1.4236474484267427,2017
62319,Éterpigny,258.0,34.10852713178294,24.031007751937985,1.4193548387096775,2017
62320,Étrun,314.0,32.366586695041526,25.68865602920529,1.2599564048132426,2017
62321,Évin-Malmaison,4551.0,39.08157764295392,21.391407845348493,1.8269754812538956,2017
62322,Famechon,120.0,36.206896551724085,27.586206896551758,1.3124999999999964,2017
62323,Fampoux,1181.0,34.25229741019212,23.057644110275664,1.4855072463768122,2017
62324,Farbus,556.999999999999,27.660175949175457,28.724301413369176,0.9629538261390602,2017
62325,Fauquembergues,984.0,40.74209398873903,25.24707399677692,1.6137352785491192,2017
62326,Favreuil,237.0,34.58789202999835,19.335654557170272,1.7888141271727502,2017
62327,Febvin-Palfart,600.0,39.23841059602657,20.860927152317892,1.8809523809523838,2017
62328,Ferfay,912.0,38.44366299356985,21.33176667378467,1.8021790497462435,2017
62329,Ferques,1802.0,38.857600388806766,18.348079913168107,2.117802002863489,2017
62330,Festubert,1313.0,35.29542489572064,19.482353244387753,1.8116612738190718,2017
62331,Feuchy,1028.0,31.809338521400775,28.21011673151751,1.1275862068965516,2017
62332,Ficheux,523.000000000001,27.731453753163716,30.39127902275353,0.9124806406601564,2017
62333,Fiefs,385.0,38.18181818181819,24.155844155844157,1.5806451612903225,2017
62334,Fiennes,891.000000000001,35.97046183596202,21.028678523305786,1.710543142123575,2017
62335,Fillièvres,509.0,31.72147001934238,37.911025145067725,0.8367346938775511,2017
62336,Fléchin,479.0,36.47960150229779,26.86817923101346,1.357725106291908,2017
62337,Flers,224.999999999999,34.68468468468473,25.675675675675713,1.3508771929824561,2017
62338,Fleurbaix,2732.0,32.18483799266098,28.686784358215938,1.1219395520517168,2017
62339,Fleury,122.0,37.837837837837874,20.72072072072074,1.8260869565217392,2017
62340,Floringhem,898.000000000003,37.03284258210656,22.876557191393033,1.6188118811881196,2017
62341,Foncquevillers,435.000000000002,34.76190476190473,25.95238095238093,1.3394495412844039,2017
62342,Fontaine-lès-Boulans,100.0,39.8058252427184,22.330097087378668,1.7826086956521696,2017
62343,Fontaine-lès-Croisilles,277.999999999999,33.584905660377316,24.150943396226396,1.3906249999999996,2017
62344,Fontaine-lès-Hermans,108.0,35.18518518518518,20.37037037037037,1.7272727272727273,2017
62345,Fontaine-l'Étalon,102.0,26.415094339622648,33.01886792452822,0.800000000000002,2017
62346,Fortel-en-Artois,211.0,40.375586854460096,15.962441314554027,2.5294117647058765,2017
62347,Fosseux,136.0,30.23255813953478,29.45736434108519,1.0263157894736834,2017
62348,Foufflin-Ricametz,160.000000000001,38.46153846153839,23.076923076923006,1.6666666666666683,2017
62349,Fouquereuil,1570.0,39.80224977333274,20.04793261197302,1.9853543277356216,2017
62350,Fouquières-lès-Béthune,1060.0,28.5773859578984,34.10594200990336,0.8379005027804354,2017
62351,Fouquières-lès-Lens,6361.99999999999,39.63467236603873,23.18043732255593,1.7098328135281495,2017
62352,Framecourt,105.0,32.38095238095238,31.428571428571427,1.0303030303030303,2017
62353,Frémicourt,244.0,31.92434140704426,25.23896480552288,1.2648831540055268,2017
62354,Frencq,843.0,38.604651162790745,23.139534883720884,1.668341708542719,2017
62355,Fresnes-lès-Montauban,572.0,39.07056798623058,22.375215146299464,1.7461538461538446,2017
62356,Fresnicourt-le-Dolmen,772.0,28.60727728983695,26.22333751568381,1.0909090909090935,2017
62357,Fresnoy,69.0,30.434782608695656,34.78260869565217,0.875,2017
62358,Fresnoy-en-Gohelle,214.0,31.818181818181817,24.54545454545457,1.296296296296295,2017
62359,Fressin,575.000000000001,37.779034430914805,22.88959080395026,1.6504897249799215,2017
62360,Fréthun,1322.0,37.72498200143994,20.086393088552935,1.878136200716847,2017
62361,Frévent,3570.0,36.31003123453266,29.456585787629542,1.2326625867747802,2017
62362,Frévillers,239.0,38.49372384937239,20.502092050209207,1.8775510204081634,2017
62363,Frévin-Capelle,380.0,28.421052631578945,32.89473684210527,0.864,2017
62364,Fruges,2371.0,34.57874251530544,29.354933881243596,1.1779533435569962,2017
62365,Galametz,199.0,37.04860118187357,24.87784002793577,1.4892209749829983,2017
62366,Gauchin-Légal,321.0,30.361900838287603,23.235773849874136,1.3066877408282258,2017
62367,Gauchin-Verloingt,838.000000000001,28.51988949693648,37.4491067244671,0.7615639461515705,2017
62368,Gaudiempré,199.0,43.21608040201005,23.618090452261306,1.8297872340425532,2017
62369,Gavrelle,627.0,40.82934609250399,15.94896331738437,2.56,2017
62370,Gennes-Ivergny,128.0,28.125,32.8125,0.8571428571428571,2017
62371,Givenchy-en-Gohelle,1947.0,31.895223420647152,28.24858757062147,1.1290909090909091,2017
62372,Givenchy-le-Noble,150.0,32.666666666666664,28.666666666666668,1.1395348837209303,2017
62373,Givenchy-lès-la-Bassée,1012.0,36.835943001527376,21.518469188734795,1.7118291584055374,2017
62374,Gomiécourt,155.999999999999,30.718954248366092,26.143790849673245,1.1750000000000012,2017
62375,Gommecourt,96.0,28.000000000000004,36.00000000000001,0.7777777777777778,2017
62376,Gonnehem,2536.00000000001,31.852045614656227,25.85058979083988,1.232159338428052,2017
62377,Gosnay,950.999999999997,33.965429665294735,26.175429286228674,1.2976073589427055,2017
62378,Gouves,197.0,33.50253807106599,28.934010152284262,1.1578947368421053,2017
62379,Gouy-en-Artois,330.0,28.484848484848484,31.212121212121215,0.912621359223301,2017
62380,Gouy-Servins,344.0,34.593023255813954,22.093023255813954,1.5657894736842106,2017
62381,Gouy-en-Ternois,133.0,31.914893617021285,22.695035460992905,1.4062500000000004,2017
62382,Gouy-Saint-André,643.0,35.88957055214717,24.69325153374227,1.4534161490683237,2017
62383,Gouy-sous-Bellonne,1368.0,32.84777858703567,28.696285506190822,1.144670050761421,2017
62384,Graincourt-lès-Havrincourt,638.0,35.04672897196263,22.429906542056,1.5625000000000058,2017
62385,Grand-Rullecourt,409.999999999998,35.32467532467532,23.896103896103895,1.478260869565217,2017
62386,Grenay,6931.99999999998,43.862732532600816,17.93276389439063,2.4459549454237273,2017
62387,Grévillers,364.999999999999,29.120879120879152,26.37362637362639,1.1041666666666672,2017
62388,Grigny,296.000000000001,33.05861491953346,28.987696597720557,1.1404360745976974,2017
62389,Grincourt-lès-Pas,30.0,23.333333333333332,40.0,0.5833333333333334,2017
62390,Groffliers,1508.0,31.1321045985242,30.05497647063418,1.035838594947577,2017
62391,Guarbecque,1425.0,33.54519774011298,27.04802259887004,1.2402088772845954,2017
62392,Guémappe,336.0,29.5089193136364,26.77855092502941,1.1019610208278658,2017
62393,Guemps,1092.0,40.88397790055229,17.955801104972274,2.2769230769230786,2017
62395,Guigny,139.0,28.05755395683453,30.215827338129497,0.9285714285714286,2017
62396,Guinecourt,17.0,19.99999999999994,53.33333333333318,0.375,2017
62397,Guînes,5626.0,40.15466006593707,21.596608761580807,1.8593039541175573,2017
62398,Guisy,270.0,26.37362637362637,27.83882783882781,0.9473684210526323,2017
62399,Habarcq,676.000000000001,34.29438543247347,24.279210925644932,1.4125,2017
62400,Haillicourt,4886.0,38.418546884703055,22.955909749534236,1.6735798016230894,2017
62401,Haisnes,4337.0,37.92350234423702,21.979492045972666,1.7254039476852152,2017
62402,Halinghen,324.999999999998,32.26837060702878,23.642172523961708,1.3648648648648634,2017
62403,Hallines,1195.0,32.76706872360712,24.175351933385816,1.355391591150169,2017
62404,Halloy,217.0,28.57142857142857,28.571428571428566,1.0000000000000004,2017
62405,Hamblain-les-Prés,504.000000000001,35.54964103647604,21.858785242783906,1.6263319595132488,2017
62406,Hamelincourt,255.0,33.590733590733606,17.76061776061776,1.8913043478260883,2017
62407,Ham-en-Artois,991.999999999997,31.07403545359747,29.405630865484945,1.056737588652479,2017
62408,Hames-Boucres,1469.00000000001,38.02333562113922,19.21757035003425,1.9785714285714298,2017
62409,Hannescamps,196.000000000001,35.05154639175258,15.463917525773208,2.2666666666666653,2017
62410,Haplincourt,184.0,36.021505376344074,29.569892473118305,1.2181818181818167,2017
62411,Haravesnes,50.0,44.0,12.0,3.6666666666666665,2017
62412,Hardinghen,1210.0,32.130202039087024,29.471264240704986,1.0902213687429663,2017
62413,Harnes,12354.0,36.59767933013396,26.12816118847628,1.4006986203941219,2017
62414,Haucourt,238.0,34.24657534246576,25.114155251141533,1.3636363636363646,2017
62415,Haute-Avesnes,445.000000000002,33.56321839080457,30.114942528735583,1.114503816793894,2017
62416,Hautecloque,218.000000000001,28.571428571428587,27.64976958525343,1.0333333333333348,2017
62418,Hauteville,315.999999999999,34.294871794871824,28.205128205128194,1.2159090909090922,2017
62419,Haut-Loquin,185.0,44.32432432432433,15.675675675675677,2.8275862068965516,2017
62421,Havrincourt,403.000000000001,41.084444356599,21.74265784654042,1.8895778357261022,2017
62422,Hébuterne,523.999999999999,39.890699844902734,20.98634143019947,1.9007934268857256,2017
62423,Helfaut,1697.0,30.229817324690632,31.879787860931053,0.9482439926062847,2017
62424,Hendecourt-lès-Cagnicourt,312.0,35.8974358974359,24.679487179487182,1.4545454545454546,2017
62425,Hendecourt-lès-Ransart,135.0,42.335766423357704,17.51824817518247,2.4166666666666705,2017
62426,Héninel,177.0,29.891304347826104,25.543478260869513,1.17021276595745,2017
62427,Hénin-Beaumont,26022.0,39.984952895632766,22.337185425934162,1.790062272089527,2017
62428,Hénin-sur-Cojeul,527.000000000002,35.946462715105255,22.37093690248567,1.60683760683761,2017
62429,Henneveux,300.0,39.37792409129867,22.131583105788792,1.779263774447246,2017
62430,Hénu,164.0,43.373493975903656,18.674698795180703,2.3225806451612954,2017
62432,Herbinghen,378.0,38.442211055276374,20.85427135678391,1.843373493975904,2017
62433,Héricourt,95.0,30.612244897959158,29.591836734693928,1.034482758620687,2017
62434,La Herlière,149.0,42.56756756756772,18.91891891891898,2.250000000000001,2017
62435,Herlincourt,104.0,28.971962616822406,28.971962616822474,0.9999999999999977,2017
62436,Herlin-le-Sec,171.0,39.1566265060241,16.265060240963862,2.4074074074074066,2017
62437,Herly,313.0,34.42622950819668,31.803278688524557,1.0824742268041234,2017
62438,Hermaville,539.999999999998,33.644859813084125,25.607476635514004,1.3138686131386874,2017
62439,Hermelinghen,422.0,45.477728739329244,13.028504000340474,3.490633209932681,2017
62440,Hermies,1180.0,34.317855741441186,28.877697380265598,1.1883861545309107,2017
62441,Hermin,213.0,31.455399061032864,19.248826291079812,1.6341463414634145,2017
62442,Hernicourt,567.000000000001,37.73146019744113,22.196886358512995,1.6998537357006507,2017
62443,Hersin-Coupigny,6244.99999999998,39.072881300355924,20.965351772228463,1.863688323709093,2017
62444,Hervelinghen,231.999999999999,29.385964912280777,28.947368421052666,1.0151515151515165,2017
62445,Hesdigneul-lès-Béthune,822.0,32.56406129536679,26.12375513643278,1.2465306432899539,2017
62446,Hesdigneul-lès-Boulogne,677.0,35.267080141559525,25.632498467436125,1.3758736857572937,2017
62447,Hesdin,2225.00000000001,30.288650245074827,35.62625632511421,0.8501777444329249,2017
62448,Hesdin-l'Abbé,1863.0,30.567664263887657,29.723083257301685,1.0284149864021424,2017
62449,Hesmond,165.0,25.624999999999996,33.75,0.7592592592592593,2017
62450,Hestrus,243.0,32.231404958677736,29.75206611570252,1.0833333333333335,2017
62451,Heuchin,529.000000000002,34.13654618473892,27.309236947791177,1.2499999999999982,2017
62452,Heuringhem,1339.0,30.220588235294176,30.00000000000001,1.0073529411764721,2017
62453,Hézecques,122.0,36.66666666666673,20.833333333333435,1.7599999999999945,2017
62454,Hinges,2452.00000000001,32.083333333333314,24.41666666666664,1.3139931740614341,2017
62455,Hocquinghen,112.0,33.92857142857143,28.57142857142857,1.1875,2017
62456,Houchin,718.000000000002,31.995973536083618,23.807748949613476,1.3439310706694543,2017
62457,Houdain,7245.99999999999,35.766526019690495,27.72151898734175,1.2902080162354117,2017
62458,Houlle,1127.0,37.267080745341616,21.472937000887313,1.7355371900826446,2017
62459,Houvin-Houvigneul,232.0,31.063829787234017,32.765957446808486,0.9480519480519479,2017
62460,Hubersent,269.0,36.466165413533794,22.180451127819534,1.6440677966101687,2017
62461,Huby-Saint-Leu,886.0,29.571106094808126,39.05191873589165,0.7572254335260116,2017
62462,Huclier,137.0,43.75,9.027777777777773,4.8461538461538485,2017
62463,Hucqueliers,464.0,35.17250936589051,31.550435607570225,1.1148026544980953,2017
62464,Hulluch,3448.0,38.92444747451749,19.848231253565356,1.961104089188071,2017
62465,Humbercamps,218.0,24.31192660550459,34.862385321100916,0.6973684210526315,2017
62466,Humbert,232.0,38.551797196465216,21.26483916544121,1.8129362228668109,2017
62467,Humerœuille,175.999999999999,37.35632183908055,28.160919540229944,1.3265306122448983,2017
62468,Humières,229.0,29.816513761467906,36.238532110091725,0.8227848101265831,2017
62469,Inchy-en-Artois,624.0,38.46652717933846,21.855739352923624,1.7600194877046256,2017
62470,Incourt,86.0000000000002,29.268292682926766,35.365853658536665,0.8275862068965483,2017
62471,Bellinghem,1070.0,38.10861423220972,17.509363295880156,2.176470588235292,2017
62472,Inxent,162.0,25.766871165644194,35.582822085889596,0.724137931034483,2017
62473,Isbergues,8845.00000000004,31.744053728372158,30.34585131274765,1.0460755706344989,2017
62474,Isques,1153.0,31.379310344827584,28.706896551724142,1.0930930930930929,2017
62475,Ivergny,259.0,43.67816091954024,20.68965517241377,2.1111111111111143,2017
62476,Izel-lès-Équerchin,1011.0,33.26904532304718,24.78302796528445,1.342412451361866,2017
62477,Izel-lès-Hameau,726.999999999999,33.90770383864888,20.777380205458478,1.6319528017175573,2017
62478,Journy,286.999999999999,34.62897526501765,22.968197879858643,1.5076923076923079,2017
62479,Labeuvrière,1645.0,33.86018237082067,23.465045592705167,1.4430051813471503,2017
62480,Labourse,2847.0,40.53389532841587,17.105725324903407,2.3696098562628336,2017
62481,Labroye,165.0,29.220779220779146,29.870129870129862,0.9782608695652153,2017
62483,Lacres,247.0,39.67611336032389,19.02834008097166,2.0851063829787235,2017
62484,Lagnicourt-Marcel,331.0,36.70745586142051,24.871584735817255,1.4758792514157157,2017
62485,Laires,363.999999999999,43.078051711432515,18.628746068492745,2.3124504222155604,2017
62486,Lambres,1061.0,36.56927426955702,27.04995287464656,1.3519163763066202,2017
62487,Landrethun-le-Nord,1299.0,42.625152776427875,17.991203436240124,2.3692218770961686,2017
62488,Landrethun-lès-Ardres,753.0,38.421052631579016,19.078947368421016,2.013793103448284,2017
62489,Lapugnoy,3459.0,35.59273146812807,25.901355638880908,1.3741648106904218,2017
62490,Lattre-Saint-Quentin,267.0,36.9402985074627,17.164179104477608,2.1521739130434794,2017
62491,Laventie,4994.0,35.448539753212735,24.87840400611021,1.4248719389116145,2017
62492,Lebiez,249.999999999999,36.84210526315786,27.125506072874465,1.3582089552238807,2017
62493,Lebucquière,234.0,34.02489626556017,21.991701244813303,1.5471698113207533,2017
62494,Léchelle,49.0,38.0,16.0,2.375,2017
62495,Ledinghem,338.000000000001,45.48192771084339,15.963855421686745,2.849056603773586,2017
62496,Lefaux,238.000000000001,32.47863247863243,26.495726495726483,1.2258064516129017,2017
62497,Leforest,7167.0,39.277242918934,21.989674898841916,1.7861675126903553,2017
62498,Lens,31415.0,39.267465816914246,24.815786888284048,1.5823582783688828,2017
62499,Lépine,273.0,31.01045296167249,31.70731707317073,0.9780219780219784,2017
62500,Lespesses,405.0,29.38271604938272,30.617283950617285,0.9596774193548387,2017
62501,Lespinoy,222.0,30.180180180180184,31.53153153153153,0.9571428571428572,2017
62502,Lestrem,4532.0,36.80494263018535,21.932921447484553,1.6780684104627765,2017
62503,Leubringhen,295.0,35.59322033898305,15.254237288135593,2.3333333333333335,2017
62504,Leulinghem,251.999999999999,37.09677419354836,16.53225806451611,2.243902439024391,2017
62505,Leulinghen-Bernes,470.0,35.355855596410215,19.60424940115018,1.8034791780569719,2017
62506,Licques,1631.0,36.72593500919682,23.237277743715513,1.5804749340369393,2017
62507,Liencourt,290.999999999999,36.78571428571429,18.571428571428555,1.9807692307692326,2017
62508,Lières,380.0,36.18832867804008,21.68343841864526,1.6689386608962482,2017
62509,Liettres,326.999999999999,44.272445820433475,14.551083591331263,3.042553191489366,2017
62510,Liévin,30785.0,39.088771721520644,23.52424699760499,1.6616375319261139,2017
62511,Lignereuil,137.0,30.4964539007092,30.49645390070924,0.9999999999999984,2017
62512,Ligny-lès-Aire,598.000000000001,32.98969072164954,23.367697594501738,1.4117647058823541,2017
62513,Ligny-sur-Canche,194.0,23.711340206185564,41.75257731958763,0.5679012345679012,2017
62514,Ligny-Saint-Flochel,258.0,34.27419354838705,24.193548387096754,1.4166666666666663,2017
62515,Ligny-Thilloy,531.999999999999,30.592734225621417,27.533460803059285,1.1111111111111107,2017
62516,Lillers,9931.0,39.03615163825194,23.794014087803692,1.640587060854984,2017
62517,Linghem,205.0,29.000000000000004,26.5,1.0943396226415094,2017
62518,Linzeux,153.0,34.810126582278436,22.151898734177188,1.571428571428571,2017
62519,Lisbourg,591.0,36.71742808798646,28.76480541455161,1.276470588235294,2017
62520,Locon,2465.00000000001,31.659399834786566,26.280437421062757,1.204675528323314,2017
62521,La Loge,201.0,28.855721393034827,34.32835820895522,0.8405797101449275,2017
62522,Loison-sur-Créquoise,266.0,31.203007518796994,34.58646616541353,0.9021739130434783,2017
62523,Loison-sous-Lens,5410.0,38.45684120056137,22.74425486027875,1.690837595551374,2017
62524,Longfossé,1452.0,35.272869030601726,26.247026958036873,1.343880550242706,2017
62525,Longuenesse,11023.0,36.903916750293384,25.374813384427668,1.4543522425643154,2017
62526,Longueville,138.0,30.555555555555507,26.38888888888889,1.1578947368421035,2017
62527,Longvilliers,247.0,33.561230085442105,23.693668413132997,1.4164640738721441,2017
62528,Loos-en-Gohelle,6751.0,37.41757357147504,23.90353505320977,1.565357320086035,2017
62529,Lorgies,1586.0,35.687263556116015,19.419924337957127,1.8376623376623376,2017
62530,Lottinghen,545.0,37.06422018348624,23.119266055045873,1.6031746031746033,2017
62531,Louches,959.999999999997,37.76059370654397,18.161029383679693,2.079209989081198,2017
62532,Lozinghem,1262.0,40.01584786053883,19.334389857369256,2.069672131147541,2017
62533,Lugy,147.0,39.72602739726013,20.547945205479415,1.93333333333333,2017
62534,Lumbres,3626.0,36.514065085493655,26.53061224489796,1.3762993762993763,2017
62535,La Madelaine-sous-Montreuil,161.0,31.51515151515155,26.06060606060605,1.2093023255813973,2017
62536,Magnicourt-en-Comte,649.000000000002,34.257019342792866,25.336449784419006,1.352084433070796,2017
62537,Magnicourt-sur-Canche,117.0,31.932773109243673,28.571428571428637,1.117647058823526,2017
62538,Maintenay,426.0,34.037558685446015,26.995305164319248,1.2608695652173914,2017
62539,Maisnil,242.0,31.40495867768595,26.859504132231404,1.1692307692307693,2017
62540,Maisnil-lès-Ruitz,1680.0,38.392857142857146,20.714285714285715,1.853448275862069,2017
62541,Maisoncelle,125.0,30.57851239669416,28.09917355371896,1.088235294117647,2017
62542,Maizières,193.0,35.751295336787564,18.65284974093264,1.9166666666666667,2017
62543,Mametz,1997.0,33.56643356643355,25.374625374625392,1.32283464566929,2017
62544,Manin,185.0,32.972972972972975,27.56756756756757,1.196078431372549,2017
62545,Maninghem,151.0,36.423841059602644,24.503311258278146,1.4864864864864864,2017
62546,Maninghen-Henne,314.0,26.48557486272729,25.964944768549493,1.0200512690790864,2017
62547,Marant,66.0,22.727272727272727,36.36363636363637,0.625,2017
62548,Marck,10676.0,38.72010074214453,20.04538045811037,1.931622142221719,2017
62549,Marconne,1093.0,27.33752454285105,38.27260157666624,0.7142844598136228,2017
62550,Marconnelle,1134.0,29.57284924256764,35.03296774115587,0.8441434211645786,2017
62551,Marenla,242.999999999999,31.512605042016794,28.57142857142855,1.1029411764705885,2017
62552,Maresquel-Ecquemicourt,986.0,32.03883495145629,33.883495145631,0.9455587392550155,2017
62553,Marest,285.000000000001,30.742049469964634,24.38162544169608,1.2608695652173916,2017
62554,Maresville,102.0,37.62376237623764,22.772277227722753,1.6521739130434807,2017
62555,Marles-les-Mines,5579.0,37.541369408121405,25.280706707216243,1.4849810111283566,2017
62556,Marles-sur-Canche,299.000000000001,35.42409903597152,25.17666636593289,1.4070210297541481,2017
62557,Marœuil,2464.0,31.672951810190785,25.120883386554695,1.2608215771242712,2017
62558,Marquay,178.999999999999,34.09090909090913,28.97727272727279,1.176470588235293,2017
62559,Marquion,976.000000000001,35.185185185185205,25.20576131687241,1.3959183673469409,2017
62560,Marquise,5088.0,38.50235849056604,23.919025157232703,1.609695973705834,2017
62561,Martinpuich,196.0,29.081632653061224,35.204081632653065,0.8260869565217391,2017
62562,Matringhem,185.0,30.459770114942593,32.758620689655245,0.9298245614035087,2017
62563,Mazingarbe,8053.00000000001,43.728390849710614,18.291636276402166,2.3906221504154943,2017
62564,Mazinghem,474.0,38.36975507782975,17.31599938921028,2.21585564976043,2017
62565,Mencas,77.0,24.675324675324674,41.55844155844156,0.59375,2017
62566,Menneville,700.000000000003,31.343283582089594,26.268656716417986,1.1931818181818161,2017
62567,Mentque-Nortbécourt,650.999999999999,39.246467817896374,20.565149136577705,1.9083969465648851,2017
62568,Mercatel,697.0,37.92639660294462,22.310953865903528,1.69990027458688,2017
62569,Merck-Saint-Liévin,656.0,36.115326251896946,27.16236722306527,1.32960893854749,2017
62570,Méricourt,11363.0,36.62561885959412,25.83313343102721,1.4177768623145213,2017
62571,Merlimont,3348.0,28.52668436963662,34.604042852420974,0.8243743221362019,2017
62572,Metz-en-Couture,663.999999999997,36.05769230769233,24.839743589743644,1.451612903225804,2017
62573,Meurchin,3786.0,35.91082415816296,22.573192763787834,1.5908615380174091,2017
62574,Mingoval,230.0,36.79653679653678,24.242424242424217,1.5178571428571437,2017
62576,Moncheaux-lès-Frévent,139.0,41.726618705035975,20.863309352517987,2.0,2017
62577,Monchel-sur-Canche,90.0,46.067415730337004,17.9775280898876,2.5625000000000018,2017
62578,Monchiet,96.0,35.0515463917526,22.680412371134004,1.5454545454545476,2017
62579,Monchy-au-Bois,561.000000000001,38.14385749745838,21.239014616080308,1.7959334831183371,2017
62580,Monchy-Breton,476.0,41.04627766599601,18.913480885311863,2.1702127659574493,2017
62581,Monchy-Cayeux,300.0,32.666666666666664,27.333333333333332,1.1951219512195121,2017
62582,Monchy-le-Preux,651.000000000001,32.41829494423295,21.60102600347026,1.500775701072017,2017
62583,Mondicourt,591.999999999997,37.91304347826083,24.34782608695654,1.5571428571428543,2017
62584,Mont-Bernanchon,1359.0,34.65048447150463,19.781458255082537,1.7516648178655754,2017
62585,Montcavrel,413.000000000002,35.33834586466164,29.573934837092715,1.1949152542372885,2017
62586,Montenescourt,460.0,31.381550960232087,28.509312991367867,1.1007473582311116,2017
62587,Montigny-en-Gohelle,10198.0,39.92530367700059,23.335109402396615,1.7109542101782513,2017
62588,Montreuil,2014.00000000001,29.48421651719295,37.64981492092633,0.7831171701405943,2017
62589,Mont-Saint-Éloi,1023.0,32.44575936883626,25.345167652859914,1.2801556420233475,2017
62590,Monts-en-Ternois,62.9999999999999,40.983606557377044,21.311475409836063,1.923076923076923,2017
62591,Morchies,210.0,35.64356435643566,21.287128712871286,1.6744186046511638,2017
62592,Moringhem,558.000000000001,38.43166736716756,20.61032972835939,1.8646798898266235,2017
62593,Morval,94.0,38.297872340425535,25.53191489361702,1.5,2017
62594,Mory,309.0,36.89320388349515,21.68284789644013,1.7014925373134329,2017
62595,Moulle,1117.0,35.8090185676393,22.723253757736465,1.5758754863813285,2017
62596,Mouriez,249.0,31.72690763052209,29.71887550200803,1.0675675675675675,2017
62597,Moyenneville,272.0,34.275618374558306,30.03533568904593,1.141176470588236,2017
62598,Muncq-Nieurlet,734.000000000002,42.207971162511335,15.577747144589871,2.709504190223687,2017
62599,Nabringhen,212.0,35.426008968609864,21.524663677130057,1.6458333333333321,2017
62600,Nédon,153.0,31.818181818181827,27.27272727272732,1.166666666666665,2017
62601,Nédonchel,281.999999999999,32.72357573939657,36.849028491508925,0.8880444635585718,2017
62602,Nempont-Saint-Firmin,198.000000000001,32.642487046632105,24.87046632124351,1.3125000000000002,2017
62603,Nesles,953.0,34.66236895513861,24.76596825423581,1.39959676114057,2017
62604,Neufchâtel-Hardelot,3746.0,29.4981313400961,34.08969567538708,0.86530931871574,2017
62605,Neulette,28.0,39.285714285714285,25.0,1.5714285714285714,2017
62606,Neuve-Chapelle,1440.0,35.77275860869896,17.648681463592148,2.0269366118083876,2017
62607,Neuville-au-Cornet,71.0,31.944444444444365,24.99999999999993,1.2777777777777783,2017
62608,Neuville-Bourjonval,168.0,29.166666666666668,31.547619047619047,0.9245283018867925,2017
62609,Neuville-Saint-Vaast,1526.0,30.278802546414152,29.393403920462347,1.0301223576673075,2017
62610,Neuville-sous-Montreuil,650.000000000002,37.46130030959742,22.910216718266263,1.63513513513513,2017
62611,Neuville-Vitasse,505.000000000001,32.17698944178146,23.76986812028451,1.3536881769370255,2017
62612,Neuvireuil,574.0,36.41114982578397,21.602787456445995,1.685483870967742,2017
62613,Nielles-lès-Bléquin,847.0,35.5056179775281,27.303370786516833,1.300411522633746,2017
62614,Nielles-lès-Ardres,557.0,35.34482758620686,20.34482758620691,1.7372881355932173,2017
62615,Nielles-lès-Calais,280.999999999999,38.848920863309324,12.230215827338117,3.176470588235295,2017
62616,Nœux-lès-Auxi,179.0,33.149171270718206,29.834254143646373,1.1111111111111118,2017
62617,Nœux-les-Mines,12074.0,36.734532651736544,26.66340519042796,1.3777134761813572,2017
62618,Nordausques,1273.0,46.66142969363708,13.040062843676356,3.5783132530120483,2017
62619,Noreuil,160.0,40.000000000000064,23.225806451612936,1.7222222222222225,2017
62620,Norrent-Fontes,1397.99999999999,30.280897422850288,28.118478858954543,1.076903824518484,2017
62621,Nortkerque,1613.0,36.6157304371168,20.90114068423683,1.7518532117594692,2017
62622,Nort-Leulinghem,234.0,46.0,11.6,3.9655172413793105,2017
62623,Nouvelle-Église,679.0,46.09720176730486,9.425625920471282,4.890625,2017
62624,Noyelles-Godault,5973.0,40.30125328749472,21.85037656713516,1.844419164295377,2017
62625,Noyelles-lès-Humières,53.0,35.7142857142857,23.214285714285698,1.5384615384615388,2017
62626,Noyelles-lès-Vermelles,2401.0,41.562574157253394,17.82239645921174,2.3320418358088553,2017
62627,Noyelles-sous-Bellonne,811.999999999999,37.55178570922258,16.297850951933157,2.304094314027851,2017
62628,Noyelles-sous-Lens,6561.0,35.19280597469898,27.312909617436365,1.2885044642857142,2017
62629,Noyellette,173.0,29.714285714285722,25.14285714285715,1.1818181818181817,2017
62630,Noyelle-Vion,294.0,37.07482993197279,24.489795918367346,1.5138888888888888,2017
62631,Nuncq-Hautecôte,476.000000000001,43.909954901293666,19.958202117858445,2.2000957121284674,2017
62632,Oblinghem,379.0,42.30769230769224,19.230769230769205,2.1999999999999993,2017
62633,Œuf-en-Ternois,249.0,32.53012048192771,27.710843373493976,1.173913043478261,2017
62634,Offekerque,1167.0,42.8796298097317,14.293562667953305,2.9999259670837297,2017
62635,Offin,207.0,27.500000000000004,31.5,0.8730158730158731,2017
62636,Offrethun,264.0,27.139938655150797,26.062196774703956,1.0413526875636554,2017
62637,Oignies,9767.0,36.66390313645837,24.918271377214317,1.471366234897998,2017
62638,Oisy-le-Verger,1217.0,31.224322103533282,30.238290879211178,1.0326086956521738,2017
62639,Oppy,399.0,36.8461554512524,20.515657006612845,1.7960017287955106,2017
62640,Orville,402.0,38.61232417776383,22.43397195788602,1.7211541607633496,2017
62641,Ostreville,238.999999999999,27.55555555555564,29.33333333333341,0.9393939393939398,2017
62642,Ourton,769.0,36.30338133801067,24.75475879920442,1.4665213114165911,2017
62643,Outreau,13422.0,35.87056854719825,25.645987753317605,1.3986814971693957,2017
62644,Ouve-Wirquin,505.999999999998,36.30952380952382,23.214285714285694,1.564102564102566,2017
62645,Oye-Plage,5373.0,35.51162731996728,25.248023296468265,1.406511191113116,2017
62646,Palluel,563.000000000001,32.00871845396614,25.282245581401554,1.2660551987325368,2017
62647,Le Parcq,775.999999999997,33.691275167785314,28.187919463087212,1.1952380952380994,2017
62648,Parenty,520.000000000001,35.030023461344044,21.088068164121314,1.6611300375509601,2017
62649,Pas-en-Artois,762.0,30.839895013123357,31.36482939632546,0.9832635983263598,2017
62650,Pelves,740.0,33.95472703062581,26.631158455392768,1.2750000000000015,2017
62651,Penin,474.0,43.24894514767932,17.932489451476794,2.411764705882353,2017
62652,Pernes,1686.0,36.79719508010783,26.405801888490327,1.3935268936538854,2017
62653,Pernes-lès-Boulogne,421.0,27.078384798099762,33.4916864608076,0.8085106382978723,2017
62654,Peuplingues,777.0,39.43819751622612,17.19345691519246,2.293791045672601,2017
62655,Pierremont,292.0,35.54817275747507,24.584717607973406,1.4459459459459465,2017
62656,Pihem,948.0,33.07943722930021,23.03316128330419,1.4361657447898029,2017
62657,Pihen-lès-Guînes,499.0,36.67334669338677,21.442885771543086,1.7102803738317758,2017
62658,Pittefaux,124.0,29.365079365079406,28.57142857142861,1.027777777777778,2017
62659,Planques,81.0,24.705882352941224,32.941176470588225,0.7500000000000018,2017
62660,Plouvain,454.0,31.955601623909498,24.347125046788186,1.3125000000000002,2017
62661,Bouin-Plumoison,493.999999999999,34.83272108862163,28.68822188737971,1.2141819463528676,2017
62662,Polincove,852.999999999997,37.70079890419861,18.89311995542109,1.9954776655816946,2017
62663,Pommera,306.0,38.23529411764706,19.934640522875817,1.9180327868852458,2017
62664,Pommier,232.0,34.91379310344828,20.25862068965517,1.7234042553191489,2017
62665,Le Ponchel,207.0,22.32558139534884,41.860465116279094,0.5333333333333331,2017
62666,Pont-à-Vendin,3187.0,44.1794791339818,15.751490429871353,2.804780876494024,2017
62667,Le Portel,9240.00000000002,38.97041703242253,24.358313901843555,1.5998815513036417,2017
62668,Prédefin,190.0,32.631578947368425,29.47368421052631,1.1071428571428572,2017
62669,Pressy,317.000000000001,36.82539682539686,31.111111111111107,1.1836734693877562,2017
62670,Preures,605.0,34.06469640591357,28.31964700682891,1.202864442402807,2017
62671,Pronville-en-Artois,324.0,37.65432098765432,19.444444444444446,1.9365079365079365,2017
62672,Puisieux,661.0,36.61119515885023,24.05446293494705,1.5220125786163523,2017
62673,Quéant,657.000000000001,40.090775296116206,17.238417808591596,2.3256644398150645,2017
62674,Quelmes,575.999999999999,37.378506161753606,18.782110726305547,1.990112118197803,2017
62675,Quercamps,269.0,35.31598513011153,27.137546468401485,1.3013698630136987,2017
62676,Quernes,458.0,34.49781659388647,20.96069868995633,1.6458333333333333,2017
62677,Le Quesnoy-en-Artois,347.0,33.6414757567081,31.22614456957101,1.0773496446785418,2017
62678,Quesques,676.000000000001,34.728645266801045,25.418309814306774,1.36628460037315,2017
62679,Questrecques,307.0,32.925798578676705,18.543600833176782,1.7755881867219878,2017
62680,Quiéry-la-Motte,737.0,33.51424694708277,25.37313432835821,1.320855614973262,2017
62681,Quiestède,614.0,33.811802232854824,22.009569377990452,1.5362318840579674,2017
62682,Quilen,60.0,41.379310344827665,22.413793103448285,1.8461538461538487,2017
62683,Quœux-Haut-Maînil,257.0,32.97499383859646,27.65610862702178,1.1923222562981182,2017
62684,Racquinghem,2276.00000000001,34.42284489645248,24.48460423886155,1.4058975411910937,2017
62685,Radinghem,275.0,45.09090909090909,15.272727272727273,2.9523809523809526,2017
62686,Ramecourt,382.0,37.60913869480937,23.29111091661871,1.6147421576174985,2017
62688,Rang-du-Fliers,4171.0,31.15735899911539,30.772816710098116,1.0124961680511713,2017
62689,Ransart,404.0,35.35353535353535,23.73737373737375,1.4893617021276584,2017
62690,Raye-sur-Authie,250.0,37.500068806394516,27.266275590239324,1.3753278727887077,2017
62691,Saint-Augustin,805.0,38.01242236024845,18.509316770186334,2.053691275167785,2017
62692,Rebergues,375.000000000002,43.86920980926422,12.26158038147137,3.5777777777777766,2017
62693,Rebreuve-Ranchicourt,1074.0,30.446927374301673,25.69832402234637,1.184782608695652,2017
62694,Rebreuve-sur-Canche,194.0,28.723404255319124,33.51063829787226,0.8571428571428583,2017
62695,Rebreuviette,268.0,38.32116788321168,25.912408759124077,1.4788732394366204,2017
62696,Reclinghem,241.000000000001,37.71186440677964,19.491525423728817,1.9347826086956508,2017
62697,Récourt,211.0,34.12322274881517,21.80094786729858,1.565217391304348,2017
62698,Recques-sur-Course,278.999999999999,29.45454545454545,32.7272727272727,0.9000000000000006,2017
62699,Recques-sur-Hem,631.0,38.90625,21.09375,1.8444444444444443,2017
62700,Regnauville,213.0,30.697674418604652,26.046511627906995,1.1785714285714277,2017
62701,Rely,454.000000000002,37.25055432372499,23.946784922394666,1.5555555555555538,2017
62702,Remilly-Wirquin,349.000000000001,34.822682123995975,25.215596829160873,1.380997735644507,2017
62703,Rémy,395.0,38.06208271318463,18.27770480463182,2.0824322922394054,2017
62704,Renty,624.000000000002,34.494195688225474,22.056384742951906,1.5639097744360875,2017
62705,Rety,2096.0,39.599236641221374,18.51145038167939,2.1391752577319587,2017
62706,Richebourg,2622.0,32.33510235026537,26.42153146322973,1.2238163558106172,2017
62708,Riencourt-lès-Bapaume,35.0,39.39393939393937,21.2121212121212,1.857142857142857,2017
62709,Riencourt-lès-Cagnicourt,261.999999999999,33.596837944664024,24.11067193675887,1.393442622950821,2017
62710,Rimboval,142.0,38.028169014084504,17.6056338028169,2.16,2017
62711,Rinxent,3001.0,36.38787070976341,23.092302565811394,1.5757575757575757,2017
62712,Rivière,1123.0,30.151650312221197,30.062444246208702,1.002967359050445,2017
62713,Robecq,1358.99999999999,33.23397913561857,23.695976154992646,1.4025157232704384,2017
62714,Roclincourt,782.0,28.15656565656569,28.030303030302967,1.004504504504508,2017
62715,Rocquigny,285.0,35.43859649122807,27.368421052631582,1.294871794871795,2017
62716,Rodelinghem,528.0,40.71969696969697,15.909090909090908,2.5595238095238093,2017
62717,Roëllecourt,538.0,35.687732342007436,26.022304832713754,1.3714285714285714,2017
62718,Rœux,1446.0,32.413305024770054,23.99150743099793,1.3510324483775806,2017
62719,Rollancourt,307.0,41.81266558412157,28.56469144052215,1.4637884561499486,2017
62720,Rombly,46.0,32.608695652173914,28.26086956521739,1.1538461538461537,2017
62721,Roquetoire,1944.0,34.400826446281016,23.708677685950473,1.4509803921568603,2017
62722,Rougefay,86.0,19.101123595505666,42.696629213483156,0.4473684210526325,2017
62723,Roussent,241.0,40.66390041493776,22.821576763485478,1.7818181818181817,2017
62724,Rouvroy,8738.0,39.185168230716414,21.52666514076448,1.820308346624136,2017
62725,Royon,135.0,36.2962962962963,25.925925925925924,1.4,2017
62726,Ruisseauville,199.0,36.81299382202588,24.37617158485498,1.5102040816326527,2017
62727,Ruitz,1583.0,33.66909960404826,27.770961766969005,1.212385076418007,2017
62728,Rumaucourt,685.000000000001,34.35867490174068,25.608684259779164,1.3416806015178293,2017
62729,Rumilly,254.0,34.82623699672855,28.076838815309745,1.2403902457045302,2017
62730,Ruminghem,1650.0,38.756989226123395,18.525353340788552,2.0921052631578934,2017
62731,Ruyaulcourt,294.0,31.292517006802722,31.63265306122449,0.989247311827957,2017
62732,Sachin,345.000000000001,39.067055393585996,19.825072886297356,1.970588235294119,2017
62733,Sailly-au-Bois,309.0,37.388474484823,25.817492991757813,1.4481837758902156,2017
62734,Sailly-en-Ostrevent,721.999999999999,35.797979124108956,21.42538138738466,1.6708210919030329,2017
62735,Sailly-Labourse,2336.0,39.877090077093875,20.457515285857227,1.9492636089907687,2017
62736,Sailly-sur-la-Lys,3982.00000000001,32.10366994291687,28.78382769591456,1.1153370664275313,2017
62737,Sains-en-Gohelle,6145.00000000002,37.557387187821035,22.59286151255343,1.662356367162821,2017
62738,Sains-lès-Fressin,162.0,38.18181818181821,26.060606060606062,1.4651162790697685,2017
62739,Sains-lès-Marquion,322.0,34.461538461538446,22.461538461538456,1.5342465753424654,2017
62740,Sains-lès-Pernes,292.0,37.66666666666664,21.333333333333325,1.7656249999999996,2017
62741,Saint-Amand,122.0,23.333333333333442,35.83333333333345,0.6511627906976754,2017
62742,Saint-Aubin,264.0,28.624535315985117,35.31598513011152,0.8105263157894734,2017
62743,Sainte-Austreberthe,401.0,27.522397816922616,34.70677697249789,0.7929978009404829,2017
62744,Sainte-Catherine,3511.0,33.12446596411279,26.68755340358872,1.24119530416222,2017
62745,Saint-Denœux,160.0,35.407596792561755,29.809973919676214,1.1877768456949505,2017
62746,Saint-Étienne-au-Mont,5076.0,37.096138691883375,22.990543735224588,1.6135389888603255,2017
62747,Saint-Floris,592.0,38.77221324717291,16.63974151857837,2.330097087378641,2017
62748,Saint-Folquin,2248.0,34.030249110320284,23.53202846975089,1.446124763705104,2017
62749,Saint-Georges,326.0,34.04907975460122,26.993865030674847,1.2613636363636365,2017
62750,Saint-Hilaire-Cottes,806.999999999999,34.863523573201036,27.047146401985128,1.2889908256880742,2017
62751,Saint-Inglevert,783.0,40.357598978288635,16.85823754789272,2.393939393939394,2017
62752,Saint-Josse,1136.0,32.705727248886966,24.832135415488782,1.3170726843124059,2017
62753,Saint-Laurent-Blangy,6606.00000000001,37.07418369804642,23.927763019433606,1.5494212170162158,2017
62754,Saint-Léger,450.0,37.84355179704018,19.661733615221983,1.9247311827956994,2017
62755,Saint-Léonard,3452.00000000002,31.141532669830756,31.025386646348778,1.0037435802108094,2017
62756,Sainte-Marie-Kerque,1648.0,41.7633244729858,17.79664073407249,2.3466970591268943,2017
62757,Saint-Martin-lez-Tatinghem,5906.0,32.5388060016955,28.94427915728469,1.1241878170424615,2017
62758,Saint-Martin-Boulogne,11204.0,33.97317124747688,28.384199020226063,1.1969043489044104,2017
62759,Saint-Martin-Choquel,482.0,36.15404841271233,20.802001025253478,1.738008202615776,2017
62760,Saint-Martin-d'Hardinghem,285.999999999999,36.20886799445244,28.9346249318291,1.2514027079929908,2017
62761,Saint-Martin-sur-Cojeul,210.0,33.33333333333333,23.809523809523807,1.4,2017
62762,Saint-Michel-sous-Bois,119.0,33.33333333333336,25.0,1.3333333333333344,2017
62763,Saint-Michel-sur-Ternoise,877.999999999997,29.850746268656707,34.21354764638351,0.8724832214765089,2017
62764,Saint-Nicolas,4738.0,34.88813845504432,26.382439848037148,1.3224,2017
62765,Saint-Omer,14782.0,43.88433524971107,20.71220952504193,2.1187664790978995,2017
62766,Saint-Omer-Capelle,1095.0,40.35874439461881,17.21973094170405,2.3437499999999964,2017
62767,Saint-Pol-sur-Ternoise,4970.99999999999,34.84796111592791,28.48883483347313,1.223214684616834,2017
62768,Saint-Rémy-au-Bois,101.0,34.285714285714356,31.428571428571445,1.0909090909090926,2017
62769,Saint-Tricat,760.0,38.204677786163685,20.09378393214064,1.9013182342950399,2017
62770,Saint-Venant,3026.99999999999,29.678913288691376,30.776948589389686,0.964322801608836,2017
62771,Sallaumines,9715.00000000001,39.825679422399865,24.102200632739844,1.6523669364988034,2017
62772,Salperwick,486.0,31.49109569931226,21.587313507139278,1.458777892343929,2017
62773,Samer,4496.00000000001,41.17856266826359,19.594945015483308,2.101489064436036,2017
62774,Sangatte,4820.0,34.639454680659505,23.267875291526817,1.4887244428920303,2017
62775,Sanghen,329.0,39.81762917933131,16.717325227963524,2.381818181818182,2017
62776,Sapignies,196.000000000001,39.487179487179496,18.97435897435898,2.0810810810810807,2017
62777,Le Sars,180.0,35.39325842696628,21.348314606741567,1.657894736842105,2017
62778,Sars-le-Bois,81.9999999999999,30.769230769230766,30.769230769230703,1.000000000000002,2017
62779,Sarton,183.0,35.32608695652175,24.45652173913038,1.444444444444448,2017
62780,Sauchy-Cauchy,364.0,34.34065934065934,25.0,1.3736263736263736,2017
62781,Sauchy-Lestrée,455.0,33.4065934065934,24.835164835164836,1.345132743362832,2017
62782,Saudemont,448.999999999999,36.03603603603608,27.25225225225228,1.3223140495867771,2017
62783,Saulchoy,316.999999999999,35.33004417728097,24.730593743875296,1.4285966824403762,2017
62784,Saulty,765.0,37.161290322580655,22.83870967741936,1.6271186440677967,2017
62785,Savy-Berlette,916.000000000003,36.18127375936789,23.125949578486892,1.5645313779039725,2017
62786,Selles,333.000000000001,33.553367107058094,27.44756956455522,1.2224531220566677,2017
62787,Sempy,325.000000000001,39.432176656151405,23.343848580441637,1.689189189189189,2017
62788,Seninghem,721.999999999999,35.49783549783537,20.057720057720037,1.7697841726618657,2017
62789,Senlecques,269.0,42.48360427039327,20.297330902453492,2.0930635892258107,2017
62790,Senlis,163.0,29.447852760736197,27.607361963190186,1.0666666666666667,2017
62791,Séricourt,53.9999999999998,33.33333333333338,31.372549019607852,1.0625000000000013,2017
62792,Serques,1148.0,32.11488250652735,23.846823324630158,1.3467153284671483,2017
62793,Servins,1093.0,36.09485745877832,18.30113076868281,1.972274714333194,2017
62794,Setques,607.999999999999,35.77841096612161,22.727585637032025,1.5742284084863265,2017
62795,Sibiville,111.0,35.13513513513514,25.225225225225223,1.3928571428571428,2017
62796,Simencourt,557.0,29.263913824057454,26.570915619389584,1.1013513513513513,2017
62797,Siracourt,269.0,32.706766917293194,21.052631578947345,1.5535714285714286,2017
62798,Sombrin,240.0,34.166666666666664,26.666666666666668,1.28125,2017
62799,Sorrus,817.000000000001,40.2223159247576,17.923227315506328,2.2441447188453143,2017
62800,Souastre,379.0,37.203166226912934,21.899736147757256,1.6987951807228916,2017
62801,Souchez,2496.0,31.231601351146438,27.14097201751528,1.150717864157234,2017
62802,Le Souich,154.0,37.17948717948714,26.282051282051295,1.4146341463414613,2017
62803,Surques,640.0,41.82389937106915,16.666666666666657,2.5094339622641506,2017
62804,Sus-Saint-Léger,376.0,41.66712464406365,19.367728711174678,2.151368664102714,2017
62805,Tangry,252.000000000001,29.218106995884767,29.218106995884767,1.0,2017
62806,Tardinghen,151.000000000001,25.333333333333215,37.33333333333319,0.678571428571428,2017
62808,Teneur,260.0,36.696355900145804,30.92708587526448,1.1865442495342116,2017
62809,Ternas,137.0,38.68613138686132,20.437956204379564,1.8928571428571428,2017
62810,Thélus,1204.0,31.427545731724422,25.275177755553248,1.2434154187034128,2017
62811,Thérouanne,1115.0,34.88584474885856,28.03652968036532,1.2442996742671042,2017
62812,Thiembronne,834.000000000001,38.46153846153844,21.367521367521324,1.800000000000003,2017
62813,La Thieuloye,493.0,37.13086652669213,20.283251034704087,1.8306171167118246,2017
62814,Thièvres,123.0,26.732673267326827,43.564356435643674,0.6136363636363643,2017
62815,Tigny-Noyelle,174.0,28.735632183908045,34.48275862068966,0.8333333333333334,2017
62816,Tilloy-lès-Hermaville,223.0,37.66816143497758,20.179372197309416,1.8666666666666667,2017
62817,Tilloy-lès-Mofflaines,1434.0,38.963459795495815,20.409588301587988,1.9090762253378832,2017
62818,Tilly-Capelle,159.0,31.168831168831133,32.467532467532386,0.9600000000000014,2017
62819,Tilques,1099.0,32.656826568265515,26.476014760147535,1.233449477351913,2017
62820,Tincques,825.000000000001,35.01656879773002,20.35837971878404,1.7200076470438033,2017
62821,Tingry,290.0,33.90410958904111,23.97260273972604,1.4142857142857141,2017
62822,Tollent,91.0,30.434782608695706,34.782608695652215,0.8750000000000006,2017
62823,Torcy,165.0,31.791907514450845,34.682080924855484,0.9166666666666663,2017
62824,Tortefontaine,222.0,26.548672566371668,35.398230088495595,0.7499999999999992,2017
62825,Tortequesne,826.0,34.74576271186441,20.823244552058114,1.6686046511627908,2017
62826,Le Touquet-Paris-Plage,4223.0,17.766351118679495,55.405082619487125,0.32066283955744335,2017
62827,Tournehem-sur-la-Hem,1436.00000000001,39.42857142857132,22.714285714285655,1.7358490566037734,2017
62828,Tramecourt,60.0,28.333333333333332,33.33333333333333,0.85,2017
62829,Le Transloy,411.0,35.629453681710224,20.665083135391924,1.7241379310344829,2017
62830,Trescault,178.0,33.70786516853933,26.40449438202247,1.2765957446808511,2017
62831,Troisvaux,279.0,30.96225471440882,27.926211822248987,1.1087166032931468,2017
62832,Tubersent,538.000000000001,31.29818981387767,26.178909060034865,1.1955498123356858,2017
62833,Vacquerie-le-Boucq,84.0000000000003,26.582278481012604,31.645569620253138,0.8399999999999992,2017
62834,Vacqueriette-Erquières,253.0,36.8,30.000000000000004,1.2266666666666666,2017
62835,Valhuon,569.000000000001,36.10108303249105,23.82671480144404,1.5151515151515182,2017
62836,Vaudricourt,971.0,29.039174750445696,33.53213838078652,0.8660102263888056,2017
62837,Vaudringhem,532.000000000002,40.316205533596836,19.36758893280633,2.0816326530612232,2017
62838,Vaulx,90.0,30.0,36.666666666666664,0.8181818181818182,2017
62839,Vaulx-Vraucourt,1018.0,30.967609337349316,32.12320189451518,0.9640262337185268,2017
62840,Vélu,134.999999999999,31.345416587428748,29.106458259755343,1.0769230769230742,2017
62841,Vendin-lès-Béthune,2443.0,32.38172920065252,27.283849918433955,1.1868460388639748,2017
62842,Vendin-le-Vieil,8607.99999999999,38.75360837155487,19.71124904052165,1.9660655847778419,2017
62843,Verchin,241.0,29.508196721311496,33.60655737704916,0.8780487804878061,2017
62844,Verchocq,644.999999999998,34.28571428571434,27.61904761904755,1.2413793103448327,2017
62845,Verlincthun,444.0,40.01946215884827,17.168537440619446,2.3309767822252163,2017
62846,Vermelles,4726.0,39.12816412434909,22.167463665803623,1.765116871927468,2017
62847,Verquigneul,1929.0,41.813129982334054,18.400841200381386,2.2723488305234336,2017
62848,Verquin,3452.0,34.259720432097126,26.341727805511518,1.3005874438095486,2017
62849,Verton,2425.00000000001,34.1764415084571,25.955999663370367,1.3167068096663441,2017
62850,Vieil-Hesdin,356.000000000001,28.7046022969893,34.80421244100867,0.8247450605481191,2017
62851,Vieille-Chapelle,777.999999999999,35.885066617740534,19.503481949525632,1.8399312856345298,2017
62852,Vieille-Église,1382.0,40.17392764617634,15.23771420067844,2.6364799284913514,2017
62853,Vieil-Moutier,385.999999999999,37.270341207349084,23.622047244094478,1.5777777777777786,2017
62854,Villers-au-Bois,568.0,38.81610851178896,17.455877902636615,2.223669799267214,2017
62855,Villers-au-Flos,272.0,39.682539682539705,19.047619047619083,2.083333333333331,2017
62856,Villers-Brûlin,365.000000000001,35.32745063365497,20.803826424223246,1.698122735369534,2017
62857,Villers-Châtel,135.0,33.846153846153925,19.23076923076929,1.7599999999999987,2017
62858,Villers-lès-Cagnicourt,263.999999999999,31.906614785992243,22.568093385214024,1.4137931034482758,2017
62859,Villers-l'Hôpital,265.0,36.60377358490566,22.641509433962266,1.6166666666666667,2017
62860,Villers-Sir-Simon,118.0,41.88034188034187,19.65811965811966,2.1304347826086945,2017
62861,Vimy,4264.99999999999,29.574553983138596,30.477035814855263,0.9703881362610476,2017
62862,Vincly,158.0,37.88819875776399,21.118012422360266,1.7941176470588227,2017
62863,Violaines,3667.0,35.85024391721966,22.844735327091453,1.569300033636417,2017
62864,Vis-en-Artois,653.999999999998,33.59013867488449,21.72573189522342,1.5460992907801447,2017
62865,Vitry-en-Artois,4676.99999999999,35.79725463128337,27.064481991661747,1.3226654270461222,2017
62866,Waben,431.0,29.561200923787517,25.173210161662812,1.1743119266055044,2017
62867,Wacquinghen,262.0,29.739776951672862,29.36802973977694,1.0126582278481018,2017
62868,Wail,262.0,30.888030888030837,28.57142857142852,1.0810810810810814,2017
62869,Wailly,1099.0,32.686980609418285,28.62419205909511,1.1419354838709679,2017
62870,Wailly-Beaucamp,1004.0,36.737441185198705,20.948668634796338,1.7536885911774254,2017
62871,Wambercourt,245.0,32.53012048192772,28.91566265060243,1.1249999999999991,2017
62872,Wamin,236.999999999999,32.340425531914946,30.638297872340463,1.0555555555555558,2017
62873,Wancourt,649.0,37.28813559322034,16.486902927580893,2.2616822429906542,2017
62874,Wanquetin,719.0,33.51877607788595,25.591098748261476,1.309782608695652,2017
62875,Wardrecques,1333.0,35.91193722758905,26.382980780946525,1.3611781597295565,2017
62876,Warlencourt-Eaucourt,138.0,37.67123287671232,19.863013698630127,1.8965517241379313,2017
62877,Warlincourt-lès-Pas,174.000000000001,32.919254658384986,21.118012422360167,1.5588235294117656,2017
62878,Warlus,377.0,28.116710875331563,28.381962864721483,0.9906542056074766,2017
62879,Warluzel,232.0,30.042918454935602,30.90128755364806,0.9722222222222218,2017
62880,Le Wast,206.000000000001,34.8039215686274,22.549019607843075,1.5434782608695674,2017
62881,Beauvoir-Wavans,380.000000000002,28.306878306878303,30.95238095238095,0.9145299145299145,2017
62882,Wavrans-sur-l'Aa,1270.0,33.33333333333331,24.697336561743306,1.3496732026143798,2017
62883,Wavrans-sur-Ternoise,201.0,35.175879396984875,22.110552763819065,1.590909090909091,2017
62885,Westrehem,244.0,36.82008368200841,21.338912133891213,1.7254901960784332,2017
62886,Wicquinghem,252.0,39.285714285714285,23.809523809523807,1.65,2017
62887,Widehem,244.0,35.390946502057666,22.222222222222275,1.5925925925925912,2017
62888,Wierre-au-Bois,225.999999999999,30.222222222222257,30.22222222222219,1.0000000000000022,2017
62889,Wierre-Effroy,857.0,33.25554259043174,26.254375729288213,1.2666666666666666,2017
62890,Willeman,187.999999999999,28.57142857142861,34.06593406593417,0.8387096774193534,2017
62891,Willencourt,134.0,30.43478260869567,31.159420289855017,0.9767441860465139,2017
62892,Willerval,651.0,33.85750130692197,23.4650298797753,1.442891889777819,2017
62893,Wimereux,6575.00000000001,29.89879032973464,31.99953900256769,0.934350658218405,2017
62894,Wimille,4083.0,33.71195825063671,25.96859166178904,1.2981819996130746,2017
62895,Wingles,8770.0,40.905486178445955,20.868820133909203,1.9601245262533886,2017
62896,Wirwignes,746.000000000001,32.65630172316591,25.610128737254577,1.2751322751322756,2017
62897,Wismes,491.0,30.260521042084154,29.058116232464915,1.0413793103448277,2017
62898,Wisques,225.999999999999,27.00986193229596,32.47796822045982,0.8316364419397648,2017
62899,Wissant,939.000000000001,25.409836065573778,40.04683840749419,0.6345029239766076,2017
62900,Witternesse,586.999999999998,31.34582623509376,25.042589437819508,1.251700680272107,2017
62901,Wittes,961.0,40.9137055837563,16.954314720812164,2.413173652694611,2017
62902,Wizernes,3344.00000000001,35.60223409944867,24.12432541114427,1.475781539698605,2017
62903,Zoteux,615.0,40.4332049988447,17.161050172166302,2.35610318676323,2017
62904,Zouafques,609.000000000001,41.754391152648864,15.994625643151817,2.610526315789468,2017
62905,Zudausques,915.0,39.95928313523738,16.258813593466712,2.457699813428837,2017
62906,Zutkerque,1753.00000000001,37.48775707896812,22.207040595790513,1.6881023348097166,2017
62907,Libercourt,8354.99999999999,39.14943032419657,22.76004003651133,1.7200949673811476,2017
62908,La Capelle-lès-Boulogne,1629.0,30.50951503990178,31.921424186617557,0.9557692307692308,2017
62909,Ytres,435.0,37.01149425287356,22.528735632183906,1.6428571428571428,2017
62001,Ablain-Saint-Nazaire,1966.0,29.82722744238006,31.332834530382314,0.9519479450050291,2022
62002,Ablainzevelle,220.000000000001,36.22448979591829,23.979591836734652,1.5106382978723396,2022
62003,Acheville,579.0,30.93092575398432,26.52114203397692,1.1662742771166459,2022
62004,Achicourt,7898.99999999999,34.530859118309706,28.363489852958036,1.2174404241976053,2022
62005,Achiet-le-Grand,968.999999999999,37.88278395413296,21.86853540311617,1.732296345220029,2022
62006,Achiet-le-Petit,310.999999999999,32.573184876788105,25.31717977213843,1.286604004472683,2022
62007,Acq,789.999999999999,36.89100743641426,20.77765777180281,1.775513286510992,2022
62008,Acquin-Westbécourt,799.000000000002,35.81679604946349,22.940253014118824,1.5613078036854982,2022
62009,Adinfer,283.0,36.76017893251547,20.264574165169012,1.8140119122611176,2022
62010,Affringues,255.000000000001,39.76377952755906,20.07874015748031,1.9803921568627454,2022
62011,Agnez-lès-Duisans,635.000000000001,27.41520689575126,33.73528519401843,0.8126567402077935,2022
62012,Agnières,255.0,40.78431372549019,18.43137254901961,2.2127659574468086,2022
62013,Agny,1863.0,29.979186034135267,29.787251190075416,1.0064435231984012,2022
62014,Aire-sur-la-Lys,9568.00000000001,33.00794878076366,29.26193863533663,1.1280164719128813,2022
62015,Airon-Notre-Dame,259.0,34.74903474903475,22.00772200772201,1.5789473684210527,2022
62016,Airon-Saint-Vaast,189.0,31.052631578947356,25.789473684210506,1.2040816326530617,2022
62017,Aix-en-Ergny,201.0,37.931034482758605,23.645320197044377,1.6041666666666632,2022
62018,Aix-en-Issart,267.0,36.14636415993543,20.408192670826256,1.771169291811277,2022
62019,Aix-Noulette,3915.0,34.18974979334932,26.98548104318751,1.266968327843855,2022
62020,Alembon,626.0,37.95554386722838,17.74947031756088,2.1384043122501586,2022
62021,Alette,372.0,33.88390711438554,25.77124311300566,1.3147952144103503,2022
62022,Alincthun,296.0,28.6140233098177,35.40245216291778,0.8082497556423337,2022
62023,Allouagne,2837.0,32.08492811035735,28.24174695725828,1.136081566020524,2022
62024,Alquines,985.0,41.915258652303855,20.909313885368135,2.0046214276612493,2022
62025,Ambleteuse,2010.0,31.615019982683336,31.897605030942728,0.9911408694168333,2022
62026,Ambricourt,119.0,32.49999999999999,22.499999999999975,1.444444444444446,2022
62027,Ambrines,212.0,36.96682464454972,22.274881516587637,1.6595744680851074,2022
62028,Ames,660.0,36.253880917260304,24.849263317165278,1.458951939722776,2022
62029,Amettes,466.0,30.346487572185044,33.23363952689657,0.9131256162186239,2022
62030,Amplier,303.0,30.8483169219798,27.908844398917854,1.1053240500053068,2022
62031,Andres,1534.0,35.23379388630495,24.626689471027344,1.4307158064325534,2022
62032,Angres,4718.99999999999,35.34274739291025,25.482819879863218,1.386924506766947,2022
62033,Annay,4544.0,35.04974152130621,26.418709004399627,1.3267015248727414,2022
62034,Annequin,2147.0,36.23660922217047,22.915696320447136,1.58130081300813,2022
62035,Annezin,5819.0,34.671689193058,26.225132161042904,1.3220787212871457,2022
62036,Anvin,709.0,32.2732088232488,31.218936859668123,1.0337702711761043,2022
62037,Anzin-Saint-Aubin,2833.0,28.203318037416164,33.00388280974232,0.8545454545454545,2022
62038,Ardres,4393.0,32.752778470004074,28.727108205118906,1.1401348940568905,2022
62039,Arleux-en-Gohelle,933.0,31.832797427652732,23.47266881028939,1.356164383561644,2022
62040,Arques,9526.0,34.45678250367552,27.487264435421398,1.2535544446275588,2022
62041,Arras,42621.0,41.63475530714228,22.364751444685265,1.8616238776503964,2022
62042,Athies,1049.0,32.07395002467893,25.901574583986154,1.2383011666213102,2022
62043,Les Attaques,2065.0,32.68765133171913,24.455205811138015,1.3366336633663367,2022
62044,Attin,863.999999999999,37.285925503928866,24.517745950093754,1.5207729772477834,2022
62045,Aubigny-en-Artois,1484.0,32.03811171867635,30.919211769456496,1.0361878549027295,2022
62046,Aubin-Saint-Vaast,735.0,31.893415915966123,31.485976150916677,1.0129403567828588,2022
62047,Aubrometz,142.0,37.086092715231835,27.81456953642386,1.3333333333333341,2022
62048,Auchel,10124.0,39.05895244472708,26.125580771077406,1.495046283831045,2022
62049,Auchy-au-Bois,549.000000000001,39.11597778980636,23.308532209452927,1.6781827975398047,2022
62050,Auchy-lès-Hesdin,1517.0,31.245880026367836,36.65128543177323,0.8525179856115108,2022
62051,Auchy-les-Mines,4642.0,36.53666252867362,22.81180209276374,1.6016561243209984,2022
62052,Audembert,435.0,32.65651082114184,23.25039468644139,1.4045572671583804,2022
62053,Audincthun,679.999999999999,33.76257113551138,24.580343777919587,1.3735597614318211,2022
62054,Audinghen,623.000000000001,32.68459450634125,26.164935291985124,1.2491754381044937,2022
62055,Audrehem,522.000000000001,35.68528358761807,22.22828533039256,1.6053997443890045,2022
62056,Audresselles,616.0,25.775037828423425,40.32071693435666,0.6392504843201564,2022
62057,Audruicq,5349.0,35.743269322602096,27.775294583020266,1.2868727356163796,2022
62058,Aumerval,194.000000000001,30.60109289617484,30.601092896174787,1.0000000000000018,2022
62059,Autingues,290.999999999999,31.72605339111176,32.89441873924437,0.9644813499398088,2022
62060,Auxi-le-Château,2549.0,31.22707521294664,35.622639854482635,0.8766075546480627,2022
62061,Averdoingt,293.0,38.50815886414205,19.272448595911882,1.9980937384526472,2022
62062,Avesnes,49.0000000000001,26.08695652173913,32.608695652173914,0.8,2022
62063,Avesnes-le-Comte,1817.0,35.861207902787775,27.729398262321947,1.293255899877032,2022
62064,Avesnes-lès-Bapaume,170.0,34.636871508379826,34.63687150837988,0.9999999999999983,2022
62065,Avion,17571.0,39.915507532625014,22.205127927061614,1.7975806157810772,2022
62066,Avondance,33.0,31.428571428571423,22.857142857142847,1.3750000000000004,2022
62067,Avroult,541.0,34.011090573012936,27.35674676524954,1.2432432432432432,2022
62068,Ayette,328.0,31.98527990290335,29.547182153799767,1.0825154065931815,2022
62069,Azincourt,304.0,37.49807930753789,24.74531823532866,1.5153605603666165,2022
62070,Bailleul-aux-Cornailles,267.0,33.33333333333333,25.842696629213485,1.289855072463768,2022
62071,Bailleul-lès-Pernes,409.0,33.92379545414745,25.214459728981737,1.3454103644804702,2022
62072,Bailleulmont,216.0,24.545454545454586,38.18181818181817,0.642857142857144,2022
62073,Bailleul-Sir-Berthoult,1432.0,33.26073638813366,24.789612020716113,1.3417207320686753,2022
62074,Bailleulval,233.0,36.71570521596888,23.399763946919613,1.5690630597494637,2022
62075,Baincthun,1321.0,32.359665905531415,24.811231994895522,1.3042345463614566,2022
62076,Bainghen,214.0,33.48623853211009,23.8532110091743,1.4038461538461549,2022
62077,Bajus,357.999999999999,34.56196147783971,23.63231771145901,1.4624871711622707,2022
62078,Balinghem,1225.0,35.183673469387756,21.877551020408163,1.6082089552238805,2022
62079,Bancourt,84.0,27.380952380952383,32.142857142857146,0.8518518518518519,2022
62080,Bapaume,3718.0,33.673994686334105,29.3974654092717,1.1454727207779491,2022
62081,Baralle,435.0,29.195402298850574,31.494252873563216,0.927007299270073,2022
62082,Barastre,314.0,41.15691036755914,19.559776031806344,2.1041606151641763,2022
62083,Barlin,7329.99999999999,36.56171876911874,26.212865669144396,1.3948005239334114,2022
62084,Barly,203.0,25.60386473429951,29.951690821256012,0.8548387096774198,2022
62085,Basseux,131.0,20.93023255813949,44.18604651162777,0.4736842105263162,2022
62086,Bavincourt,419.0,38.902147971360385,22.434367541766107,1.7340425531914894,2022
62087,Bayenghem-lès-Éperlecques,1019.0,37.193381533607365,18.11478452946341,2.0532058481354234,2022
62088,Bayenghem-lès-Seninghem,345.0,33.70230035088438,28.707190090331146,1.174002061672892,2022
62089,Bazinghen,408.0,35.78431372549019,25.735294117647058,1.3904761904761904,2022
62090,Béalencourt,133.0,38.356164383561584,27.397260273972552,1.4000000000000004,2022
62091,Beaudricourt,98.0,30.612244897959183,31.63265306122449,0.967741935483871,2022
62092,Beaufort-Blavincourt,404.0,30.090171860109205,32.77523064656605,0.9180765860838216,2022
62093,Beaulencourt,232.0,31.648922240826206,23.580487315707792,1.342165741407038,2022
62094,Beaumerie-Saint-Martin,384.0,32.55208333333333,27.34375,1.1904761904761905,2022
62095,Beaumetz-lès-Aire,228.000000000001,35.585585585585555,27.477477477477407,1.2950819672131169,2022
62096,Beaumetz-lès-Cambrai,536.0,36.19402985074627,22.574626865671643,1.603305785123967,2022
62097,Beaumetz-lès-Loges,1000.0,33.5226944031313,25.959396914534683,1.291351047695639,2022
62099,Beaurains,5530.0,34.16480856510123,26.59429814391406,1.2846666747969675,2022
62100,Beaurainville,2028.0,33.086785009861934,31.26232741617357,1.0583596214511042,2022
62101,Beauvois,133.0,36.23188405797105,19.56521739130435,1.8518518518518532,2022
62102,Bécourt,281.0,41.18655714209068,23.87627971384164,1.7249989376784636,2022
62103,Béhagnies,121.0,34.21052631578951,34.21052631578951,1.0,2022
62104,Bellebrune,429.000000000001,39.04726408852126,15.938640393244718,2.4498491166831697,2022
62105,Belle-et-Houllefort,524.0,26.81786760759489,33.534004467693315,0.7997215970264225,2022
62106,Bellonne,213.0,25.352112676056336,38.497652582159624,0.6585365853658537,2022
62107,Bénifontaine,337.0,28.486646884272997,32.93768545994065,0.8648648648648649,2022
62108,Berck,12967.0,26.360721073663147,39.036152889376716,0.675289933113182,2022
62109,Bergueneuse,215.0,29.767441860465116,33.02325581395349,0.9014084507042254,2022
62111,Berlencourt-le-Cauroy,273.0,37.89838653272422,26.231689875542436,1.4447558168206092,2022
62112,Berles-au-Bois,538.0,33.3234921400579,27.399348784145218,1.2162147503060627,2022
62113,Berles-Monchel,487.0,35.79553098455088,23.186601809151057,1.5438023768719513,2022
62114,Bermicourt,167.0,32.31707317073174,31.09756097560974,1.0392156862745114,2022
62115,Berneville,475.0,29.02294342253632,32.10274161758736,0.9040643247315742,2022
62116,Bernieulles,165.0,27.27272727272727,31.515151515151512,0.8653846153846154,2022
62117,Bertincourt,917.999999999999,37.77641591549851,26.461388305391587,1.4276052140394107,2022
62118,Béthonsart,150.0,29.375,25.624999999999996,1.146341463414634,2022
62119,Béthune,25342.0,39.63395311780006,24.169704061909066,1.6398195450089237,2022
62120,Beugin,464.999999999999,31.284992210496714,27.666549479346962,1.1307876406434751,2022
62121,Beugnâtre,181.0,41.37931034482757,16.666666666666664,2.482758620689655,2022
62122,Beugny,353.000000000001,35.92923171838225,25.256895171674294,1.422551405236738,2022
62123,Beussent,551.0,34.85160342099697,25.744819173003,1.3537326942091594,2022
62124,Beutin,434.0,38.754684312317025,20.9191264419433,1.8525957295526954,2022
62125,Beuvrequen,459.0,31.372549019607842,23.965141612200437,1.309090909090909,2022
62126,Beuvry,9077.99999999999,34.48405054862077,27.521189410841757,1.2530000078788763,2022
62127,Bezinghem,374.0,36.63101604278075,24.06417112299465,1.5222222222222221,2022
62128,Biache-Saint-Vaast,4519.0,37.333643102462716,22.21674066422123,1.6804284510817724,2022
62129,Biefvillers-lès-Bapaume,93.9999999999998,30.4347826086956,32.6086956521739,0.9333333333333321,2022
62130,Bienvillers-au-Bois,665.0,33.516506601497895,30.99892128396734,1.0812152556686754,2022
62131,Bihucourt,310.000000000001,38.06079901090981,20.12123611025055,1.8915735992740599,2022
62132,Billy-Berclau,5076.0,36.935958590663255,23.36303943136259,1.5809569084183606,2022
62133,Billy-Montigny,8027.0,41.90176217920394,20.243226660332635,2.069915181126338,2022
62134,Bimont,103.0,34.234234234234265,26.126126126126177,1.3103448275862057,2022
62135,Blairville,306.0,34.64052287581699,30.065359477124183,1.1521739130434783,2022
62137,Blangerval-Blangermont,93.0,28.86597938144323,34.02061855670105,0.8484848484848458,2022
62138,Blangy-sur-Ternoise,700.000000000001,29.40823450079442,33.00826203749558,0.89093556235673,2022
62139,Blendecques,4891.0,34.798609691269675,27.070128808014722,1.2854984894259818,2022
62140,Bléquin,484.999999999999,34.7465201018642,22.186423391573936,1.5661163355901877,2022
62141,Blessy,903.999999999999,37.502966273881455,20.088966157091058,1.8668440167909566,2022
62142,Blingel,158.999999999999,35.66878980891727,24.84076433121026,1.4358974358974348,2022
62143,Boffles,46.9999999999999,36.956521739130416,36.9565217391305,0.9999999999999978,2022
62144,Boiry-Becquerelle,473.0,35.569842654969996,23.755465649741335,1.4973330003050185,2022
62145,Boiry-Notre-Dame,443.0,27.452052427395845,30.747715767124024,0.8928159943753624,2022
62146,Boiry-Saint-Martin,258.0,32.55813953488372,26.356589147286826,1.2352941176470589,2022
62147,Boiry-Sainte-Rictrude,386.0,35.233160621761655,25.906735751295333,1.36,2022
62148,Bois-Bernard,833.0,30.213505525376227,31.66103802322094,0.9542803209173669,2022
62149,Boisdinghem,255.0,36.920200493837214,19.2370614197311,1.9192224679372725,2022
62150,Boisjean,513.0,34.63715724919228,26.22176267731738,1.320931688515146,2022
62151,Boisleux-au-Mont,522.0,37.893814490350444,22.28560044997934,1.700372156245203,2022
62152,Boisleux-Saint-Marc,256.0,35.15625,21.09375,1.6666666666666667,2022
62153,Bomy,628.0,34.119234593525796,26.925158804129506,1.2671878684813154,2022
62154,Bonnières,667.0,32.17818706334048,30.268024847203883,1.0631082545286417,2022
62155,Bonningues-lès-Ardres,620.0,33.19584554758484,25.768167770427624,1.2882501326183329,2022
62156,Bonningues-lès-Calais,598.0,30.76923076923077,27.926421404682273,1.1017964071856288,2022
62157,Boubers-lès-Hesmond,70.0,18.66666666666667,38.666666666666664,0.4827586206896553,2022
62158,Boubers-sur-Canche,577.0,31.51808557198146,32.82077847730617,0.9603088968098226,2022
62160,Boulogne-sur-Mer,41039.0,39.08679798928454,25.450636259911608,1.5357886376637206,2022
62161,Bouquehault,793.999999999998,40.72730769634469,16.031850777390787,2.5403996245886424,2022
62162,Bourecq,575.000000000001,36.31684793058393,25.39947049471966,1.4298269697446608,2022
62163,Bouret-sur-Canche,245.0,27.26187985997702,36.606414614849015,0.7447295821459259,2022
62164,Bourlon,1148.0,34.11523982132509,26.43356760593727,1.2906029307093012,2022
62165,Bournonville,226.000000000001,30.909090909090835,29.999999999999904,1.0303030303030312,2022
62166,Bours,588.0,34.183673469387756,25.170068027210885,1.3581081081081081,2022
62167,Boursin,242.0,37.288135593220375,23.30508474576275,1.5999999999999988,2022
62168,Bourthes,851.0,39.77640503567908,20.580111299018427,1.9327594714017038,2022
62169,Bouvelinghem,255.0,33.61344537815122,23.52941176470584,1.4285714285714293,2022
62170,Bouvigny-Boyeffles,2385.0,30.71936912879954,31.450589876163026,0.9767501738363994,2022
62171,Boyaval,138.0,42.94871794871797,15.38461538461536,2.7916666666666727,2022
62172,Boyelles,366.0,37.43169398907104,20.21857923497268,1.8513513513513513,2022
62173,Brebières,5210.0,35.25911708253359,24.01151631477927,1.4684252597921663,2022
62174,Brêmes,1311.0,31.631923677716628,31.008452140818576,1.0201065030291316,2022
62175,Brévillers,157.0,33.12101910828025,26.751592356687897,1.2380952380952381,2022
62176,Bréxent-Énocq,639.0,29.510669927457055,30.807495299041825,0.957905523996782,2022
62177,Brimeux,872.0,32.45412844036697,24.31192660550459,1.3349056603773586,2022
62178,Bruay-la-Buissière,21997.0,38.82392135864391,24.535776050666307,1.5823392452911464,2022
62179,Brunembert,394.0,35.25317377115921,23.169478036941094,1.521535086589005,2022
62180,Brias,297.0,35.35353535353536,22.22222222222222,1.5909090909090908,2022
62181,Bucquoy,1506.0,38.711819389110225,23.904382470119522,1.6194444444444445,2022
62182,Buire-au-Bois,238.0,29.90403776653215,34.120208464140674,0.876431859962415,2022
62183,Buire-le-Sec,752.0,39.16837825086063,20.519103739871873,1.9088737377330116,2022
62184,Buissy,287.0,38.819005590573205,19.348881564682664,2.006266122452741,2022
62185,Bullecourt,227.0,28.634361233480178,31.277533039647576,0.9154929577464789,2022
62186,Bully-les-Mines,12172.0,36.39132156716604,26.129907747568403,1.3927076175977906,2022
62187,Buneville,177.0,32.93413173652701,28.143712574850326,1.1702127659574477,2022
62188,Burbure,2827.0,34.67687783264153,26.794603956990628,1.2941739272692045,2022
62189,Bus,134.0,45.8646616541353,13.53383458646612,3.3888888888888977,2022
62190,Busnes,1242.0,30.110423074176495,31.3491185351713,0.9604870720813063,2022
62191,Caffiers,726.0,34.44189310538916,31.94374577664497,1.078204583338835,2022
62192,Cagnicourt,422.0,39.09952606635071,20.379146919431278,1.9186046511627908,2022
62193,Calais,67585.0,38.408141787807196,24.7157838213332,1.5539924634983886,2022
62194,Calonne-Ricouart,5416.0,37.052662746269796,26.308623289490622,1.4083847086392787,2022
62195,Calonne-sur-la-Lys,1578.0,34.45930611307776,25.869619198926024,1.3320376248332382,2022
62196,La Calotterie,586.0,29.811845373373536,32.01538332485646,0.9311725263719671,2022
62197,Camblain-Châtelain,1766.0,37.53410315198692,23.782359794532365,1.5782329203772336,2022
62198,Cambligneul,347.0,31.62413949593063,30.809198531412214,1.0264512224713516,2022
62199,Camblain-l'Abbé,680.999999999998,32.572224534376055,28.480657088295715,1.1436612727506836,2022
62200,Cambrin,1250.0,36.40228377173224,22.320901489911613,1.630860822901127,2022
62201,Camiers,2633.0,27.546848760807524,34.97245958488976,0.7876726169042295,2022
62202,Campagne-lès-Boulonnais,675.0,40.409913936534814,20.22172255826725,1.998341823753982,2022
62203,Campagne-lès-Guines,414.0,31.40096618357488,28.743961352657006,1.0924369747899159,2022
62204,Campagne-lès-Hesdin,1944.0,33.1275720164609,29.166666666666668,1.1358024691358024,2022
62205,Campagne-lès-Wardrecques,1300.0,33.24601883204469,24.777189671834503,1.3417994240822697,2022
62206,Campigneulles-les-Grandes,289.000000000001,30.89187042093065,25.28001870343876,1.2219876410427073,2022
62207,Campigneulles-les-Petites,529.0,24.196597353497165,36.48393194706994,0.6632124352331606,2022
62208,Canettemont,68.0,33.33333333333325,25.75757575757581,1.2941176470588176,2022
62209,Canlers,163.0,28.571428571428587,23.2142857142857,1.2307692307692322,2022
62211,Capelle-Fermont,221.0,34.52914798206276,24.215246636771308,1.4259259259259247,2022
62212,Capelle-lès-Hesdin,491.0,34.04817182982224,24.4775114228391,1.390998097872527,2022
62213,Carency,819.999999999999,34.338081483386866,24.486748292326208,1.4023128376807765,2022
62214,Carly,633.0,35.84832266683461,21.652897957401834,1.6555900617718569,2022
62215,Carvin,17966.0,36.76624137836558,24.17176292270526,1.521040955760407,2022
62216,La Cauchie,210.0,33.17535545023696,21.800947867298586,1.5217391304347814,2022
62217,Cauchy-à-la-Tour,2645.0,34.294569651920526,28.665564644629537,1.1963681886986859,2022
62218,Caucourt,332.0,33.47849249242588,25.14512281389249,1.3314109754090866,2022
62219,Caumont,153.0,24.666666666666668,37.333333333333336,0.6607142857142857,2022
62220,Cavron-Saint-Martin,432.0,27.812794099616966,32.73576469576803,0.8496149198925697,2022
62221,Chelers,244.0,33.2478846354311,25.398196904983784,1.309064763920584,2022
62222,Chériennes,169.0,33.908045977011476,33.3333333333333,1.0172413793103454,2022
62223,Chérisy,291.000000000001,35.25983595271768,22.949444182528353,1.5364135040604319,2022
62224,Chocques,2808.0,34.59835895301453,26.277204423739093,1.316668181100651,2022
62225,Clairmarais,579.000000000001,24.764583219311614,32.06033914950544,0.772436720142857,2022
62227,Clenleu,185.0,34.5945945945946,24.864864864864867,1.391304347826087,2022
62228,Clerques,314.0,34.07643312101911,24.522292993630572,1.3896103896103895,2022
62229,Cléty,809.0,38.279555228902964,21.192835918322828,1.806249780653818,2022
62230,Colembert,907.0,37.26571113561191,18.853362734288865,1.976608187134503,2022
62231,Colline-Beaumont,129.0,34.375,30.46875,1.1282051282051282,2022
62232,La Comté,883.999999999999,31.56376699131033,24.61009839103194,1.2825534660524702,2022
62233,Conchil-le-Temple,1087.0,31.738730450781972,26.862925482980682,1.1815068493150684,2022
62234,Conchy-sur-Canche,222.0,31.53153153153153,29.27927927927928,1.0769230769230769,2022
62235,Condette,2456.0,24.023947498910463,41.585392830930644,0.5777015885501454,2022
62236,Contes,349.0,30.050452467991263,31.95398511696963,0.9404289436196969,2022
62237,Conteville-lès-Boulogne,531.000000000001,30.060520346999585,25.50786369548502,1.1784805151017173,2022
62238,Conteville-en-Ternois,81.0,32.941176470588275,35.294117647058805,0.9333333333333349,2022
62239,Coquelles,2625.0,26.47482400558922,39.73871753683393,0.6662224059206145,2022
62240,Corbehem,2268.0,36.20595630082389,24.471829220972317,1.479495299427615,2022
62241,Cormont,309.0,33.7436700140477,27.329148673485985,1.2347135440331118,2022
62242,Couin,79.0,28.409090909090885,20.45454545454546,1.3888888888888873,2022
62243,Coullemont,116.000000000001,34.234234234234016,29.729729729729616,1.1515151515151487,2022
62244,Coulogne,5403.0,30.45870957483942,31.095826343658057,0.979511180639566,2022
62245,Coulomby,771.0,40.20752269779507,17.380025940337223,2.3134328358208953,2022
62246,Coupelle-Neuve,146.0,37.24137931034493,24.137931034482865,1.5428571428571403,2022
62247,Coupelle-Vieille,567.0,36.5112272480522,28.407247002875796,1.2852786207813802,2022
62248,Courcelles-le-Comte,479.0,37.72732256837948,21.046878241557042,1.792537693019334,2022
62249,Courcelles-lès-Lens,8015.00000000001,42.66401825683613,18.234549378208897,2.3397352669335247,2022
62250,Courrières,10160.0,35.69999870703071,26.87049745180851,1.3285946332425613,2022
62251,Courset,509.0,33.271331840703105,28.21766888164361,1.179095692853177,2022
62252,La Couture,2608.0,31.889196623045247,26.406458933372374,1.2076286602269044,2022
62253,Couturelle,76.0000000000002,25.675675675675645,39.18918918918916,0.6551724137931031,2022
62254,Coyecques,598.0,31.821170360064034,30.796232959055214,1.0332812588595337,2022
62255,Crémarest,802.0,37.2817315131899,21.788438931448436,1.7110785967956221,2022
62256,Crépy,158.0,29.41176470588228,38.562091503267936,0.7627118644067785,2022
62257,Créquy,463.000000000001,31.838257949063642,27.358043277610815,1.163762248125374,2022
62258,Croisette,300.0,33.38627326180503,32.23436749564531,1.0357353301973535,2022
62259,Croisilles,1929.0,38.617085986981905,23.760706945677043,1.6252498747310122,2022
62260,Croix-en-Ternois,332.0,41.61275503734226,18.1383348433782,2.2941882701285508,2022
62261,Cucq,5165.0,23.13649564375605,43.11713455953534,0.5365963179164795,2022
62262,Cuinchy,1784.0,33.04682678607943,27.140613473654536,1.2176153209712106,2022
62263,Dainville,5718.0,27.87688002798181,37.75795732773697,0.7383047707271885,2022
62264,Dannes,1317.0,34.322100639268264,26.80295334227906,1.2805342829563664,2022
62265,Delettes,1146.0,37.625612952051654,21.981508786731908,1.7116938294409785,2022
62266,Denier,92.9999999999997,46.6666666666666,18.88888888888893,2.470588235294109,2022
62267,Dennebrœucq,394.0,38.95885717684721,23.92073606300848,1.6286646478698452,2022
62268,Desvres,4827.0,36.38306065377048,28.593948332912827,1.2724042244943157,2022
62269,Diéval,714.999999999999,33.829593666559674,26.188758883177893,1.2917600951410415,2022
62270,Divion,6830.00000000001,39.424190716146356,24.505409688141,1.608795413660236,2022
62271,Dohem,829.999999999999,40.92681872153282,22.569625176487317,1.8133583699994158,2022
62272,Douchy-lès-Ayette,295.0,30.022690948001358,29.92368886882281,1.0033084851140026,2022
62273,Doudeauville,605.0,35.663855924456456,23.01118615869165,1.5498486552804542,2022
62274,Dourges,6068.0,39.46329411543589,21.525180073556673,1.8333548885807416,2022
62275,Douriez,291.0,30.379732144394506,25.035793740611773,1.2134519264357921,2022
62276,Douvrin,5799.0,37.80580260260274,21.800144956763024,1.7341995971854447,2022
62277,Drocourt,2952.0,36.483739837398375,26.422764227642276,1.3807692307692307,2022
62278,Drouvin-le-Marais,610.000000000001,34.74777394069248,19.08035596745379,1.821128180206035,2022
62279,Duisans,1393.0,30.868628858578607,29.576453697056714,1.0436893203883495,2022
62280,Dury,306.0,29.650902497560917,28.173586340130996,1.0524362124010318,2022
62281,Echinghen,377.0,25.72944297082228,33.95225464190981,0.7578125,2022
62282,Éclimeux,180.0,30.113636363636274,32.95454545454536,0.9137931034482757,2022
62283,Écoivres,125.999999999999,34.67741935483885,25.806451612903313,1.3437500000000004,2022
62284,Écourt-Saint-Quentin,1692.0,31.276360791020803,29.711736367982468,1.0526601476150814,2022
62285,Écoust-Saint-Mein,484.0,37.1900826446281,21.074380165289256,1.7647058823529411,2022
62286,Ecquedecques,510.0,34.75616592510693,28.13736500441734,1.2352317254885268,2022
62288,Ecques,2176.0,33.4184991142898,24.707828248192687,1.3525470056938038,2022
62289,Écuires,686.0,31.945764529373545,33.16095815669428,0.9633546889212722,2022
62290,Écurie,374.0,31.534119923407488,27.757623927909624,1.1360525672264292,2022
62291,Éleu-dit-Leauwette,2815.0,34.05753922218714,26.78562870431162,1.2714855267408742,2022
62292,Elnes,847.000000000001,34.3649230157342,24.06016111733709,1.4282914751959737,2022
62293,Embry,235.0,30.178258712719362,33.46297616545096,0.901840247666825,2022
62295,Enquin-lez-Guinegatte,1600.0,38.125,21.625,1.7630057803468209,2022
62296,Enquin-sur-Baillons,243.0,31.275720164609055,32.098765432098766,0.9743589743589743,2022
62297,Éperlecques,3740.0,37.02102402214944,24.21218378298805,1.5290245751463827,2022
62298,Épinoy,509.0,38.73603312393247,20.75799860623735,1.8660774508527567,2022
62299,Eps,242.0,32.64462809917356,26.033057851239672,1.253968253968254,2022
62300,Équihen-Plage,2596.0,34.230045518380436,27.82419092850577,1.2302260865853925,2022
62301,Équirre,77.0000000000002,31.818181818181763,46.969696969697026,0.6774193548387077,2022
62302,Ergny,231.999999999999,35.21739130434786,23.47826086956523,1.5000000000000007,2022
62303,Érin,220.0,40.45454545454545,21.818181818181817,1.8541666666666667,2022
62304,Erny-Saint-Julien,337.0,37.06248741846306,28.186458427733346,1.3149040172424205,2022
62306,Ervillers,389.0,31.961769414985707,28.653951682240898,1.115440193709649,2022
62307,Escalles,218.0,25.88772943854078,34.75175964953222,0.7449329098617096,2022
62308,Escœuilles,474.999999999999,37.32945052947008,20.51110025842204,1.8199633398087591,2022
62309,Esquerdes,1607.0,35.05141855113653,25.993158272275192,1.3484863279781993,2022
62310,Essars,1765.0,32.357734478203795,27.44598621772604,1.1789605307498658,2022
62311,Estevelles,2002.0,36.68926807988316,21.60216770938856,1.6984067790538249,2022
62312,Estrée,296.0,33.42094489611534,26.385547708516675,1.2666382849171551,2022
62313,Estrée-Blanche,906.0,39.22200507262848,22.914819960188073,1.7116436062239329,2022
62314,Estrée-Cauchy,353.0,35.52719181938657,21.953228496522982,1.6183128520260002,2022
62315,Estréelles,343.0,33.25308733590373,24.253206562574693,1.3710800363699875,2022
62316,Estrée-Wamin,217.999999999999,37.01923076923085,26.923076923076984,1.375,2022
62317,Étaing,465.0,37.24317542043729,21.804487120679276,1.7080509719999803,2022
62318,Étaples,10693.0,35.22179426501823,27.93762044352176,1.2607299299602859,2022
62319,Éterpigny,254.000000000001,33.73015873015865,24.999999999999947,1.3492063492063489,2022
62320,Étrun,326.0,33.12883435582822,27.914110429447852,1.1868131868131868,2022
62321,Évin-Malmaison,4657.0,37.96627011988058,23.67079191046173,1.6039290220409024,2022
62322,Famechon,111.0,31.53153153153153,30.630630630630627,1.0294117647058822,2022
62323,Fampoux,1243.0,36.70526375887369,21.545232891877927,1.7036373634517898,2022
62324,Farbus,631.0,30.269413629160063,29.952456418383516,1.0105820105820107,2022
62325,Fauquembergues,942.0,39.62175710123609,26.15300726581596,1.51499812998656,2022
62326,Favreuil,237.000000000001,28.18181818181811,29.99999999999995,0.9393939393939384,2022
62327,Febvin-Palfart,612.0,39.55404955114626,19.531921899739604,2.0250976710936768,2022
62328,Ferfay,868.0,37.44239631336406,24.76958525345622,1.5116279069767442,2022
62329,Ferques,1788.0,36.13290633289134,21.990109516498638,1.643143537133442,2022
62330,Festubert,1253.0,32.17301125483759,24.92942046082177,1.2905639465385728,2022
62331,Feuchy,1003.0,30.950108243046664,29.89149949503645,1.035415043269609,2022
62332,Ficheux,497.000000000001,26.788830332411116,35.7801516096186,0.7487064511266522,2022
62333,Fiefs,372.0,37.15740660304817,23.71510548824591,1.5668244284835573,2022
62334,Fiennes,849.0,31.62493017835618,26.201224372572838,1.2070019984051135,2022
62335,Fillièvres,512.0,29.526493152941214,39.11222463706525,0.7549172522638872,2022
62336,Fléchin,473.0,35.17107329632199,27.747391957566315,1.2675451930800776,2022
62337,Flers,217.0,34.684684684684655,25.67567567567567,1.3508771929824557,2022
62338,Fleurbaix,2944.0,32.065217391304344,30.298913043478258,1.0582959641255605,2022
62339,Fleury,106.0,37.83783783783783,20.72072072072071,1.8260869565217397,2022
62340,Floringhem,882.999999999998,37.01137193336181,22.899259926158507,1.6162693489968474,2022
62341,Foncquevillers,393.0,32.9767841432441,27.95990685184231,1.1794311160615052,2022
62342,Fontaine-lès-Boulans,103.0,32.608695652173786,29.34782608695641,1.1111111111111112,2022
62343,Fontaine-lès-Croisilles,259.0,31.25742186716205,26.651574521047365,1.1728170822507067,2022
62344,Fontaine-lès-Hermans,107.0,38.09523809523813,20.95238095238095,1.8181818181818201,2022
62345,Fontaine-l'Étalon,94.0,16.494845360824755,46.391752577319636,0.35555555555555546,2022
62346,Fortel-en-Artois,215.0,38.42592592592591,22.222222222222214,1.7291666666666663,2022
62347,Fosseux,126.0,30.232558139534856,29.457364341085324,1.0263157894736814,2022
62348,Foufflin-Ricametz,147.0,33.33333333333333,28.57142857142857,1.1666666666666667,2022
62349,Fouquereuil,1630.0,38.33445121090735,21.527887010520203,1.7806880532294767,2022
62350,Fouquières-lès-Béthune,1111.0,30.27344578070225,33.231665908559314,0.9109818889008772,2022
62351,Fouquières-lès-Lens,6134.0,38.44147375285295,26.051516139550053,1.4755944931163956,2022
62352,Framecourt,115.0,37.391304347826086,27.82608695652174,1.34375,2022
62353,Frémicourt,239.0,29.707112970711297,31.380753138075313,0.9466666666666667,2022
62354,Frencq,898.999999999999,37.9427784701431,22.035783041270932,1.7218711220327352,2022
62355,Fresnes-lès-Montauban,604.0,40.31177683254972,20.92924323830738,1.9260981571835307,2022
62356,Fresnicourt-le-Dolmen,808.0,28.868033874514353,25.9289402187237,1.1133518620891527,2022
62357,Fresnoy,64.9999999999998,25.806451612903214,35.48387096774197,0.7272727272727263,2022
62358,Fresnoy-en-Gohelle,234.0,33.61702127659577,28.08510638297872,1.1969696969696981,2022
62359,Fressin,579.999999999999,31.944990220810354,28.711461837529377,1.1126215168554865,2022
62360,Fréthun,1393.0,37.582004898778756,20.246699433436817,1.8562040209236867,2022
62361,Frévent,3288.0,32.3835484246208,34.22193684618489,0.9462804098486018,2022
62362,Frévillers,239.0,35.98326359832636,21.338912133891213,1.6862745098039216,2022
62363,Frévin-Capelle,392.999999999999,28.67123980187089,35.55612984300821,0.8063655951438942,2022
62364,Fruges,2349.0,32.4798521381908,32.382437846819315,1.0030082445253903,2022
62365,Galametz,203.0,35.37735849056606,33.01886792452834,1.0714285714285712,2022
62366,Gauchin-Légal,300.0,27.382606827949434,28.60027930111608,0.9574244551828861,2022
62367,Gauchin-Verloingt,781.0,25.60819462227913,43.40588988476313,0.5899705014749262,2022
62368,Gaudiempré,213.0,39.06976744186047,24.186046511627936,1.6153846153846139,2022
62369,Gavrelle,785.000000000001,39.60595345380504,15.572035589717403,2.543402448935952,2022
62370,Gennes-Ivergny,123.0,29.032258064516174,32.25806451612901,0.900000000000002,2022
62371,Givenchy-en-Gohelle,2049.0,31.814439119986382,28.373173923113214,1.1212858739807696,2022
62372,Givenchy-le-Noble,152.0,37.974683544303815,29.11392405063293,1.304347826086956,2022
62373,Givenchy-lès-la-Bassée,989.0,33.56926188068756,26.188068756319517,1.281853281853282,2022
62374,Gomiécourt,152.0,32.89473684210527,24.342105263157894,1.3513513513513513,2022
62375,Gommecourt,87.0,28.089887640449422,39.32584269662917,0.7142857142857149,2022
62376,Gonnehem,2532.0,31.253713438450003,26.463945245829954,1.180992219721086,2022
62377,Gosnay,945.999999999998,31.274186135946263,28.784191485659637,1.0865056311040435,2022
62378,Gouves,197.0,34.35897435897437,31.794871794871778,1.0806451612903236,2022
62379,Gouy-en-Artois,325.999999999999,33.65433154956483,30.403057604635382,1.1069390449871643,2022
62380,Gouy-Servins,357.0,35.01484137754894,22.876902919443946,1.5305761230375508,2022
62381,Gouy-en-Ternois,128.0,36.36363636363633,21.212121212121225,1.7142857142857115,2022
62382,Gouy-Saint-André,661.000000000001,35.79709339967512,24.799004422638355,1.4434891332571764,2022
62383,Gouy-sous-Bellonne,1394.0,30.582902220934148,29.709696548093774,1.0293912686528737,2022
62384,Graincourt-lès-Havrincourt,644.0,34.35033040561764,27.439369647797463,1.251862956275124,2022
62385,Grand-Rullecourt,380.0,33.996093718905975,25.46074985823171,1.3352353684867886,2022
62386,Grenay,6674.0,41.48152747993647,20.183912579807803,2.055177722154575,2022
62387,Grévillers,354.0,29.57835408631692,25.268063573929528,1.1705825418626286,2022
62388,Grigny,292.0,30.136986301369863,35.61643835616438,0.8461538461538461,2022
62389,Grincourt-lès-Pas,30.0,33.3333333333333,33.33333333333333,0.9999999999999989,2022
62390,Groffliers,1478.0,24.69553450608931,39.039242219215154,0.6325823223570191,2022
62391,Guarbecque,1375.0,31.965750180392654,29.438964365205333,1.085831341885579,2022
62392,Guémappe,410.0,32.4390243902439,27.80487804878049,1.1666666666666667,2022
62393,Guemps,1092.0,36.96424913227656,19.16197588249234,1.9290416269675803,2022
62395,Guigny,143.0,27.516778523489926,36.24161073825504,0.759259259259259,2022
62396,Guinecourt,14.0,20.00000000000002,53.33333333333336,0.3750000000000003,2022
62397,Guînes,5508.0,37.817719680464776,23.910675381263616,1.5816249050873197,2022
62398,Guisy,273.0,25.179865755198577,29.2069035756137,0.8621203439115162,2022
62399,Habarcq,656.000000000001,33.21280239811626,25.433166133487223,1.3058854813355614,2022
62400,Haillicourt,4974.0,37.48723115717451,23.42502753618391,1.600306812842339,2022
62401,Haisnes,4411.0,37.33486771782471,23.87660285265884,1.5636591163414686,2022
62402,Halinghen,309.0,31.028769542865405,24.984888105087407,1.2419014811015843,2022
62403,Hallines,1202.0,31.762180235424708,29.602299925266827,1.07296326013893,2022
62404,Halloy,196.0,28.57142857142857,28.571428571428527,1.0000000000000016,2022
62405,Hamblain-les-Prés,458.0,32.71384104338605,31.415999015899075,1.0413114994952142,2022
62406,Hamelincourt,262.0,32.283619209741374,19.030465961549275,1.6964176954452856,2022
62407,Ham-en-Artois,946.999999999999,29.94641006339412,30.699980353288826,0.9754537207769263,2022
62408,Hames-Boucres,1428.0,36.20643706218319,21.07402594097164,1.7180598127570614,2022
62409,Hannescamps,200.0,36.0189573459716,20.8530805687204,1.7272727272727273,2022
62410,Haplincourt,191.0,35.602094240837694,25.654450261780106,1.3877551020408163,2022
62411,Haravesnes,51.9999999999998,39.21568627450976,17.64705882352939,2.2222222222222223,2022
62412,Hardinghen,1245.0,32.25319827883695,30.2434099893851,1.0664537593531036,2022
62413,Harnes,12264.0,36.3250768832129,26.815873228898678,1.3546110012209647,2022
62414,Haucourt,203.0,34.24657534246572,25.11415525114153,1.3636363636363635,2022
62415,Haute-Avesnes,462.0,31.995791121448413,32.14179668123048,0.9954574549384999,2022
62416,Hautecloque,215.000000000001,31.603773584905625,27.358490566037734,1.1551724137931023,2022
62418,Hauteville,306.0,32.778682729565425,29.961183964368594,1.0940382986382498,2022
62419,Haut-Loquin,185.0,42.32804232804233,17.989417989417998,2.3529411764705874,2022
62421,Havrincourt,357.0,36.41456582633053,23.52941176470588,1.5476190476190477,2022
62422,Hébuterne,522.0,37.16475095785441,22.22222222222222,1.6724137931034482,2022
62423,Helfaut,1728.0,28.075511881280207,35.674053635052054,0.7870008877739145,2022
62424,Hendecourt-lès-Cagnicourt,297.0,36.9426812586167,24.46194067280283,1.5102105655783131,2022
62425,Hendecourt-lès-Ransart,142.0,42.33576642335754,17.51824817518242,2.416666666666668,2022
62426,Héninel,187.999999999999,27.419354838709776,33.33333333333343,0.8225806451612908,2022
62427,Hénin-Beaumont,25764.0,38.20743368380853,23.74654528243439,1.6089680932270616,2022
62428,Hénin-sur-Cojeul,527.999999999999,34.773502267430636,22.36596233587324,1.5547509982012573,2022
62429,Henneveux,274.0,33.69181079867646,27.02301629885035,1.2467820181905387,2022
62430,Hénu,151.0,40.397350993377486,26.490066225165563,1.525,2022
62432,Herbinghen,423.0,40.13312152755839,19.019922312193415,2.1100570690464697,2022
62433,Héricourt,79.0,24.096385542168697,31.32530120481928,0.7692307692307698,2022
62434,La Herlière,136.0,38.23529411764706,16.176470588235293,2.3636363636363638,2022
62435,Herlincourt,106.0,30.84112149532708,31.775700934579454,0.9705882352941164,2022
62436,Herlin-le-Sec,161.0,39.75155279503105,21.11801242236025,1.8823529411764706,2022
62437,Herly,319.0,35.816293003545645,25.222876931430527,1.4199923783838684,2022
62438,Hermaville,532.0,29.716040027461467,28.581598763803456,1.0396913158369119,2022
62439,Hermelinghen,406.0,44.58128078817734,15.517241379310345,2.873015873015873,2022
62440,Hermies,1076.0,31.59851301115242,31.226765799256505,1.0119047619047619,2022
62441,Hermin,207.0,29.126213592233043,28.155339805825285,1.034482758620689,2022
62442,Hernicourt,513.0,32.35867446393762,26.120857699805068,1.2388059701492538,2022
62443,Hersin-Coupigny,6098.0,37.94686782551656,22.909150541161036,1.6564065855404437,2022
62444,Hervelinghen,220.0,29.38596491228068,28.94736842105261,1.0151515151515154,2022
62445,Hesdigneul-lès-Béthune,842.0,32.55991847308397,26.124864099882227,1.2463191520766894,2022
62446,Hesdigneul-lès-Boulogne,835.0,39.183466483934495,23.187330392593516,1.689865362700419,2022
62447,Hesdin-la-Forêt,4494.0,28.630025097654716,39.77204152281077,0.7198530425257228,2022
62448,Hesdin-l'Abbé,1870.0,27.433155080213904,33.903743315508024,0.8091482649842271,2022
62449,Hesmond,164.0,33.8888888888889,29.44444444444445,1.1509433962264153,2022
62450,Hestrus,219.0,31.555555555555525,31.11111111111113,1.0142857142857127,2022
62451,Heuchin,485.0,32.50573074645854,29.002758535781158,1.1207806563074236,2022
62452,Heuringhem,1389.0,29.568671118933764,30.68476186824493,0.9636271986041974,2022
62453,Hézecques,127.0,39.0625,24.21875,1.6129032258064515,2022
62454,Hinges,2450.0,31.012600048007755,25.588314472701402,1.2119829182611144,2022
62455,Hocquinghen,116.0,35.59322033898302,31.35593220338983,1.1351351351351342,2022
62456,Houchin,735.0,32.10884353741497,24.353741496598637,1.318435754189944,2022
62457,Houdain,6989.99999999999,35.073699178865574,28.482040842456136,1.2314320933977358,2022
62458,Houlle,1131.0,31.230205684386647,26.730272514077452,1.168345951876821,2022
62459,Houvin-Houvigneul,244.0,32.61122788495549,29.346416912350083,1.1112507527701432,2022
62460,Hubersent,267.0,35.2059925093633,25.468164794007492,1.3823529411764706,2022
62462,Huclier,155.0,43.75,9.027777777777787,4.846153846153841,2022
62463,Hucqueliers,490.0,36.3265306122449,33.265306122448976,1.0920245398773005,2022
62464,Hulluch,3377.0,35.685640664323806,24.01339467236791,1.4860723005309655,2022
62465,Humbercamps,219.0,27.397260273972602,36.07305936073059,0.759493670886076,2022
62466,Humbert,251.0,37.45019920318725,22.31075697211155,1.6785714285714286,2022
62467,Humerœuille,179.0,32.402234636871505,30.16759776536313,1.0740740740740742,2022
62468,Humières,207.0,29.81651376146787,36.23853211009177,0.8227848101265813,2022
62469,Inchy-en-Artois,576.0,35.164226281107446,24.71826618029621,1.4226008420096257,2022
62470,Incourt,90.0000000000003,32.55813953488369,39.53488372093032,0.8235294117647033,2022
62471,Bellinghem,1075.0,35.37232041495739,23.169483689364636,1.5266771106856456,2022
62472,Inxent,157.0,25.477707006369428,42.038216560509554,0.6060606060606061,2022
62473,Isbergues,8653.00000000001,32.2301971695897,31.705199830024398,1.0165587141030454,2022
62474,Isques,1141.0,30.650017231669242,29.579943927908168,1.0361756366533026,2022
62475,Ivergny,240.0,39.50617283950617,20.98765432098765,1.8823529411764706,2022
62476,Izel-lès-Équerchin,1049.0,32.62285418546749,25.670670914415382,1.2708220324365618,2022
62477,Izel-lès-Hameau,740.000000000001,32.32500503150267,23.154489709905604,1.3960577597041093,2022
62478,Journy,306.0,39.21568627450981,25.49019607843137,1.5384615384615385,2022
62479,Labeuvrière,1651.0,33.65350468182635,25.219712450446753,1.334412703870071,2022
62480,Labourse,2876.0,37.70971937058946,18.900222330979574,1.99519977650099,2022
62481,Labroye,143.0,29.22077922077923,29.87012987012988,0.9782608695652174,2022
62483,Lacres,249.0,35.199999999999996,23.200000000000003,1.5172413793103448,2022
62484,Lagnicourt-Marcel,309.0,35.22688474039851,21.28006459331071,1.6553936942217706,2022
62485,Laires,368.0,41.84782608695652,19.83695652173913,2.1095890410958904,2022
62486,Lambres,1066.0,34.62775885609193,27.311738002261883,1.2678709371488608,2022
62487,Landrethun-le-Nord,1242.0,37.598073428250004,21.574462165205958,1.7427119684534242,2022
62488,Landrethun-lès-Ardres,792.0,36.89832894188915,23.26412553353674,1.5860612894603678,2022
62489,Lapugnoy,3500.00000000001,35.26159724235607,26.543290222994248,1.328456153932613,2022
62490,Lattre-Saint-Quentin,318.0,35.44773799499371,22.07255378226812,1.605964508894774,2022
62491,Laventie,5007.0,33.535986597974755,28.21498796027791,1.18858766288286,2022
62492,Lebiez,232.0,34.583333333333364,28.333333333333364,1.2205882352941173,2022
62493,Lebucquière,232.0,32.4876932598078,23.71953977031827,1.3696595117103267,2022
62494,Léchelle,45.0,37.77777777777778,20.0,1.8888888888888888,2022
62495,Ledinghem,317.0,37.19290635842417,25.385952714307276,1.4650979136765903,2022
62496,Lefaux,222.0,29.26054275573297,30.15985701297207,0.9701817466557519,2022
62497,Leforest,7120.0,36.510213968196624,24.757163090946047,1.4747333462269268,2022
62498,Lens,32697.0,38.530956232184174,26.159214528314095,1.4729401064576773,2022
62499,Lépine,289.000000000001,31.081818454823697,31.615679733754163,0.9831140344466325,2022
62500,Lespesses,401.0,28.10163649476755,33.92599846571678,0.8283215753595308,2022
62501,Lespinoy,243.0,29.629629629629626,30.864197530864196,0.96,2022
62502,Lestrem,5040.99999999999,36.74372931591085,22.888896402218954,1.6053080353995897,2022
62503,Leubringhen,294.000000000001,31.256401867862305,23.921320463976194,1.306633633161356,2022
62504,Leulinghem,263.0,33.840304182509506,22.813688212927758,1.4833333333333334,2022
62505,Leulinghen-Bernes,535.0,36.743620059640826,21.62462987450975,1.6991560212992471,2022
62506,Licques,1657.0,37.17133136554961,25.018310524355957,1.485765049137206,2022
62507,Liencourt,301.0,32.564355252218306,24.67280215592389,1.3198482704324555,2022
62508,Lières,340.0,32.35294117647059,22.058823529411764,1.4666666666666666,2022
62509,Liettres,368.0,44.29347826086957,14.402173913043478,3.0754716981132075,2022
62510,Liévin,30113.0,38.739368746575465,24.53417576459936,1.578996136584011,2022
62511,Lignereuil,140.0,30.496453900709213,30.49645390070924,0.999999999999999,2022
62512,Ligny-lès-Aire,564.0,31.001505943046702,24.310337497520088,1.2752396360687788,2022
62513,Ligny-sur-Canche,188.0,21.808510638297875,41.48936170212766,0.5256410256410257,2022
62514,Ligny-Saint-Flochel,238.000000000001,33.620689655172384,31.896551724137918,1.0540540540540535,2022
62515,Ligny-Thilloy,517.0,28.31526278607685,33.66333556913933,0.8411306338886604,2022
62516,Lillers,10200.0,37.70589538410314,25.17904752019739,1.49751079161582,2022
62517,Linghem,205.0,35.19313304721034,26.609442060085854,1.322580645161291,2022
62518,Linzeux,171.999999999999,35.087719298245666,26.90058479532169,1.3043478260869559,2022
62519,Lisbourg,591.0,34.03182983692002,27.02863138795262,1.2591029619090854,2022
62520,Locon,2332.0,28.09850739338053,33.82643690052699,0.8306670748683782,2022
62521,La Loge,218.0,28.244682471914818,37.83145694016159,0.7465925120618466,2022
62522,Loison-sur-Créquoise,261.0,30.006447688626555,34.60653359350399,0.8670746409070881,2022
62523,Loison-sous-Lens,5202.0,35.505574778931184,25.951557093425603,1.3681481481481481,2022
62524,Longfossé,1515.0,35.48697190394865,27.083657609099603,1.310272505144419,2022
62525,Longuenesse,10559.0,35.228719674262244,28.060662309110768,1.2554486165076773,2022
62526,Longueville,147.0,30.555555555555507,26.388888888888793,1.1578947368421078,2022
62527,Longvilliers,255.0,36.6927443757191,27.59660521954005,1.329610801177039,2022
62528,Loos-en-Gohelle,6850.0,35.73695904099343,25.787418630012294,1.385829250834805,2022
62529,Lorgies,1630.0,33.47348256204491,23.12190943900593,1.4476954271594975,2022
62530,Lottinghen,541.0,37.3467241888451,23.6844914376322,1.5768429855118202,2022
62531,Louches,948.0,35.75206919747858,21.525560095977454,1.6609123775673404,2022
62532,Lozinghem,1271.0,38.49146119716924,19.756989651211477,1.9482452477171281,2022
62533,Lugy,138.0,39.72602739726029,20.54794520547944,1.9333333333333351,2022
62534,Lumbres,3577.00000000001,35.78892620581986,26.85544618039789,1.3326505903276566,2022
62535,La Madelaine-sous-Montreuil,148.0,23.841059602648986,39.07284768211922,0.6101694915254231,2022
62536,Magnicourt-en-Comte,645.0,33.84128925511008,26.387720176013364,1.2824635485513471,2022
62537,Magnicourt-sur-Canche,106.0,37.864077669902834,31.06796116504843,1.218750000000002,2022
62538,Maintenay,453.0,36.68257929121091,26.438556848652745,1.3874652652639086,2022
62539,Maisnil,257.0,34.274432493282916,28.22469385040677,1.2143420465405317,2022
62540,Maisnil-lès-Ruitz,1685.0,37.40937326172041,19.075792934983653,1.9610913889253996,2022
62541,Maisoncelle,121.0,30.57851239669421,28.09917355371901,1.088235294117647,2022
62542,Maizières,204.0,41.46341463414632,20.4878048780488,2.0238095238095206,2022
62543,Mametz,1985.0,31.375415260089373,30.449334671285776,1.0304138201639232,2022
62544,Manin,182.0,31.868131868131865,29.120879120879124,1.0943396226415094,2022
62545,Maninghem,150.0,33.5526315789474,24.34210526315792,1.3783783783783783,2022
62546,Maninghen-Henne,329.0,27.35562310030395,29.17933130699088,0.9375,2022
62547,Marant,69.0,20.54794520547945,39.72602739726028,0.5172413793103446,2022
62548,Marck,10468.0,36.69417506434992,24.377973171885532,1.5052184529708295,2022
62550,Marconnelle,1076.0,28.185954299692373,36.56308688798322,0.7708855214015297,2022
62551,Marenla,264.0,31.351068245128978,28.577118220215965,1.0970689207895943,2022
62552,Maresquel-Ecquemicourt,1054.0,31.98272422615598,33.94918402160057,0.9420763752615259,2022
62553,Marest,280.0,25.958993548589532,30.81271964600949,0.8424765436747627,2022
62554,Maresville,94.0,32.97872340425532,27.659574468085108,1.1923076923076923,2022
62555,Marles-les-Mines,5437.0,35.232820139180205,28.15700775391245,1.2512984492922394,2022
62556,Marles-sur-Canche,313.0,31.70288189069837,30.34311886084417,1.044812896000908,2022
62557,Marœuil,2430.0,29.1925865655963,30.80891201923596,0.9475370810682802,2022
62558,Marquay,173.0,33.33333333333341,28.30188679245284,1.17777777777778,2022
62559,Marquion,1016.0,33.352820683781886,28.781167768936655,1.15884181460418,2022
62560,Marquise,5169.0,36.71524203180505,24.08968648618223,1.5241062623569137,2022
62561,Martinpuich,179.000000000001,26.011560693641588,37.57225433526002,0.6923076923076932,2022
62562,Matringhem,174.0,30.45977011494253,32.758620689655174,0.9298245614035088,2022
62563,Mazingarbe,8164.0,41.08981964008611,19.528411783111633,2.1041045271086003,2022
62564,Mazinghem,458.0,34.47119779735808,19.459253698178397,1.771455284566487,2022
62565,Mencas,73.0,24.675324675324628,41.558441558441544,0.5937499999999991,2022
62566,Menneville,652.0,29.138915266708914,28.73657478028121,1.0140009896622677,2022
62567,Mentque-Nortbécourt,653.000000000001,38.96601634542444,20.830600442506537,1.8706141694269702,2022
62568,Mercatel,726.000000000001,38.890397780469094,20.621559225340462,1.88590966160693,2022
62569,Merck-Saint-Liévin,664.000000000001,38.09417321379768,24.064211739516566,1.5830218594379344,2022
62570,Méricourt,11651.0,37.16642047075504,26.443307940780862,1.4055132797299161,2022
62571,Merlimont,3348.00000000001,27.354700429652546,36.05248156213294,0.7587466727500959,2022
62572,Metz-en-Couture,606.000000000001,34.36849996390471,26.753787861406515,1.2846218315681104,2022
62573,Meurchin,3714.99999999999,35.33098652318109,23.146149974803603,1.5264303809334008,2022
62574,Mingoval,231.000000000001,34.222222222222186,28.44444444444441,1.2031250000000002,2022
62576,Moncheaux-lès-Frévent,136.999999999999,36.0902255639099,19.54887218045115,1.8461538461538507,2022
62577,Monchel-sur-Canche,73.0,36.36363636363641,27.272727272727316,1.333333333333333,2022
62578,Monchiet,104.0,31.73076923076923,24.03846153846154,1.32,2022
62579,Monchy-au-Bois,546.0,36.76680849175917,23.24768945508503,1.5815252764277212,2022
62580,Monchy-Breton,527.0,38.09550714410038,19.66874644757488,1.9368548598478421,2022
62581,Monchy-Cayeux,289.0,30.627997717148443,32.363820787732415,0.94636532311902,2022
62582,Monchy-le-Preux,656.000000000001,31.27525516369739,22.772849103795657,1.373357150927795,2022
62583,Mondicourt,579.0,36.89326419045665,26.116301458963655,1.4126527160986693,2022
62584,Mont-Bernanchon,1319.0,32.41247727038332,24.733320916412893,1.310478175572233,2022
62585,Montcavrel,388.999999999999,33.79430819195654,31.949468381434855,1.0577424258988197,2022
62586,Montenescourt,444.0,28.02300750897962,34.118081939615955,0.8213535438063684,2022
62587,Montigny-en-Gohelle,9667.0,39.698681254248164,25.583630417667997,1.551721964636901,2022
62588,Montreuil-sur-Mer,1902.0,28.605327326161834,38.36835180073698,0.7455448562065253,2022
62589,Mont-Saint-Éloi,1023.0,32.36436333508993,25.436416295159304,1.2723633297843555,2022
62590,Monts-en-Ternois,63.9999999999999,40.983606557377016,21.31147540983605,1.9230769230769231,2022
62591,Morchies,210.000000000001,33.49282296650718,17.703349282296678,1.8918918918918888,2022
62592,Moringhem,554.999999999999,36.00732886954106,22.779592442927438,1.5806836298654037,2022
62593,Morval,87.0,29.213483146067354,30.337078651685424,0.96296296296296,2022
62594,Mory,302.0,31.870103570182586,25.16157457958143,1.2666180118968038,2022
62595,Moulle,1166.0,35.07543633625437,23.474072523311364,1.494220327615588,2022
62596,Mouriez,238.0,27.964583800749367,35.30270696171878,0.7921370967691894,2022
62597,Moyenneville,289.0,33.476661398256255,30.97928031795109,1.08061456091535,2022
62598,Muncq-Nieurlet,683.0,40.11713030746706,19.03367496339678,2.1076923076923078,2022
62599,Nabringhen,232.999999999999,35.42600896860989,21.52466367713005,1.6458333333333346,2022
62600,Nédon,156.0,27.564102564102566,29.48717948717949,0.9347826086956522,2022
62601,Nédonchel,347.000000000001,36.71907970178649,33.785442825296094,1.0868313874605753,2022
62602,Nempont-Saint-Firmin,200.0,28.999999999999996,28.999999999999996,1.0,2022
62603,Nesles,1081.0,35.90277728417438,24.61826604939201,1.4583796117948387,2022
62604,Neufchâtel-Hardelot,3993.0,28.56029346116426,37.84032934349412,0.7547580572544522,2022
62605,Neulette,22.0,27.27272727272727,31.818181818181817,0.8571428571428571,2022
62606,Neuve-Chapelle,1404.0,32.54985754985755,22.15099715099715,1.4694533762057878,2022
62607,Neuville-au-Cornet,62.0,29.6875,31.25,0.95,2022
62608,Neuville-Bourjonval,170.0,31.578947368421062,31.578947368421094,0.9999999999999989,2022
62609,Neuville-Saint-Vaast,1626.0,30.77769745953524,29.852389374553884,1.030996114695264,2022
62610,Neuville-sous-Montreuil,633.0,35.33007107334392,24.419912826056493,1.4467730218777066,2022
62611,Neuville-Vitasse,484.0,28.719008264462808,29.132231404958674,0.9858156028368794,2022
62612,Neuvireuil,575.0,32.0432858756372,28.585876383819407,1.1209481719362224,2022
62613,Nielles-lès-Bléquin,913.000000000001,35.98376093456053,26.76133318027565,1.344617650105797,2022
62614,Nielles-lès-Ardres,586.0,34.68220381961877,21.019792830578314,1.649978384618768,2022
62615,Nielles-lès-Calais,281.0,32.74021352313167,20.99644128113879,1.5593220338983051,2022
62616,Nœux-lès-Auxi,185.000000000001,35.86956521739127,33.69565217391301,1.064516129032258,2022
62617,Nœux-les-Mines,11384.0,34.74077968535075,29.877616756646336,1.1627694393537127,2022
62618,Nordausques,1293.0,41.11467132359984,15.702484222808991,2.61835456990161,2022
62619,Noreuil,133.0,33.33333333333338,29.078014184397155,1.146341463414636,2022
62620,Norrent-Fontes,1372.0,29.967338376374563,32.96471896606814,0.9090730731610697,2022
62621,Nortkerque,1753.0,36.506209669088875,21.961288136058084,1.6622981968507384,2022
62622,Nort-Leulinghem,268.0,42.913385826771645,14.173228346456678,3.02777777777778,2022
62623,Nouvelle-Église,709.000000000001,40.59144462730544,10.565588091560805,3.8418537875546743,2022
62624,Noyelles-Godault,5949.0,40.292486132123045,23.63422423936796,1.7048364153627311,2022
62625,Noyelles-lès-Humières,56.9999999999998,35.714285714285744,23.214285714285733,1.5384615384615385,2022
62626,Noyelles-lès-Vermelles,2278.0,37.98233907434824,23.574821423558213,1.6111400545495826,2022
62627,Noyelles-sous-Bellonne,848.0,35.613207547169814,20.400943396226413,1.745664739884393,2022
62628,Noyelles-sous-Lens,6757.0,37.232995097176264,27.028142196405476,1.3775639785603893,2022
62629,Noyellette,156.0,28.571428571428587,34.16149068322984,0.8363636363636361,2022
62630,Noyelle-Vion,270.0,31.595395131480185,27.138754479967364,1.1642168455005009,2022
62631,Nuncq-Hautecôte,473.0,37.84355179704017,23.25581395348837,1.6272727272727272,2022
62632,Oblinghem,384.0,40.79595820462672,19.05794634217182,2.140627194145918,2022
62633,Œuf-en-Ternois,253.0,35.22512974132103,26.503795926316336,1.3290598010658934,2022
62634,Offekerque,1288.0,40.13975155279503,16.53726708074534,2.427230046948357,2022
62635,Offin,203.0,27.500000000000004,31.5,0.873015873015873,2022
62636,Offrethun,273.0,29.67032967032967,32.967032967032964,0.9,2022
62637,Oignies,10260.0,37.40616694781218,25.370387953301194,1.4744026388821891,2022
62638,Oisy-le-Verger,1200.0,30.55195299444925,31.675025120735523,0.964543923106439,2022
62639,Oppy,379.0,28.858618790473244,26.515676935425166,1.0883606275922715,2022
62640,Orville,350.0,28.826289556084774,27.737507285619508,1.0392530683905306,2022
62641,Ostreville,215.0,28.068211437938885,35.2250771187075,0.7968246980226562,2022
62642,Ourton,724.0,34.806629834254146,28.314917127071826,1.2292682926829268,2022
62643,Outreau,13398.0,35.292673635613376,27.5978523038831,1.2788195707043328,2022
62644,Ouve-Wirquin,496.0,35.431867923611335,24.433261007385237,1.4501489552664149,2022
62645,Oye-Plage,5716.0,34.51033936783697,26.51788878447676,1.3013984502431009,2022
62646,Palluel,561.999999999999,28.24056483011918,30.00279651159852,0.9412644191084624,2022
62647,Le Parcq,717.0,31.572620213459135,30.520176791369654,1.0344835296755912,2022
62648,Parenty,551.0,37.02359346642468,21.052631578947366,1.7586206896551724,2022
62649,Pas-en-Artois,763.0,31.60235680727903,31.42530361478571,1.005634096480456,2022
62650,Pelves,777.000000000001,35.036078486997255,25.395162157199614,1.379635942866559,2022
62651,Penin,468.0,39.14399949904017,20.84412038958522,1.8779396188192474,2022
62652,Pernes,1586.0,33.59466796151192,30.361733825122695,1.1064805506500468,2022
62653,Pernes-lès-Boulogne,419.0,25.338068907292193,33.41338253798813,0.7583209774851438,2022
62654,Peuplingues,789.0,38.27629911280101,19.771863117870723,1.935897435897436,2022
62655,Pierremont,326.0,36.73762487024239,23.21125334076239,1.5827505878678985,2022
62656,Pihem,928.0,30.652654646232435,28.96384466281228,1.0583075210864006,2022
62657,Pihen-lès-Guînes,530.0,39.57995305228264,22.707295231348805,1.743050092449589,2022
62658,Pittefaux,115.0,27.350427350427392,35.89743589743591,0.7619047619047628,2022
62659,Planques,104.0,27.450980392156733,33.33333333333312,0.8235294117647072,2022
62660,Plouvain,453.999999999999,31.166719211116167,25.233271626747385,1.2351438082281532,2022
62661,Bouin-Plumoison,511.0,32.4853228962818,32.68101761252446,0.9940119760479041,2022
62662,Polincove,873.999999999998,36.98891968878601,20.59459172109754,1.796050156745461,2022
62663,Pommera,308.0,35.62914114544494,20.42019002793365,1.7447996858357495,2022
62664,Pommier,241.0,33.60655737704917,21.311475409836056,1.576923076923077,2022
62665,Le Ponchel,212.0,20.861314211517172,43.59532116724253,0.47852186090080545,2022
62666,Pont-à-Vendin,3099.0,41.98176459996324,18.24752730809475,2.300682382392698,2022
62667,Le Portel,8824.0,36.095231666223135,27.922903549008026,1.2926747249931119,2022
62668,Prédefin,214.0,33.92070484581501,25.991189427312793,1.3050847457627122,2022
62669,Pressy,299.0,30.100334448160538,33.11036789297659,0.9090909090909091,2022
62670,Preures,624.0,33.41135397365585,29.139518043777645,1.1465994023463404,2022
62671,Pronville-en-Artois,308.0,34.41558441558442,25.324675324675322,1.358974358974359,2022
62672,Puisieux,666.0,36.4420396848015,24.70862883285063,1.4748709825755715,2022
62673,Quéant,634.999999999999,36.38620219343455,18.803317990913047,1.935094764180378,2022
62674,Quelmes,536.0,33.896040742702446,25.815196361155202,1.3130266478897175,2022
62675,Quercamps,286.0,34.46707704292437,24.440638082298673,1.4102363828171667,2022
62676,Quernes,429.0,29.573941286015803,27.785264955108037,1.0643749963801925,2022
62677,Le Quesnoy-en-Artois,325.0,30.153846153846153,34.15384615384615,0.8828828828828829,2022
62678,Quesques,722.0,33.51800554016621,27.977839335180054,1.198019801980198,2022
62679,Questrecques,332.999999999999,29.957785896294176,23.436774020191926,1.2782384585218118,2022
62680,Quiéry-la-Motte,711.000000000001,29.162859987890787,32.941596544466854,0.8852898173446067,2022
62681,Quiestède,654.000000000001,32.273498257380076,23.47427846616035,1.374845165269056,2022
62682,Quilen,65.0,40.90909090909084,24.242424242424224,1.6874999999999987,2022
62683,Quœux-Haut-Maînil,215.0,25.540026378332513,35.9360284602602,0.7107080963767577,2022
62684,Racquinghem,2197.0,32.840672673890715,26.120801081723442,1.2572613133549384,2022
62685,Radinghem,261.0,43.041014328569005,16.781780437686418,2.5647466005402437,2022
62686,Ramecourt,351.0,33.23254256578684,29.142103657722885,1.1403618268642028,2022
62688,Rang-du-Fliers,4339.00000000001,29.124042939154553,33.402361120501986,0.8719156958421884,2022
62689,Ransart,400.0,34.69756755304172,27.553285049346147,1.2592896814626868,2022
62690,Raye-sur-Authie,228.0,32.188841201716755,33.90557939914161,0.949367088607596,2022
62691,Saint-Augustin,861.0,36.98435700352544,21.089160151232168,1.753714075776724,2022
62692,Rebergues,397.0,43.19118332594035,12.77671539645533,3.3804606258916103,2022
62693,Rebreuve-Ranchicourt,1071.0,28.77736800070887,30.960002462147422,0.9295014764902844,2022
62694,Rebreuve-sur-Canche,188.0,28.723404255319153,33.51063829787234,0.8571428571428571,2022
62695,Rebreuviette,253.0,33.443827985312254,28.364173994526826,1.1790869704778146,2022
62696,Reclinghem,234.0,37.759336099585084,24.066390041493772,1.5689655172413803,2022
62697,Récourt,295.0,36.11297858394244,20.27261668006701,1.781367405789822,2022
62698,Recques-sur-Course,268.0,29.90356742535235,33.611826645501054,0.8896739751975055,2022
62699,Recques-sur-Hem,670.999999999999,34.41486132566913,24.0197431391468,1.4327739112905253,2022
62700,Regnauville,210.0,30.69767441860467,26.046511627906998,1.1785714285714282,2022
62701,Rely,459.000000000001,37.12046607314024,24.10633595125624,1.5398634677704224,2022
62702,Remilly-Wirquin,360.0,32.77777777777778,26.666666666666668,1.2291666666666667,2022
62703,Rémy,386.000000000001,37.610415324071504,20.95647434842,1.7946919266459112,2022
62704,Renty,589.0,33.83722271317639,26.24345592005352,1.2893584905988011,2022
62705,Rety,2050.0,38.1638200718443,23.394598238746955,1.6313090604238734,2022
62706,Richebourg,2653.0,31.262626267780096,30.0516631161699,1.0402960444128835,2022
62708,Riencourt-lès-Bapaume,32.0,40.0,17.142857142857157,2.3333333333333317,2022
62709,Riencourt-lès-Cagnicourt,249.0,31.4941961688345,25.71553365779456,1.2247148586507512,2022
62710,Rimboval,184.0,37.36263736263734,21.42857142857142,1.7435897435897434,2022
62711,Rinxent,3007.0,35.7611090391117,24.642154469455285,1.4512168196753539,2022
62712,Rivière,1124.0,31.181227708097598,30.759930742402048,1.013696291101033,2022
62713,Robecq,1320.0,32.16652083419553,24.80369592632022,1.2968438626947651,2022
62714,Roclincourt,785.999999999999,28.1028514950279,31.43796113577283,0.8939145695122716,2022
62715,Rocquigny,273.0,37.188420549304105,27.65331424780255,1.3448088072213351,2022
62716,Rodelinghem,555.0,37.1858790036791,21.950033807061534,1.694114885222457,2022
62717,Roëllecourt,520.0,31.899906593995965,30.914275179594608,1.0318827275967297,2022
62718,Rœux,1393.0,31.397864107974733,25.129848296519526,1.2494251353010883,2022
62719,Rollancourt,273.0,40.00477313769286,30.74716955908191,1.3010879931833104,2022
62720,Rombly,50.0,41.509433962264,26.41509433962257,1.57142857142857,2022
62721,Roquetoire,1967.0,33.65508800469477,24.503209189582385,1.373497150691728,2022
62722,Rougefay,89.0,19.101123595505616,42.69662921348314,0.4473684210526316,2022
62723,Roussent,247.0,37.613473010776396,22.0042228035574,1.7093752115932703,2022
62724,Rouvroy,8674.99999999999,37.04035677360154,24.615470228795125,1.504759260307439,2022
62725,Royon,127.0,30.57851239669409,34.710743801652754,0.8809523809523809,2022
62726,Ruisseauville,208.0,39.54545454545452,20.90909090909094,1.891304347826083,2022
62727,Ruitz,1493.0,30.480787376458,31.005500483296593,0.9830767735189029,2022
62728,Rumaucourt,695.999999999998,34.50564610962927,25.647348602011622,1.3453884315715525,2022
62729,Rumilly,239.0,33.47280334728033,28.03347280334728,1.1940298507462686,2022
62730,Ruminghem,1607.0,37.90722475488239,20.901897731154683,1.8135781373755808,2022
62731,Ruyaulcourt,284.0,31.417640017870813,29.28803997377638,1.0727122759324696,2022
62732,Sachin,320.0,35.83276347886672,27.755422686938836,1.2910184753096527,2022
62733,Sailly-au-Bois,287.0,36.58536585365854,28.57142857142857,1.2804878048780488,2022
62734,Sailly-en-Ostrevent,666.999999999999,33.22497259706257,25.955314272222875,1.2800836178901371,2022
62735,Sailly-Labourse,2535.0,39.35085182592745,19.99863968450849,1.9676764243324876,2022
62736,Sailly-sur-la-Lys,3932.0,30.948470402011903,30.195995543744043,1.0249196903336992,2022
62737,Sains-en-Gohelle,5972.0,36.064027639392,25.436976935957595,1.4177796257074893,2022
62738,Sains-lès-Fressin,152.0,33.55263157894737,29.605263157894733,1.1333333333333333,2022
62739,Sains-lès-Marquion,318.0,32.63489644332795,25.39007251279487,1.2853408129056025,2022
62740,Sains-lès-Pernes,303.0,38.262076521206566,20.201718736469278,1.8940010511152061,2022
62741,Saint-Amand,119.0,21.6,40.0,0.54,2022
62742,Saint-Aubin,278.0,27.480280541512155,36.689626217945445,0.748993199829088,2022
62744,Sainte-Catherine,3533.0,30.05138295064933,30.157016641985003,0.9964972101653913,2022
62745,Saint-Denœux,171.0,31.57894736842105,28.654970760233915,1.1020408163265305,2022
62746,Saint-Étienne-au-Mont,5051.0,35.51908087659935,25.710089564885536,1.3815230315304226,2022
62747,Saint-Floris,629.0,38.42772401812326,16.972624452991735,2.264100294244693,2022
62748,Saint-Folquin,2339.0,33.493131351494696,26.578893780466363,1.2601401558747274,2022
62749,Saint-Georges,325.0,30.54069679251215,28.627329222929287,1.0668370966317857,2022
62750,Saint-Hilaire-Cottes,823.0,36.67806626141507,26.14646729969308,1.4027924247282773,2022
62751,Saint-Inglevert,813.999999999999,37.565082602052264,19.21608515540863,1.954876984476677,2022
62752,Saint-Josse,1055.0,27.014218009478675,33.74407582938389,0.800561797752809,2022
62753,Saint-Laurent-Blangy,6492.0,34.36537276648182,25.600739371534196,1.3423586040914561,2022
62754,Saint-Léger,527.0,38.25218520893632,19.121547619315894,2.000475378378649,2022
62755,Saint-Léonard,3346.0,28.73628603929011,33.93770336755452,0.8467363194282285,2022
62756,Sainte-Marie-Kerque,1715.0,38.71720116618076,18.950437317784257,2.043076923076923,2022
62757,Saint-Martin-lez-Tatinghem,5863.0,31.40703966256739,30.214445684889927,1.0394709864981528,2022
62758,Saint-Martin-Boulogne,11036.0,32.31260538106008,30.644557876109662,1.054432095633229,2022
62759,Saint-Martin-Choquel,444.0,33.33333333333333,22.972972972972975,1.4509803921568627,2022
62760,Saint-Martin-d'Hardinghem,267.0,29.454167051967378,32.92595635169361,0.8945576777590654,2022
62761,Saint-Martin-sur-Cojeul,214.0,31.775700934579437,24.299065420560748,1.3076923076923077,2022
62762,Saint-Michel-sous-Bois,129.0,37.31343283582093,18.656716417910456,2.000000000000001,2022
62763,Saint-Michel-sur-Ternoise,838.000000000002,29.631421490278324,34.93933967225008,0.8480818976041649,2022
62764,Saint-Nicolas,4547.99999999999,33.42622260168972,28.412039268366705,1.1764809377447851,2022
62765,Saint-Omer,14358.0,42.45573143724683,22.166380970977112,1.9153208407288036,2022
62766,Saint-Omer-Capelle,1100.0,39.736759671547,17.84680391453635,2.226547669926553,2022
62767,Saint-Pol-sur-Ternoise,4759.0,32.55023545791341,32.7984491895435,0.9924321503679746,2022
62768,Saint-Rémy-au-Bois,106.0,34.285714285714334,31.428571428571406,1.0909090909090935,2022
62769,Saint-Tricat,775.0,32.25806451612903,24.258064516129032,1.3297872340425532,2022
62770,Saint-Venant,3002.0,30.41305796135909,32.61159227181879,0.9325842696629213,2022
62771,Sallaumines,9632.99999999999,39.68907250688564,24.238941895286512,1.63740944956857,2022
62772,Salperwick,518.0,33.397683397683394,24.517374517374517,1.3622047244094488,2022
62773,Samer,4642.0,38.34554071520896,21.95174493752693,1.746810598626104,2022
62774,Sangatte,4755.0,31.942542527967404,28.115844121143706,1.1361046956419116,2022
62775,Sanghen,327.0,36.668419849044064,19.341989050788428,1.8957936411172445,2022
62776,Sapignies,194.0,39.48717948717949,18.974358974359,2.0810810810810785,2022
62777,Le Sars,156.0,33.125,25.0,1.325,2022
62778,Sars-le-Bois,78.9999999999998,30.769230769230816,30.76923076923077,1.0000000000000013,2022
62779,Sarton,186.999999999999,32.76836158192103,25.42372881355937,1.2888888888888912,2022
62780,Sauchy-Cauchy,381.0,32.34416627091234,28.53902863206387,1.1333310144471194,2022
62781,Sauchy-Lestrée,444.999999999999,32.66133085123419,22.393313069652848,1.4585305331838743,2022
62782,Saudemont,421.0,33.56669683226644,28.9876349126217,1.1579660408117993,2022
62783,Saulchoy,322.0,33.337622971361675,24.678478530447016,1.35087837486543,2022
62784,Saulty,761.0,36.46533328485979,23.613555287171685,1.5442542574124773,2022
62785,Savy-Berlette,912.0,34.64424860725438,25.251601362698466,1.3719624395160415,2022
62786,Selles,304.0,33.223684210526315,30.263157894736842,1.0978260869565217,2022
62787,Sempy,326.0,39.13827480628543,23.702801459577667,1.6512088190516696,2022
62788,Seninghem,685.999999999999,33.88650972237148,21.26048751845439,1.5938726566339334,2022
62789,Senlecques,255.0,40.78431372549019,21.96078431372549,1.8571428571428572,2022
62790,Senlis,161.0,22.981366459627328,32.298136645962735,0.7115384615384616,2022
62791,Séricourt,46.0,33.33333333333337,31.372549019607774,1.0625000000000036,2022
62792,Serques,1178.0,29.95579834088744,25.533567470877678,1.173192832339372,2022
62793,Servins,1146.0,34.2194400551288,21.22956947264914,1.6118763076761873,2022
62794,Setques,594.0,35.57983356128973,25.056855365800402,1.4199640394561215,2022
62795,Sibiville,115.0,35.59322033898304,23.72881355932201,1.500000000000001,2022
62796,Simencourt,567.0,28.87351148147827,27.04596441745083,1.067571894860893,2022
62797,Siracourt,282.0,35.091278114218795,22.591607414055563,1.5532882397906074,2022
62798,Sombrin,206.0,27.669902912621357,31.06796116504854,0.890625,2022
62799,Sorrus,943.0,38.6822352856034,19.55341901749365,1.9782849869373726,2022
62800,Souastre,376.0,35.32973229278428,24.117316512092813,1.464911416453376,2022
62801,Souchez,2664.0,31.554766802709832,28.524384649534735,1.1062383006823084,2022
62802,Le Souich,194.0,42.16216216216226,19.45945945945951,2.166666666666666,2022
62803,Surques,631.0,42.08380453763724,17.1713160790017,2.4508199804847983,2022
62804,Sus-Saint-Léger,362.0,38.889911827437686,20.81808438984757,1.8680831098178885,2022
62805,Tangry,264.0,29.166666666666668,27.65151515151515,1.0547945205479452,2022
62806,Tardinghen,150.0,25.333333333333336,44.666666666666664,0.5671641791044776,2022
62808,Teneur,262.0,31.679389312977097,26.33587786259542,1.2028985507246377,2022
62809,Ternas,130.0,36.800000000000004,20.8,1.7692307692307694,2022
62810,Thélus,1303.0,32.8472755180353,26.093630084420568,1.2588235294117647,2022
62811,Thérouanne,1128.0,33.86900784603715,29.174692767759357,1.1609036679716271,2022
62812,Thiembronne,823.999999999999,37.992363306705506,22.92025989590833,1.6575886782805553,2022
62813,La Thieuloye,470.0,32.97872340425532,23.19148936170213,1.4220183486238531,2022
62814,Thièvres,92.0,26.73267326732674,43.56435643564361,0.6136363636363631,2022
62815,Tigny-Noyelle,168.000000000001,23.899371069182358,42.13836477987412,0.5671641791044782,2022
62816,Tilloy-lès-Hermaville,216.000000000001,34.41860465116271,23.255813953488317,1.4799999999999998,2022
62817,Tilloy-lès-Mofflaines,1564.0,38.42710997442455,22.058823529411764,1.7420289855072464,2022
62818,Tilly-Capelle,156.0,31.16883116883109,32.46753246753232,0.9600000000000019,2022
62819,Tilques,1063.0,31.56061786675804,27.64574878215661,1.1416083577786182,2022
62820,Tincques,808.000000000001,32.6161835070439,26.115449028826486,1.2489229448454757,2022
62821,Tingry,293.0,34.36835189334075,28.18362846691487,1.2194438318574277,2022
62822,Tollent,86.0000000000003,29.33333333333327,39.999999999999936,0.7333333333333331,2022
62823,Torcy,172.0,31.791907514450873,34.68208092485551,0.9166666666666662,2022
62824,Tortefontaine,232.0,28.01724137931034,35.3448275862069,0.7926829268292683,2022
62825,Tortequesne,884.0,35.32961621078405,23.424633432934186,1.5082249338899747,2022
62826,Le Touquet-Paris-Plage,4223.00000000001,15.913520142770954,59.907147866108815,0.2656364175162758,2022
62827,Tournehem-sur-la-Hem,1353.0,37.53682996317909,24.4346421288295,1.5362136169324458,2022
62828,Tramecourt,55.0,25.454545454545453,32.72727272727273,0.7777777777777778,2022
62829,Le Transloy,425.000000000001,33.269142596439075,22.055467645269985,1.508430613738266,2022
62830,Trescault,194.0,35.7843137254902,24.019607843137287,1.4897959183673453,2022
62831,Troisvaux,288.0,30.555555555555557,28.125,1.0864197530864197,2022
62832,Tubersent,576.000000000001,33.64801712188659,26.895514308149803,1.251064275491124,2022
62833,Vacquerie-le-Boucq,70.0,20.3125,48.4375,0.41935483870967744,2022
62834,Vacqueriette-Erquières,249.0,32.34875313114258,29.495668466575598,1.0967289372607398,2022
62835,Valhuon,544.0,35.05118578464085,24.94123002614445,1.4053511293508265,2022
62836,Vaudricourt,1129.0,30.646589902568643,28.786536758193094,1.0646153846153845,2022
62837,Vaudringhem,488.0,38.80501890003295,20.909002555657015,1.855900050551866,2022
62838,Vaulx,93.9999999999996,29.999999999999975,36.666666666666686,0.8181818181818171,2022
62839,Vaulx-Vraucourt,1096.0,30.83941605839416,34.03284671532847,0.9061662198391421,2022
62840,Vélu,130.000000000001,34.108527131782814,34.108527131782814,1.0,2022
62841,Vendin-lès-Béthune,2384.00000000001,29.795158613626764,31.229676171182817,0.9540655641226355,2022
62842,Vendin-le-Vieil,8595.99999999999,38.24371913344095,20.37788704065114,1.8767264268935184,2022
62843,Verchin,233.0,31.759656652360512,36.9098712446352,0.8604651162790697,2022
62844,Verchocq,643.0,37.51447182724961,26.134583874737654,1.4354340595991675,2022
62845,Verlincthun,514.0,39.98394159453292,18.788922104961827,2.1280593623821487,2022
62846,Vermelles,4729.0,38.82427574540072,22.79551702262635,1.7031539888682745,2022
62847,Verquigneul,2013.0,43.92115207088604,17.934818953547065,2.448932001189759,2022
62848,Verquin,3452.0,33.253648264399274,27.382547685481924,1.2144103115003495,2022
62849,Verton,2557.0,30.34099717693508,31.883844835062952,0.9516103636148929,2022
62850,Vieil-Hesdin,343.0,28.28789593989052,35.59839987019777,0.79463953557004,2022
62851,Vieille-Chapelle,888.0,35.24774774774775,20.945945945945947,1.6827956989247312,2022
62852,Vieille-Église,1496.0,39.199242891772464,17.253742647753008,2.271926948955476,2022
62853,Vieil-Moutier,384.999999999999,35.45381155757981,25.62972508913779,1.3833083044892118,2022
62854,Villers-au-Bois,610.0,37.206725347407534,19.982034447315687,1.8620088682914744,2022
62855,Villers-au-Flos,243.0,36.99186991869918,27.23577235772358,1.35820895522388,2022
62856,Villers-Brûlin,371.0,32.34501347708895,23.180592991913745,1.3953488372093024,2022
62857,Villers-Châtel,127.0,26.190476190476218,29.365079365079428,0.891891891891891,2022
62858,Villers-lès-Cagnicourt,254.0,31.906614785992204,22.568093385213977,1.4137931034482771,2022
62859,Villers-l'Hôpital,257.0,36.39509662013584,28.104276542089085,1.295002081467224,2022
62860,Villers-Sir-Simon,136.0,41.17647058823529,22.794117647058822,1.8064516129032258,2022
62861,Vimy,4281.0,29.26886241532352,34.80495211399206,0.8409395973154362,2022
62862,Vincly,149.0,30.769230769230738,19.580419580419555,1.5714285714285718,2022
62863,Violaines,3844.0,35.45951557320239,23.226229180131913,1.5267013555319184,2022
62864,Vis-en-Artois,639.0,32.59690528717776,22.770463696650147,1.43154332390575,2022
62865,Vitry-en-Artois,4842.0,35.06815365551425,27.323420074349443,1.2834467120181405,2022
62866,Waben,440.0,27.910744024008704,32.48437334575963,0.8592052469946153,2022
62867,Wacquinghen,261.0,27.350634493053715,32.108664241055045,0.8518147714809766,2022
62868,Wail,253.0,30.08423589622166,29.441908724125742,1.0218167639236504,2022
62869,Wailly,1076.0,31.856589649493962,29.61180792937292,1.0758069796168834,2022
62870,Wailly-Beaucamp,1063.0,32.54018418579605,25.015718126619845,1.3007895284512832,2022
62871,Wambercourt,260.0,33.09451222002762,28.604486807746333,1.1569692699770913,2022
62872,Wamin,242.0,33.75938307363408,30.592693740584874,1.1035112945561973,2022
62873,Wancourt,630.0,36.86253860735936,17.657469827929788,2.087645566810023,2022
62874,Wanquetin,737.0,32.192227162480556,25.93851831504464,1.24109738156511,2022
62875,Wardrecques,1338.0,32.585949177877424,28.923766816143498,1.1266149870801034,2022
62876,Warlencourt-Eaucourt,133.0,34.84848484848489,22.727272727272798,1.5333333333333303,2022
62877,Warlincourt-lès-Pas,165.0,29.255319148936177,28.723404255319135,1.0185185185185195,2022
62878,Warlus,379.0,29.59020358960372,31.6449104052199,0.9350699120552021,2022
62879,Warluzel,215.0,30.04291845493563,30.901287553648118,0.9722222222222211,2022
62880,Le Wast,203.0,32.845524449333155,27.447160881066978,1.1966820390516224,2022
62881,Beauvoir-Wavans,363.000000000001,26.560767450377256,36.7773646658723,0.7222042060839782,2022
62882,Wavrans-sur-l'Aa,1211.0,31.998128517377957,26.085605110673775,1.2266584724264218,2022
62883,Wavrans-sur-Ternoise,196.0,35.204081632653065,22.448979591836736,1.5681818181818181,2022
62885,Westrehem,248.0,40.725806451612904,20.967741935483872,1.9423076923076923,2022
62886,Wicquinghem,268.0,42.75558265460093,23.15705912448892,1.8463304180705007,2022
62887,Widehem,246.999999999999,35.39094650205759,22.22222222222222,1.5925925925925917,2022
62888,Wierre-au-Bois,228.0,25.0,34.21052631578947,0.7307692307692307,2022
62889,Wierre-Effroy,845.000000000002,30.82990349931472,29.67666080141444,1.0388602580868975,2022
62890,Willeman,182.0,29.67032967032967,31.868131868131865,0.9310344827586207,2022
62891,Willencourt,138.0,28.467153284671447,36.4963503649634,0.78,2022
62892,Willerval,661.0,32.37518910741301,26.4750378214826,1.2228571428571429,2022
62893,Wimereux,6306.99999999999,27.95284019427717,37.37877340107367,0.747826577783696,2022
62894,Wimille,3839.0,30.789268038551704,31.57072154206825,0.9752475247524752,2022
62895,Wingles,8734.0,39.20311426608656,22.83031829631326,1.7171514543630892,2022
62896,Wirwignes,743.0,31.067554326908475,27.220657762225947,1.1413226894913928,2022
62897,Wismes,503.000000000001,29.917154599727,32.38003829216768,0.9239382093925309,2022
62898,Wisques,223.000000000001,27.331029495859116,32.22992658186335,0.8480016057882993,2022
62899,Wissant,846.999999999999,24.65479864808879,41.01829453958405,0.6010683507159487,2022
62900,Witternesse,619.999999999999,31.118985714189762,25.36032311924037,1.2270737075341287,2022
62901,Wittes,984.999999999999,35.975795459325525,19.962830952445838,1.8021389624059199,2022
62902,Wizernes,3339.0,33.57292602575622,27.044025157232703,1.2414174972314507,2022
62903,Zoteux,588.0,35.544217687074834,21.428571428571427,1.6587301587301588,2022
62904,Zouafques,590.0,38.011240203541355,16.80449386588689,2.261968763052373,2022
62905,Zudausques,1061.0,35.52537882140736,20.21058816221703,1.7577607606601364,2022
62906,Zutkerque,1795.0,36.100278551532035,23.788300835654596,1.5175644028103044,2022
62907,Libercourt,8047.0,36.59748974773208,25.065241704983222,1.4600892414476947,2022
62908,La Capelle-lès-Boulogne,1571.0,26.399317047121006,36.73703417749735,0.7186022943379426,2022
62909,Ytres,428.0,35.69725100483089,24.18855034551765,1.475791252262701,2022
