code_commune,nom,prenom,annee,voix
62001,ARTHAUD,Nathalie,2017,9
62001,ASSELINEAU,François,2017,6
62001,CHEMINADE,Jacques,2017,3
62001,DUPONT-AIGNAN,Nicolas,2017,63
62001,FILLON,François,2017,250
62001,HAMON,Benoît,2017,64
62001,LASSALLE,Jean,2017,9
62001,LE PEN,Marine,2017,300
62001,MACRON,Emmanuel,2017,273
62001,MÉLENCHON,Jean-Luc,2017,221
62001,POUTOU,Philippe,2017,7
62002,ARTHAUD,Nathalie,2017,4
62002,ASSELINEAU,François,2017,1
62002,CHEMINADE,Jacques,2017,0
62002,DUPONT-AIGNAN,Nicolas,2017,6
62002,FILLON,François,2017,21
62002,HAMON,Benoît,2017,10
62002,LASSALLE,Jean,2017,3
62002,LE PEN,Marine,2017,54
62002,MACRON,Emmanuel,2017,31
62002,MÉLENCHON,Jean-Luc,2017,17
62002,POUTOU,Philippe,2017,2
62003,ARTHAUD,Nathalie,2017,1
62003,ASSELINEAU,François,2017,2
62003,CHEMINADE,Jacques,2017,2
62003,DUPONT-AIGNAN,Nicolas,2017,21
62003,FILLON,François,2017,91
62003,HAMON,Benoît,2017,22
62003,LASSALLE,Jean,2017,7
62003,LE PEN,Marine,2017,134
62003,MACRON,Emmanuel,2017,90
62003,MÉLENCHON,Jean-Luc,2017,81
62003,POUTOU,Philippe,2017,0
62004,ARTHAUD,Nathalie,2017,73
62004,ASSELINEAU,François,2017,36
62004,CHEMINADE,Jacques,2017,13
62004,DUPONT-AIGNAN,Nicolas,2017,244
62004,FILLON,François,2017,604
62004,HAMON,Benoît,2017,322
62004,LASSALLE,Jean,2017,42
62004,LE PEN,Marine,2017,1144
62004,MACRON,Emmanuel,2017,1121
62004,MÉLENCHON,Jean-Luc,2017,1007
62004,POUTOU,Philippe,2017,57
62005,ARTHAUD,Nathalie,2017,4
62005,ASSELINEAU,François,2017,3
62005,CHEMINADE,Jacques,2017,0
62005,DUPONT-AIGNAN,Nicolas,2017,27
62005,FILLON,François,2017,68
62005,HAMON,Benoît,2017,22
62005,LASSALLE,Jean,2017,3
62005,LE PEN,Marine,2017,201
62005,MACRON,Emmanuel,2017,85
62005,MÉLENCHON,Jean-Luc,2017,109
62005,POUTOU,Philippe,2017,8
62006,ARTHAUD,Nathalie,2017,1
62006,ASSELINEAU,François,2017,0
62006,CHEMINADE,Jacques,2017,0
62006,DUPONT-AIGNAN,Nicolas,2017,14
62006,FILLON,François,2017,32
62006,HAMON,Benoît,2017,4
62006,LASSALLE,Jean,2017,0
62006,LE PEN,Marine,2017,84
62006,MACRON,Emmanuel,2017,40
62006,MÉLENCHON,Jean-Luc,2017,36
62006,POUTOU,Philippe,2017,3
62007,ARTHAUD,Nathalie,2017,4
62007,ASSELINEAU,François,2017,2
62007,CHEMINADE,Jacques,2017,2
62007,DUPONT-AIGNAN,Nicolas,2017,20
62007,FILLON,François,2017,121
62007,HAMON,Benoît,2017,25
62007,LASSALLE,Jean,2017,1
62007,LE PEN,Marine,2017,107
62007,MACRON,Emmanuel,2017,118
62007,MÉLENCHON,Jean-Luc,2017,58
62007,POUTOU,Philippe,2017,6
62008,ARTHAUD,Nathalie,2017,5
62008,ASSELINEAU,François,2017,1
62008,CHEMINADE,Jacques,2017,2
62008,DUPONT-AIGNAN,Nicolas,2017,33
62008,FILLON,François,2017,116
62008,HAMON,Benoît,2017,13
62008,LASSALLE,Jean,2017,5
62008,LE PEN,Marine,2017,150
62008,MACRON,Emmanuel,2017,99
62008,MÉLENCHON,Jean-Luc,2017,68
62008,POUTOU,Philippe,2017,4
62009,ARTHAUD,Nathalie,2017,1
62009,ASSELINEAU,François,2017,3
62009,CHEMINADE,Jacques,2017,0
62009,DUPONT-AIGNAN,Nicolas,2017,8
62009,FILLON,François,2017,25
62009,HAMON,Benoît,2017,7
62009,LASSALLE,Jean,2017,0
62009,LE PEN,Marine,2017,54
62009,MACRON,Emmanuel,2017,35
62009,MÉLENCHON,Jean-Luc,2017,24
62009,POUTOU,Philippe,2017,1
62010,ARTHAUD,Nathalie,2017,2
62010,ASSELINEAU,François,2017,0
62010,CHEMINADE,Jacques,2017,0
62010,DUPONT-AIGNAN,Nicolas,2017,13
62010,FILLON,François,2017,22
62010,HAMON,Benoît,2017,11
62010,LASSALLE,Jean,2017,1
62010,LE PEN,Marine,2017,49
62010,MACRON,Emmanuel,2017,30
62010,MÉLENCHON,Jean-Luc,2017,24
62010,POUTOU,Philippe,2017,2
62011,ARTHAUD,Nathalie,2017,1
62011,ASSELINEAU,François,2017,2
62011,CHEMINADE,Jacques,2017,0
62011,DUPONT-AIGNAN,Nicolas,2017,28
62011,FILLON,François,2017,176
62011,HAMON,Benoît,2017,16
62011,LASSALLE,Jean,2017,3
62011,LE PEN,Marine,2017,97
62011,MACRON,Emmanuel,2017,86
62011,MÉLENCHON,Jean-Luc,2017,47
62011,POUTOU,Philippe,2017,3
62012,ARTHAUD,Nathalie,2017,5
62012,ASSELINEAU,François,2017,0
62012,CHEMINADE,Jacques,2017,2
62012,DUPONT-AIGNAN,Nicolas,2017,15
62012,FILLON,François,2017,29
62012,HAMON,Benoît,2017,3
62012,LASSALLE,Jean,2017,3
62012,LE PEN,Marine,2017,39
62012,MACRON,Emmanuel,2017,32
62012,MÉLENCHON,Jean-Luc,2017,18
62012,POUTOU,Philippe,2017,3
62013,ARTHAUD,Nathalie,2017,14
62013,ASSELINEAU,François,2017,11
62013,CHEMINADE,Jacques,2017,3
62013,DUPONT-AIGNAN,Nicolas,2017,80
62013,FILLON,François,2017,179
62013,HAMON,Benoît,2017,95
62013,LASSALLE,Jean,2017,16
62013,LE PEN,Marine,2017,334
62013,MACRON,Emmanuel,2017,314
62013,MÉLENCHON,Jean-Luc,2017,218
62013,POUTOU,Philippe,2017,18
62014,ARTHAUD,Nathalie,2017,64
62014,ASSELINEAU,François,2017,29
62014,CHEMINADE,Jacques,2017,4
62014,DUPONT-AIGNAN,Nicolas,2017,363
62014,FILLON,François,2017,845
62014,HAMON,Benoît,2017,313
62014,LASSALLE,Jean,2017,47
62014,LE PEN,Marine,2017,1690
62014,MACRON,Emmanuel,2017,1162
62014,MÉLENCHON,Jean-Luc,2017,1057
62014,POUTOU,Philippe,2017,70
62015,ARTHAUD,Nathalie,2017,1
62015,ASSELINEAU,François,2017,0
62015,CHEMINADE,Jacques,2017,0
62015,DUPONT-AIGNAN,Nicolas,2017,6
62015,FILLON,François,2017,34
62015,HAMON,Benoît,2017,9
62015,LASSALLE,Jean,2017,3
62015,LE PEN,Marine,2017,24
62015,MACRON,Emmanuel,2017,48
62015,MÉLENCHON,Jean-Luc,2017,27
62015,POUTOU,Philippe,2017,2
62016,ARTHAUD,Nathalie,2017,0
62016,ASSELINEAU,François,2017,0
62016,CHEMINADE,Jacques,2017,1
62016,DUPONT-AIGNAN,Nicolas,2017,11
62016,FILLON,François,2017,33
62016,HAMON,Benoît,2017,2
62016,LASSALLE,Jean,2017,2
62016,LE PEN,Marine,2017,38
62016,MACRON,Emmanuel,2017,41
62016,MÉLENCHON,Jean-Luc,2017,16
62016,POUTOU,Philippe,2017,1
62017,ARTHAUD,Nathalie,2017,0
62017,ASSELINEAU,François,2017,0
62017,CHEMINADE,Jacques,2017,0
62017,DUPONT-AIGNAN,Nicolas,2017,5
62017,FILLON,François,2017,14
62017,HAMON,Benoît,2017,2
62017,LASSALLE,Jean,2017,0
62017,LE PEN,Marine,2017,38
62017,MACRON,Emmanuel,2017,10
62017,MÉLENCHON,Jean-Luc,2017,28
62017,POUTOU,Philippe,2017,0
62018,ARTHAUD,Nathalie,2017,3
62018,ASSELINEAU,François,2017,0
62018,CHEMINADE,Jacques,2017,0
62018,DUPONT-AIGNAN,Nicolas,2017,5
62018,FILLON,François,2017,40
62018,HAMON,Benoît,2017,17
62018,LASSALLE,Jean,2017,0
62018,LE PEN,Marine,2017,42
62018,MACRON,Emmanuel,2017,45
62018,MÉLENCHON,Jean-Luc,2017,23
62018,POUTOU,Philippe,2017,0
62019,ARTHAUD,Nathalie,2017,20
62019,ASSELINEAU,François,2017,20
62019,CHEMINADE,Jacques,2017,2
62019,DUPONT-AIGNAN,Nicolas,2017,106
62019,FILLON,François,2017,301
62019,HAMON,Benoît,2017,131
62019,LASSALLE,Jean,2017,14
62019,LE PEN,Marine,2017,758
62019,MACRON,Emmanuel,2017,449
62019,MÉLENCHON,Jean-Luc,2017,550
62019,POUTOU,Philippe,2017,19
62020,ARTHAUD,Nathalie,2017,7
62020,ASSELINEAU,François,2017,1
62020,CHEMINADE,Jacques,2017,0
62020,DUPONT-AIGNAN,Nicolas,2017,21
62020,FILLON,François,2017,79
62020,HAMON,Benoît,2017,10
62020,LASSALLE,Jean,2017,4
62020,LE PEN,Marine,2017,137
62020,MACRON,Emmanuel,2017,42
62020,MÉLENCHON,Jean-Luc,2017,51
62020,POUTOU,Philippe,2017,4
62021,ARTHAUD,Nathalie,2017,0
62021,ASSELINEAU,François,2017,2
62021,CHEMINADE,Jacques,2017,1
62021,DUPONT-AIGNAN,Nicolas,2017,21
62021,FILLON,François,2017,46
62021,HAMON,Benoît,2017,11
62021,LASSALLE,Jean,2017,2
62021,LE PEN,Marine,2017,66
62021,MACRON,Emmanuel,2017,53
62021,MÉLENCHON,Jean-Luc,2017,26
62021,POUTOU,Philippe,2017,2
62022,ARTHAUD,Nathalie,2017,3
62022,ASSELINEAU,François,2017,1
62022,CHEMINADE,Jacques,2017,0
62022,DUPONT-AIGNAN,Nicolas,2017,20
62022,FILLON,François,2017,74
62022,HAMON,Benoît,2017,6
62022,LASSALLE,Jean,2017,0
62022,LE PEN,Marine,2017,42
62022,MACRON,Emmanuel,2017,38
62022,MÉLENCHON,Jean-Luc,2017,33
62022,POUTOU,Philippe,2017,2
62023,ARTHAUD,Nathalie,2017,16
62023,ASSELINEAU,François,2017,9
62023,CHEMINADE,Jacques,2017,5
62023,DUPONT-AIGNAN,Nicolas,2017,107
62023,FILLON,François,2017,182
62023,HAMON,Benoît,2017,93
62023,LASSALLE,Jean,2017,12
62023,LE PEN,Marine,2017,679
62023,MACRON,Emmanuel,2017,370
62023,MÉLENCHON,Jean-Luc,2017,405
62023,POUTOU,Philippe,2017,21
62024,ARTHAUD,Nathalie,2017,2
62024,ASSELINEAU,François,2017,10
62024,CHEMINADE,Jacques,2017,0
62024,DUPONT-AIGNAN,Nicolas,2017,32
62024,FILLON,François,2017,89
62024,HAMON,Benoît,2017,24
62024,LASSALLE,Jean,2017,4
62024,LE PEN,Marine,2017,203
62024,MACRON,Emmanuel,2017,105
62024,MÉLENCHON,Jean-Luc,2017,55
62024,POUTOU,Philippe,2017,4
62025,ARTHAUD,Nathalie,2017,7
62025,ASSELINEAU,François,2017,8
62025,CHEMINADE,Jacques,2017,2
62025,DUPONT-AIGNAN,Nicolas,2017,64
62025,FILLON,François,2017,254
62025,HAMON,Benoît,2017,58
62025,LASSALLE,Jean,2017,12
62025,LE PEN,Marine,2017,397
62025,MACRON,Emmanuel,2017,229
62025,MÉLENCHON,Jean-Luc,2017,183
62025,POUTOU,Philippe,2017,10
62026,ARTHAUD,Nathalie,2017,3
62026,ASSELINEAU,François,2017,0
62026,CHEMINADE,Jacques,2017,0
62026,DUPONT-AIGNAN,Nicolas,2017,4
62026,FILLON,François,2017,9
62026,HAMON,Benoît,2017,6
62026,LASSALLE,Jean,2017,1
62026,LE PEN,Marine,2017,18
62026,MACRON,Emmanuel,2017,27
62026,MÉLENCHON,Jean-Luc,2017,18
62026,POUTOU,Philippe,2017,0
62027,ARTHAUD,Nathalie,2017,0
62027,ASSELINEAU,François,2017,0
62027,CHEMINADE,Jacques,2017,0
62027,DUPONT-AIGNAN,Nicolas,2017,9
62027,FILLON,François,2017,23
62027,HAMON,Benoît,2017,0
62027,LASSALLE,Jean,2017,0
62027,LE PEN,Marine,2017,74
62027,MACRON,Emmanuel,2017,23
62027,MÉLENCHON,Jean-Luc,2017,13
62027,POUTOU,Philippe,2017,0
62028,ARTHAUD,Nathalie,2017,7
62028,ASSELINEAU,François,2017,1
62028,CHEMINADE,Jacques,2017,1
62028,DUPONT-AIGNAN,Nicolas,2017,19
62028,FILLON,François,2017,69
62028,HAMON,Benoît,2017,19
62028,LASSALLE,Jean,2017,5
62028,LE PEN,Marine,2017,161
62028,MACRON,Emmanuel,2017,54
62028,MÉLENCHON,Jean-Luc,2017,59
62028,POUTOU,Philippe,2017,3
62029,ARTHAUD,Nathalie,2017,3
62029,ASSELINEAU,François,2017,1
62029,CHEMINADE,Jacques,2017,1
62029,DUPONT-AIGNAN,Nicolas,2017,25
62029,FILLON,François,2017,55
62029,HAMON,Benoît,2017,9
62029,LASSALLE,Jean,2017,1
62029,LE PEN,Marine,2017,115
62029,MACRON,Emmanuel,2017,53
62029,MÉLENCHON,Jean-Luc,2017,41
62029,POUTOU,Philippe,2017,4
62030,ARTHAUD,Nathalie,2017,0
62030,ASSELINEAU,François,2017,0
62030,CHEMINADE,Jacques,2017,1
62030,DUPONT-AIGNAN,Nicolas,2017,11
62030,FILLON,François,2017,41
62030,HAMON,Benoît,2017,8
62030,LASSALLE,Jean,2017,1
62030,LE PEN,Marine,2017,71
62030,MACRON,Emmanuel,2017,31
62030,MÉLENCHON,Jean-Luc,2017,26
62030,POUTOU,Philippe,2017,0
62031,ARTHAUD,Nathalie,2017,6
62031,ASSELINEAU,François,2017,1
62031,CHEMINADE,Jacques,2017,1
62031,DUPONT-AIGNAN,Nicolas,2017,61
62031,FILLON,François,2017,77
62031,HAMON,Benoît,2017,26
62031,LASSALLE,Jean,2017,9
62031,LE PEN,Marine,2017,381
62031,MACRON,Emmanuel,2017,133
62031,MÉLENCHON,Jean-Luc,2017,182
62031,POUTOU,Philippe,2017,6
62032,ARTHAUD,Nathalie,2017,42
62032,ASSELINEAU,François,2017,27
62032,CHEMINADE,Jacques,2017,3
62032,DUPONT-AIGNAN,Nicolas,2017,128
62032,FILLON,François,2017,291
62032,HAMON,Benoît,2017,137
62032,LASSALLE,Jean,2017,16
62032,LE PEN,Marine,2017,906
62032,MACRON,Emmanuel,2017,504
62032,MÉLENCHON,Jean-Luc,2017,613
62032,POUTOU,Philippe,2017,32
62033,ARTHAUD,Nathalie,2017,30
62033,ASSELINEAU,François,2017,17
62033,CHEMINADE,Jacques,2017,5
62033,DUPONT-AIGNAN,Nicolas,2017,124
62033,FILLON,François,2017,252
62033,HAMON,Benoît,2017,111
62033,LASSALLE,Jean,2017,12
62033,LE PEN,Marine,2017,1004
62033,MACRON,Emmanuel,2017,361
62033,MÉLENCHON,Jean-Luc,2017,544
62033,POUTOU,Philippe,2017,37
62034,ARTHAUD,Nathalie,2017,16
62034,ASSELINEAU,François,2017,6
62034,CHEMINADE,Jacques,2017,2
62034,DUPONT-AIGNAN,Nicolas,2017,56
62034,FILLON,François,2017,106
62034,HAMON,Benoît,2017,49
62034,LASSALLE,Jean,2017,6
62034,LE PEN,Marine,2017,672
62034,MACRON,Emmanuel,2017,216
62034,MÉLENCHON,Jean-Luc,2017,233
62034,POUTOU,Philippe,2017,13
62035,ARTHAUD,Nathalie,2017,30
62035,ASSELINEAU,François,2017,28
62035,CHEMINADE,Jacques,2017,7
62035,DUPONT-AIGNAN,Nicolas,2017,166
62035,FILLON,François,2017,432
62035,HAMON,Benoît,2017,167
62035,LASSALLE,Jean,2017,18
62035,LE PEN,Marine,2017,1324
62035,MACRON,Emmanuel,2017,601
62035,MÉLENCHON,Jean-Luc,2017,669
62035,POUTOU,Philippe,2017,34
62036,ARTHAUD,Nathalie,2017,5
62036,ASSELINEAU,François,2017,0
62036,CHEMINADE,Jacques,2017,1
62036,DUPONT-AIGNAN,Nicolas,2017,30
62036,FILLON,François,2017,70
62036,HAMON,Benoît,2017,17
62036,LASSALLE,Jean,2017,2
62036,LE PEN,Marine,2017,149
62036,MACRON,Emmanuel,2017,112
62036,MÉLENCHON,Jean-Luc,2017,77
62036,POUTOU,Philippe,2017,7
62037,ARTHAUD,Nathalie,2017,14
62037,ASSELINEAU,François,2017,13
62037,CHEMINADE,Jacques,2017,2
62037,DUPONT-AIGNAN,Nicolas,2017,105
62037,FILLON,François,2017,531
62037,HAMON,Benoît,2017,130
62037,LASSALLE,Jean,2017,16
62037,LE PEN,Marine,2017,326
62037,MACRON,Emmanuel,2017,606
62037,MÉLENCHON,Jean-Luc,2017,272
62037,POUTOU,Philippe,2017,11
62038,ARTHAUD,Nathalie,2017,22
62038,ASSELINEAU,François,2017,12
62038,CHEMINADE,Jacques,2017,5
62038,DUPONT-AIGNAN,Nicolas,2017,166
62038,FILLON,François,2017,434
62038,HAMON,Benoît,2017,137
62038,LASSALLE,Jean,2017,18
62038,LE PEN,Marine,2017,843
62038,MACRON,Emmanuel,2017,480
62038,MÉLENCHON,Jean-Luc,2017,438
62038,POUTOU,Philippe,2017,26
62039,ARTHAUD,Nathalie,2017,4
62039,ASSELINEAU,François,2017,4
62039,CHEMINADE,Jacques,2017,1
62039,DUPONT-AIGNAN,Nicolas,2017,39
62039,FILLON,François,2017,105
62039,HAMON,Benoît,2017,15
62039,LASSALLE,Jean,2017,6
62039,LE PEN,Marine,2017,215
62039,MACRON,Emmanuel,2017,105
62039,MÉLENCHON,Jean-Luc,2017,93
62039,POUTOU,Philippe,2017,7
62040,ARTHAUD,Nathalie,2017,83
62040,ASSELINEAU,François,2017,34
62040,CHEMINADE,Jacques,2017,9
62040,DUPONT-AIGNAN,Nicolas,2017,264
62040,FILLON,François,2017,593
62040,HAMON,Benoît,2017,282
62040,LASSALLE,Jean,2017,41
62040,LE PEN,Marine,2017,1765
62040,MACRON,Emmanuel,2017,1203
62040,MÉLENCHON,Jean-Luc,2017,1027
62040,POUTOU,Philippe,2017,83
62041,ARTHAUD,Nathalie,2017,184
62041,ASSELINEAU,François,2017,158
62041,CHEMINADE,Jacques,2017,41
62041,DUPONT-AIGNAN,Nicolas,2017,753
62041,FILLON,François,2017,3427
62041,HAMON,Benoît,2017,1438
62041,LASSALLE,Jean,2017,136
62041,LE PEN,Marine,2017,4195
62041,MACRON,Emmanuel,2017,4810
62041,MÉLENCHON,Jean-Luc,2017,4169
62041,POUTOU,Philippe,2017,231
62042,ARTHAUD,Nathalie,2017,11
62042,ASSELINEAU,François,2017,5
62042,CHEMINADE,Jacques,2017,0
62042,DUPONT-AIGNAN,Nicolas,2017,39
62042,FILLON,François,2017,107
62042,HAMON,Benoît,2017,26
62042,LASSALLE,Jean,2017,1
62042,LE PEN,Marine,2017,176
62042,MACRON,Emmanuel,2017,144
62042,MÉLENCHON,Jean-Luc,2017,113
62042,POUTOU,Philippe,2017,6
62043,ARTHAUD,Nathalie,2017,15
62043,ASSELINEAU,François,2017,5
62043,CHEMINADE,Jacques,2017,0
62043,DUPONT-AIGNAN,Nicolas,2017,66
62043,FILLON,François,2017,190
62043,HAMON,Benoît,2017,53
62043,LASSALLE,Jean,2017,10
62043,LE PEN,Marine,2017,378
62043,MACRON,Emmanuel,2017,204
62043,MÉLENCHON,Jean-Luc,2017,208
62043,POUTOU,Philippe,2017,15
62044,ARTHAUD,Nathalie,2017,3
62044,ASSELINEAU,François,2017,0
62044,CHEMINADE,Jacques,2017,1
62044,DUPONT-AIGNAN,Nicolas,2017,10
62044,FILLON,François,2017,74
62044,HAMON,Benoît,2017,33
62044,LASSALLE,Jean,2017,2
62044,LE PEN,Marine,2017,140
62044,MACRON,Emmanuel,2017,119
62044,MÉLENCHON,Jean-Luc,2017,72
62044,POUTOU,Philippe,2017,11
62045,ARTHAUD,Nathalie,2017,14
62045,ASSELINEAU,François,2017,6
62045,CHEMINADE,Jacques,2017,0
62045,DUPONT-AIGNAN,Nicolas,2017,53
62045,FILLON,François,2017,143
62045,HAMON,Benoît,2017,55
62045,LASSALLE,Jean,2017,9
62045,LE PEN,Marine,2017,263
62045,MACRON,Emmanuel,2017,172
62045,MÉLENCHON,Jean-Luc,2017,133
62045,POUTOU,Philippe,2017,6
62046,ARTHAUD,Nathalie,2017,7
62046,ASSELINEAU,François,2017,2
62046,CHEMINADE,Jacques,2017,0
62046,DUPONT-AIGNAN,Nicolas,2017,29
62046,FILLON,François,2017,69
62046,HAMON,Benoît,2017,31
62046,LASSALLE,Jean,2017,2
62046,LE PEN,Marine,2017,128
62046,MACRON,Emmanuel,2017,85
62046,MÉLENCHON,Jean-Luc,2017,65
62046,POUTOU,Philippe,2017,4
62047,ARTHAUD,Nathalie,2017,0
62047,ASSELINEAU,François,2017,2
62047,CHEMINADE,Jacques,2017,0
62047,DUPONT-AIGNAN,Nicolas,2017,2
62047,FILLON,François,2017,35
62047,HAMON,Benoît,2017,0
62047,LASSALLE,Jean,2017,2
62047,LE PEN,Marine,2017,40
62047,MACRON,Emmanuel,2017,12
62047,MÉLENCHON,Jean-Luc,2017,13
62047,POUTOU,Philippe,2017,0
62048,ARTHAUD,Nathalie,2017,83
62048,ASSELINEAU,François,2017,33
62048,CHEMINADE,Jacques,2017,6
62048,DUPONT-AIGNAN,Nicolas,2017,192
62048,FILLON,François,2017,439
62048,HAMON,Benoît,2017,213
62048,LASSALLE,Jean,2017,36
62048,LE PEN,Marine,2017,2273
62048,MACRON,Emmanuel,2017,693
62048,MÉLENCHON,Jean-Luc,2017,1112
62048,POUTOU,Philippe,2017,42
62049,ARTHAUD,Nathalie,2017,7
62049,ASSELINEAU,François,2017,1
62049,CHEMINADE,Jacques,2017,1
62049,DUPONT-AIGNAN,Nicolas,2017,23
62049,FILLON,François,2017,76
62049,HAMON,Benoît,2017,16
62049,LASSALLE,Jean,2017,7
62049,LE PEN,Marine,2017,90
62049,MACRON,Emmanuel,2017,56
62049,MÉLENCHON,Jean-Luc,2017,42
62049,POUTOU,Philippe,2017,1
62050,ARTHAUD,Nathalie,2017,13
62050,ASSELINEAU,François,2017,8
62050,CHEMINADE,Jacques,2017,3
62050,DUPONT-AIGNAN,Nicolas,2017,47
62050,FILLON,François,2017,130
62050,HAMON,Benoît,2017,42
62050,LASSALLE,Jean,2017,10
62050,LE PEN,Marine,2017,313
62050,MACRON,Emmanuel,2017,163
62050,MÉLENCHON,Jean-Luc,2017,147
62050,POUTOU,Philippe,2017,9
62051,ARTHAUD,Nathalie,2017,35
62051,ASSELINEAU,François,2017,17
62051,CHEMINADE,Jacques,2017,3
62051,DUPONT-AIGNAN,Nicolas,2017,130
62051,FILLON,François,2017,229
62051,HAMON,Benoît,2017,110
62051,LASSALLE,Jean,2017,15
62051,LE PEN,Marine,2017,1229
62051,MACRON,Emmanuel,2017,357
62051,MÉLENCHON,Jean-Luc,2017,635
62051,POUTOU,Philippe,2017,28
62052,ARTHAUD,Nathalie,2017,1
62052,ASSELINEAU,François,2017,3
62052,CHEMINADE,Jacques,2017,1
62052,DUPONT-AIGNAN,Nicolas,2017,17
62052,FILLON,François,2017,78
62052,HAMON,Benoît,2017,11
62052,LASSALLE,Jean,2017,3
62052,LE PEN,Marine,2017,63
62052,MACRON,Emmanuel,2017,64
62052,MÉLENCHON,Jean-Luc,2017,47
62052,POUTOU,Philippe,2017,2
62053,ARTHAUD,Nathalie,2017,8
62053,ASSELINEAU,François,2017,5
62053,CHEMINADE,Jacques,2017,0
62053,DUPONT-AIGNAN,Nicolas,2017,32
62053,FILLON,François,2017,72
62053,HAMON,Benoît,2017,18
62053,LASSALLE,Jean,2017,2
62053,LE PEN,Marine,2017,140
62053,MACRON,Emmanuel,2017,88
62053,MÉLENCHON,Jean-Luc,2017,69
62053,POUTOU,Philippe,2017,2
62054,ARTHAUD,Nathalie,2017,4
62054,ASSELINEAU,François,2017,3
62054,CHEMINADE,Jacques,2017,1
62054,DUPONT-AIGNAN,Nicolas,2017,31
62054,FILLON,François,2017,90
62054,HAMON,Benoît,2017,23
62054,LASSALLE,Jean,2017,5
62054,LE PEN,Marine,2017,121
62054,MACRON,Emmanuel,2017,56
62054,MÉLENCHON,Jean-Luc,2017,52
62054,POUTOU,Philippe,2017,3
62055,ARTHAUD,Nathalie,2017,4
62055,ASSELINEAU,François,2017,3
62055,CHEMINADE,Jacques,2017,0
62055,DUPONT-AIGNAN,Nicolas,2017,17
62055,FILLON,François,2017,57
62055,HAMON,Benoît,2017,10
62055,LASSALLE,Jean,2017,0
62055,LE PEN,Marine,2017,117
62055,MACRON,Emmanuel,2017,49
62055,MÉLENCHON,Jean-Luc,2017,58
62055,POUTOU,Philippe,2017,4
62056,ARTHAUD,Nathalie,2017,9
62056,ASSELINEAU,François,2017,3
62056,CHEMINADE,Jacques,2017,0
62056,DUPONT-AIGNAN,Nicolas,2017,28
62056,FILLON,François,2017,122
62056,HAMON,Benoît,2017,25
62056,LASSALLE,Jean,2017,3
62056,LE PEN,Marine,2017,152
62056,MACRON,Emmanuel,2017,82
62056,MÉLENCHON,Jean-Luc,2017,68
62056,POUTOU,Philippe,2017,1
62057,ARTHAUD,Nathalie,2017,33
62057,ASSELINEAU,François,2017,29
62057,CHEMINADE,Jacques,2017,5
62057,DUPONT-AIGNAN,Nicolas,2017,204
62057,FILLON,François,2017,575
62057,HAMON,Benoît,2017,87
62057,LASSALLE,Jean,2017,22
62057,LE PEN,Marine,2017,1168
62057,MACRON,Emmanuel,2017,539
62057,MÉLENCHON,Jean-Luc,2017,430
62057,POUTOU,Philippe,2017,29
62058,ARTHAUD,Nathalie,2017,0
62058,ASSELINEAU,François,2017,0
62058,CHEMINADE,Jacques,2017,0
62058,DUPONT-AIGNAN,Nicolas,2017,7
62058,FILLON,François,2017,39
62058,HAMON,Benoît,2017,6
62058,LASSALLE,Jean,2017,0
62058,LE PEN,Marine,2017,52
62058,MACRON,Emmanuel,2017,18
62058,MÉLENCHON,Jean-Luc,2017,23
62058,POUTOU,Philippe,2017,1
62059,ARTHAUD,Nathalie,2017,2
62059,ASSELINEAU,François,2017,0
62059,CHEMINADE,Jacques,2017,0
62059,DUPONT-AIGNAN,Nicolas,2017,18
62059,FILLON,François,2017,60
62059,HAMON,Benoît,2017,5
62059,LASSALLE,Jean,2017,2
62059,LE PEN,Marine,2017,38
62059,MACRON,Emmanuel,2017,46
62059,MÉLENCHON,Jean-Luc,2017,28
62059,POUTOU,Philippe,2017,0
62060,ARTHAUD,Nathalie,2017,29
62060,ASSELINEAU,François,2017,6
62060,CHEMINADE,Jacques,2017,2
62060,DUPONT-AIGNAN,Nicolas,2017,66
62060,FILLON,François,2017,254
62060,HAMON,Benoît,2017,64
62060,LASSALLE,Jean,2017,6
62060,LE PEN,Marine,2017,526
62060,MACRON,Emmanuel,2017,311
62060,MÉLENCHON,Jean-Luc,2017,281
62060,POUTOU,Philippe,2017,42
62061,ARTHAUD,Nathalie,2017,3
62061,ASSELINEAU,François,2017,0
62061,CHEMINADE,Jacques,2017,0
62061,DUPONT-AIGNAN,Nicolas,2017,16
62061,FILLON,François,2017,36
62061,HAMON,Benoît,2017,5
62061,LASSALLE,Jean,2017,1
62061,LE PEN,Marine,2017,69
62061,MACRON,Emmanuel,2017,32
62061,MÉLENCHON,Jean-Luc,2017,18
62061,POUTOU,Philippe,2017,1
62062,ARTHAUD,Nathalie,2017,0
62062,ASSELINEAU,François,2017,0
62062,CHEMINADE,Jacques,2017,0
62062,DUPONT-AIGNAN,Nicolas,2017,5
62062,FILLON,François,2017,4
62062,HAMON,Benoît,2017,1
62062,LASSALLE,Jean,2017,1
62062,LE PEN,Marine,2017,10
62062,MACRON,Emmanuel,2017,4
62062,MÉLENCHON,Jean-Luc,2017,7
62062,POUTOU,Philippe,2017,0
62063,ARTHAUD,Nathalie,2017,19
62063,ASSELINEAU,François,2017,5
62063,CHEMINADE,Jacques,2017,5
62063,DUPONT-AIGNAN,Nicolas,2017,59
62063,FILLON,François,2017,174
62063,HAMON,Benoît,2017,55
62063,LASSALLE,Jean,2017,9
62063,LE PEN,Marine,2017,392
62063,MACRON,Emmanuel,2017,233
62063,MÉLENCHON,Jean-Luc,2017,177
62063,POUTOU,Philippe,2017,13
62064,ARTHAUD,Nathalie,2017,0
62064,ASSELINEAU,François,2017,0
62064,CHEMINADE,Jacques,2017,0
62064,DUPONT-AIGNAN,Nicolas,2017,4
62064,FILLON,François,2017,26
62064,HAMON,Benoît,2017,4
62064,LASSALLE,Jean,2017,0
62064,LE PEN,Marine,2017,38
62064,MACRON,Emmanuel,2017,22
62064,MÉLENCHON,Jean-Luc,2017,13
62064,POUTOU,Philippe,2017,2
62065,ARTHAUD,Nathalie,2017,104
62065,ASSELINEAU,François,2017,77
62065,CHEMINADE,Jacques,2017,16
62065,DUPONT-AIGNAN,Nicolas,2017,284
62065,FILLON,François,2017,481
62065,HAMON,Benoît,2017,394
62065,LASSALLE,Jean,2017,45
62065,LE PEN,Marine,2017,3310
62065,MACRON,Emmanuel,2017,1060
62065,MÉLENCHON,Jean-Luc,2017,3101
62065,POUTOU,Philippe,2017,95
62066,ARTHAUD,Nathalie,2017,0
62066,ASSELINEAU,François,2017,0
62066,CHEMINADE,Jacques,2017,0
62066,DUPONT-AIGNAN,Nicolas,2017,6
62066,FILLON,François,2017,15
62066,HAMON,Benoît,2017,0
62066,LASSALLE,Jean,2017,0
62066,LE PEN,Marine,2017,3
62066,MACRON,Emmanuel,2017,1
62066,MÉLENCHON,Jean-Luc,2017,1
62066,POUTOU,Philippe,2017,0
62067,ARTHAUD,Nathalie,2017,9
62067,ASSELINEAU,François,2017,4
62067,CHEMINADE,Jacques,2017,2
62067,DUPONT-AIGNAN,Nicolas,2017,25
62067,FILLON,François,2017,74
62067,HAMON,Benoît,2017,6
62067,LASSALLE,Jean,2017,1
62067,LE PEN,Marine,2017,148
62067,MACRON,Emmanuel,2017,71
62067,MÉLENCHON,Jean-Luc,2017,54
62067,POUTOU,Philippe,2017,4
62068,ARTHAUD,Nathalie,2017,4
62068,ASSELINEAU,François,2017,1
62068,CHEMINADE,Jacques,2017,1
62068,DUPONT-AIGNAN,Nicolas,2017,14
62068,FILLON,François,2017,41
62068,HAMON,Benoît,2017,12
62068,LASSALLE,Jean,2017,3
62068,LE PEN,Marine,2017,81
62068,MACRON,Emmanuel,2017,44
62068,MÉLENCHON,Jean-Luc,2017,29
62068,POUTOU,Philippe,2017,1
62069,ARTHAUD,Nathalie,2017,6
62069,ASSELINEAU,François,2017,1
62069,CHEMINADE,Jacques,2017,2
62069,DUPONT-AIGNAN,Nicolas,2017,18
62069,FILLON,François,2017,59
62069,HAMON,Benoît,2017,2
62069,LASSALLE,Jean,2017,2
62069,LE PEN,Marine,2017,57
62069,MACRON,Emmanuel,2017,35
62069,MÉLENCHON,Jean-Luc,2017,12
62069,POUTOU,Philippe,2017,3
62070,ARTHAUD,Nathalie,2017,0
62070,ASSELINEAU,François,2017,0
62070,CHEMINADE,Jacques,2017,0
62070,DUPONT-AIGNAN,Nicolas,2017,8
62070,FILLON,François,2017,35
62070,HAMON,Benoît,2017,6
62070,LASSALLE,Jean,2017,1
62070,LE PEN,Marine,2017,64
62070,MACRON,Emmanuel,2017,16
62070,MÉLENCHON,Jean-Luc,2017,23
62070,POUTOU,Philippe,2017,3
62071,ARTHAUD,Nathalie,2017,5
62071,ASSELINEAU,François,2017,3
62071,CHEMINADE,Jacques,2017,0
62071,DUPONT-AIGNAN,Nicolas,2017,14
62071,FILLON,François,2017,29
62071,HAMON,Benoît,2017,18
62071,LASSALLE,Jean,2017,3
62071,LE PEN,Marine,2017,83
62071,MACRON,Emmanuel,2017,50
62071,MÉLENCHON,Jean-Luc,2017,54
62071,POUTOU,Philippe,2017,2
62072,ARTHAUD,Nathalie,2017,2
62072,ASSELINEAU,François,2017,4
62072,CHEMINADE,Jacques,2017,2
62072,DUPONT-AIGNAN,Nicolas,2017,7
62072,FILLON,François,2017,35
62072,HAMON,Benoît,2017,7
62072,LASSALLE,Jean,2017,2
62072,LE PEN,Marine,2017,48
62072,MACRON,Emmanuel,2017,35
62072,MÉLENCHON,Jean-Luc,2017,19
62072,POUTOU,Philippe,2017,6
62073,ARTHAUD,Nathalie,2017,7
62073,ASSELINEAU,François,2017,7
62073,CHEMINADE,Jacques,2017,0
62073,DUPONT-AIGNAN,Nicolas,2017,60
62073,FILLON,François,2017,173
62073,HAMON,Benoît,2017,45
62073,LASSALLE,Jean,2017,5
62073,LE PEN,Marine,2017,243
62073,MACRON,Emmanuel,2017,215
62073,MÉLENCHON,Jean-Luc,2017,148
62073,POUTOU,Philippe,2017,11
62074,ARTHAUD,Nathalie,2017,4
62074,ASSELINEAU,François,2017,6
62074,CHEMINADE,Jacques,2017,0
62074,DUPONT-AIGNAN,Nicolas,2017,4
62074,FILLON,François,2017,36
62074,HAMON,Benoît,2017,8
62074,LASSALLE,Jean,2017,1
62074,LE PEN,Marine,2017,41
62074,MACRON,Emmanuel,2017,25
62074,MÉLENCHON,Jean-Luc,2017,25
62074,POUTOU,Philippe,2017,0
62075,ARTHAUD,Nathalie,2017,4
62075,ASSELINEAU,François,2017,5
62075,CHEMINADE,Jacques,2017,2
62075,DUPONT-AIGNAN,Nicolas,2017,73
62075,FILLON,François,2017,224
62075,HAMON,Benoît,2017,39
62075,LASSALLE,Jean,2017,6
62075,LE PEN,Marine,2017,204
62075,MACRON,Emmanuel,2017,227
62075,MÉLENCHON,Jean-Luc,2017,125
62075,POUTOU,Philippe,2017,8
62076,ARTHAUD,Nathalie,2017,0
62076,ASSELINEAU,François,2017,1
62076,CHEMINADE,Jacques,2017,0
62076,DUPONT-AIGNAN,Nicolas,2017,4
62076,FILLON,François,2017,24
62076,HAMON,Benoît,2017,5
62076,LASSALLE,Jean,2017,3
62076,LE PEN,Marine,2017,48
62076,MACRON,Emmanuel,2017,27
62076,MÉLENCHON,Jean-Luc,2017,15
62076,POUTOU,Philippe,2017,4
62077,ARTHAUD,Nathalie,2017,4
62077,ASSELINEAU,François,2017,2
62077,CHEMINADE,Jacques,2017,0
62077,DUPONT-AIGNAN,Nicolas,2017,15
62077,FILLON,François,2017,21
62077,HAMON,Benoît,2017,11
62077,LASSALLE,Jean,2017,2
62077,LE PEN,Marine,2017,65
62077,MACRON,Emmanuel,2017,47
62077,MÉLENCHON,Jean-Luc,2017,48
62077,POUTOU,Philippe,2017,4
62078,ARTHAUD,Nathalie,2017,4
62078,ASSELINEAU,François,2017,2
62078,CHEMINADE,Jacques,2017,1
62078,DUPONT-AIGNAN,Nicolas,2017,43
62078,FILLON,François,2017,81
62078,HAMON,Benoît,2017,34
62078,LASSALLE,Jean,2017,5
62078,LE PEN,Marine,2017,243
62078,MACRON,Emmanuel,2017,100
62078,MÉLENCHON,Jean-Luc,2017,136
62078,POUTOU,Philippe,2017,9
62079,ARTHAUD,Nathalie,2017,1
62079,ASSELINEAU,François,2017,0
62079,CHEMINADE,Jacques,2017,0
62079,DUPONT-AIGNAN,Nicolas,2017,0
62079,FILLON,François,2017,25
62079,HAMON,Benoît,2017,4
62079,LASSALLE,Jean,2017,4
62079,LE PEN,Marine,2017,14
62079,MACRON,Emmanuel,2017,7
62079,MÉLENCHON,Jean-Luc,2017,1
62079,POUTOU,Philippe,2017,0
62080,ARTHAUD,Nathalie,2017,16
62080,ASSELINEAU,François,2017,11
62080,CHEMINADE,Jacques,2017,3
62080,DUPONT-AIGNAN,Nicolas,2017,78
62080,FILLON,François,2017,296
62080,HAMON,Benoît,2017,84
62080,LASSALLE,Jean,2017,15
62080,LE PEN,Marine,2017,526
62080,MACRON,Emmanuel,2017,315
62080,MÉLENCHON,Jean-Luc,2017,215
62080,POUTOU,Philippe,2017,14
62081,ARTHAUD,Nathalie,2017,6
62081,ASSELINEAU,François,2017,5
62081,CHEMINADE,Jacques,2017,0
62081,DUPONT-AIGNAN,Nicolas,2017,20
62081,FILLON,François,2017,43
62081,HAMON,Benoît,2017,15
62081,LASSALLE,Jean,2017,0
62081,LE PEN,Marine,2017,104
62081,MACRON,Emmanuel,2017,63
62081,MÉLENCHON,Jean-Luc,2017,59
62081,POUTOU,Philippe,2017,2
62082,ARTHAUD,Nathalie,2017,2
62082,ASSELINEAU,François,2017,5
62082,CHEMINADE,Jacques,2017,3
62082,DUPONT-AIGNAN,Nicolas,2017,20
62082,FILLON,François,2017,37
62082,HAMON,Benoît,2017,7
62082,LASSALLE,Jean,2017,3
62082,LE PEN,Marine,2017,65
62082,MACRON,Emmanuel,2017,13
62082,MÉLENCHON,Jean-Luc,2017,16
62082,POUTOU,Philippe,2017,2
62083,ARTHAUD,Nathalie,2017,61
62083,ASSELINEAU,François,2017,26
62083,CHEMINADE,Jacques,2017,7
62083,DUPONT-AIGNAN,Nicolas,2017,136
62083,FILLON,François,2017,314
62083,HAMON,Benoît,2017,247
62083,LASSALLE,Jean,2017,19
62083,LE PEN,Marine,2017,1878
62083,MACRON,Emmanuel,2017,621
62083,MÉLENCHON,Jean-Luc,2017,756
62083,POUTOU,Philippe,2017,62
62084,ARTHAUD,Nathalie,2017,1
62084,ASSELINEAU,François,2017,1
62084,CHEMINADE,Jacques,2017,0
62084,DUPONT-AIGNAN,Nicolas,2017,9
62084,FILLON,François,2017,47
62084,HAMON,Benoît,2017,6
62084,LASSALLE,Jean,2017,0
62084,LE PEN,Marine,2017,41
62084,MACRON,Emmanuel,2017,27
62084,MÉLENCHON,Jean-Luc,2017,20
62084,POUTOU,Philippe,2017,1
62085,ARTHAUD,Nathalie,2017,0
62085,ASSELINEAU,François,2017,4
62085,CHEMINADE,Jacques,2017,0
62085,DUPONT-AIGNAN,Nicolas,2017,8
62085,FILLON,François,2017,31
62085,HAMON,Benoît,2017,1
62085,LASSALLE,Jean,2017,3
62085,LE PEN,Marine,2017,13
62085,MACRON,Emmanuel,2017,30
62085,MÉLENCHON,Jean-Luc,2017,21
62085,POUTOU,Philippe,2017,1
62086,ARTHAUD,Nathalie,2017,3
62086,ASSELINEAU,François,2017,1
62086,CHEMINADE,Jacques,2017,2
62086,DUPONT-AIGNAN,Nicolas,2017,16
62086,FILLON,François,2017,58
62086,HAMON,Benoît,2017,10
62086,LASSALLE,Jean,2017,0
62086,LE PEN,Marine,2017,68
62086,MACRON,Emmanuel,2017,43
62086,MÉLENCHON,Jean-Luc,2017,26
62086,POUTOU,Philippe,2017,2
62087,ARTHAUD,Nathalie,2017,9
62087,ASSELINEAU,François,2017,5
62087,CHEMINADE,Jacques,2017,0
62087,DUPONT-AIGNAN,Nicolas,2017,39
62087,FILLON,François,2017,88
62087,HAMON,Benoît,2017,29
62087,LASSALLE,Jean,2017,4
62087,LE PEN,Marine,2017,205
62087,MACRON,Emmanuel,2017,113
62087,MÉLENCHON,Jean-Luc,2017,121
62087,POUTOU,Philippe,2017,10
62088,ARTHAUD,Nathalie,2017,7
62088,ASSELINEAU,François,2017,0
62088,CHEMINADE,Jacques,2017,0
62088,DUPONT-AIGNAN,Nicolas,2017,14
62088,FILLON,François,2017,41
62088,HAMON,Benoît,2017,10
62088,LASSALLE,Jean,2017,5
62088,LE PEN,Marine,2017,57
62088,MACRON,Emmanuel,2017,38
62088,MÉLENCHON,Jean-Luc,2017,25
62088,POUTOU,Philippe,2017,3
62089,ARTHAUD,Nathalie,2017,1
62089,ASSELINEAU,François,2017,2
62089,CHEMINADE,Jacques,2017,0
62089,DUPONT-AIGNAN,Nicolas,2017,24
62089,FILLON,François,2017,71
62089,HAMON,Benoît,2017,11
62089,LASSALLE,Jean,2017,2
62089,LE PEN,Marine,2017,64
62089,MACRON,Emmanuel,2017,63
62089,MÉLENCHON,Jean-Luc,2017,32
62089,POUTOU,Philippe,2017,4
62090,ARTHAUD,Nathalie,2017,1
62090,ASSELINEAU,François,2017,0
62090,CHEMINADE,Jacques,2017,0
62090,DUPONT-AIGNAN,Nicolas,2017,4
62090,FILLON,François,2017,25
62090,HAMON,Benoît,2017,5
62090,LASSALLE,Jean,2017,1
62090,LE PEN,Marine,2017,30
62090,MACRON,Emmanuel,2017,10
62090,MÉLENCHON,Jean-Luc,2017,17
62090,POUTOU,Philippe,2017,2
62091,ARTHAUD,Nathalie,2017,2
62091,ASSELINEAU,François,2017,0
62091,CHEMINADE,Jacques,2017,1
62091,DUPONT-AIGNAN,Nicolas,2017,0
62091,FILLON,François,2017,26
62091,HAMON,Benoît,2017,2
62091,LASSALLE,Jean,2017,2
62091,LE PEN,Marine,2017,19
62091,MACRON,Emmanuel,2017,9
62091,MÉLENCHON,Jean-Luc,2017,10
62091,POUTOU,Philippe,2017,1
62092,ARTHAUD,Nathalie,2017,7
62092,ASSELINEAU,François,2017,5
62092,CHEMINADE,Jacques,2017,1
62092,DUPONT-AIGNAN,Nicolas,2017,20
62092,FILLON,François,2017,35
62092,HAMON,Benoît,2017,11
62092,LASSALLE,Jean,2017,3
62092,LE PEN,Marine,2017,85
62092,MACRON,Emmanuel,2017,67
62092,MÉLENCHON,Jean-Luc,2017,26
62092,POUTOU,Philippe,2017,3
62093,ARTHAUD,Nathalie,2017,1
62093,ASSELINEAU,François,2017,0
62093,CHEMINADE,Jacques,2017,0
62093,DUPONT-AIGNAN,Nicolas,2017,6
62093,FILLON,François,2017,24
62093,HAMON,Benoît,2017,9
62093,LASSALLE,Jean,2017,1
62093,LE PEN,Marine,2017,54
62093,MACRON,Emmanuel,2017,16
62093,MÉLENCHON,Jean-Luc,2017,15
62093,POUTOU,Philippe,2017,2
62094,ARTHAUD,Nathalie,2017,4
62094,ASSELINEAU,François,2017,0
62094,CHEMINADE,Jacques,2017,1
62094,DUPONT-AIGNAN,Nicolas,2017,13
62094,FILLON,François,2017,55
62094,HAMON,Benoît,2017,12
62094,LASSALLE,Jean,2017,4
62094,LE PEN,Marine,2017,78
62094,MACRON,Emmanuel,2017,58
62094,MÉLENCHON,Jean-Luc,2017,34
62094,POUTOU,Philippe,2017,3
62095,ARTHAUD,Nathalie,2017,1
62095,ASSELINEAU,François,2017,0
62095,CHEMINADE,Jacques,2017,0
62095,DUPONT-AIGNAN,Nicolas,2017,4
62095,FILLON,François,2017,39
62095,HAMON,Benoît,2017,1
62095,LASSALLE,Jean,2017,2
62095,LE PEN,Marine,2017,59
62095,MACRON,Emmanuel,2017,19
62095,MÉLENCHON,Jean-Luc,2017,16
62095,POUTOU,Philippe,2017,1
62096,ARTHAUD,Nathalie,2017,3
62096,ASSELINEAU,François,2017,2
62096,CHEMINADE,Jacques,2017,1
62096,DUPONT-AIGNAN,Nicolas,2017,11
62096,FILLON,François,2017,77
62096,HAMON,Benoît,2017,14
62096,LASSALLE,Jean,2017,3
62096,LE PEN,Marine,2017,140
62096,MACRON,Emmanuel,2017,47
62096,MÉLENCHON,Jean-Luc,2017,33
62096,POUTOU,Philippe,2017,2
62097,ARTHAUD,Nathalie,2017,3
62097,ASSELINEAU,François,2017,9
62097,CHEMINADE,Jacques,2017,6
62097,DUPONT-AIGNAN,Nicolas,2017,45
62097,FILLON,François,2017,126
62097,HAMON,Benoît,2017,28
62097,LASSALLE,Jean,2017,7
62097,LE PEN,Marine,2017,181
62097,MACRON,Emmanuel,2017,137
62097,MÉLENCHON,Jean-Luc,2017,73
62097,POUTOU,Philippe,2017,14
62099,ARTHAUD,Nathalie,2017,43
62099,ASSELINEAU,François,2017,21
62099,CHEMINADE,Jacques,2017,9
62099,DUPONT-AIGNAN,Nicolas,2017,180
62099,FILLON,François,2017,434
62099,HAMON,Benoît,2017,250
62099,LASSALLE,Jean,2017,30
62099,LE PEN,Marine,2017,881
62099,MACRON,Emmanuel,2017,754
62099,MÉLENCHON,Jean-Luc,2017,704
62099,POUTOU,Philippe,2017,39
62100,ARTHAUD,Nathalie,2017,16
62100,ASSELINEAU,François,2017,4
62100,CHEMINADE,Jacques,2017,1
62100,DUPONT-AIGNAN,Nicolas,2017,61
62100,FILLON,François,2017,201
62100,HAMON,Benoît,2017,49
62100,LASSALLE,Jean,2017,5
62100,LE PEN,Marine,2017,352
62100,MACRON,Emmanuel,2017,266
62100,MÉLENCHON,Jean-Luc,2017,308
62100,POUTOU,Philippe,2017,12
62101,ARTHAUD,Nathalie,2017,0
62101,ASSELINEAU,François,2017,0
62101,CHEMINADE,Jacques,2017,1
62101,DUPONT-AIGNAN,Nicolas,2017,2
62101,FILLON,François,2017,13
62101,HAMON,Benoît,2017,2
62101,LASSALLE,Jean,2017,1
62101,LE PEN,Marine,2017,38
62101,MACRON,Emmanuel,2017,14
62101,MÉLENCHON,Jean-Luc,2017,11
62101,POUTOU,Philippe,2017,0
62102,ARTHAUD,Nathalie,2017,2
62102,ASSELINEAU,François,2017,1
62102,CHEMINADE,Jacques,2017,0
62102,DUPONT-AIGNAN,Nicolas,2017,8
62102,FILLON,François,2017,47
62102,HAMON,Benoît,2017,11
62102,LASSALLE,Jean,2017,0
62102,LE PEN,Marine,2017,59
62102,MACRON,Emmanuel,2017,28
62102,MÉLENCHON,Jean-Luc,2017,13
62102,POUTOU,Philippe,2017,0
62103,ARTHAUD,Nathalie,2017,1
62103,ASSELINEAU,François,2017,0
62103,CHEMINADE,Jacques,2017,0
62103,DUPONT-AIGNAN,Nicolas,2017,3
62103,FILLON,François,2017,28
62103,HAMON,Benoît,2017,1
62103,LASSALLE,Jean,2017,0
62103,LE PEN,Marine,2017,29
62103,MACRON,Emmanuel,2017,14
62103,MÉLENCHON,Jean-Luc,2017,17
62103,POUTOU,Philippe,2017,1
62104,ARTHAUD,Nathalie,2017,0
62104,ASSELINEAU,François,2017,0
62104,CHEMINADE,Jacques,2017,2
62104,DUPONT-AIGNAN,Nicolas,2017,21
62104,FILLON,François,2017,62
62104,HAMON,Benoît,2017,14
62104,LASSALLE,Jean,2017,1
62104,LE PEN,Marine,2017,49
62104,MACRON,Emmanuel,2017,53
62104,MÉLENCHON,Jean-Luc,2017,45
62104,POUTOU,Philippe,2017,4
62105,ARTHAUD,Nathalie,2017,2
62105,ASSELINEAU,François,2017,2
62105,CHEMINADE,Jacques,2017,1
62105,DUPONT-AIGNAN,Nicolas,2017,24
62105,FILLON,François,2017,90
62105,HAMON,Benoît,2017,15
62105,LASSALLE,Jean,2017,3
62105,LE PEN,Marine,2017,83
62105,MACRON,Emmanuel,2017,77
62105,MÉLENCHON,Jean-Luc,2017,54
62105,POUTOU,Philippe,2017,7
62106,ARTHAUD,Nathalie,2017,3
62106,ASSELINEAU,François,2017,0
62106,CHEMINADE,Jacques,2017,0
62106,DUPONT-AIGNAN,Nicolas,2017,3
62106,FILLON,François,2017,37
62106,HAMON,Benoît,2017,5
62106,LASSALLE,Jean,2017,2
62106,LE PEN,Marine,2017,56
62106,MACRON,Emmanuel,2017,28
62106,MÉLENCHON,Jean-Luc,2017,25
62106,POUTOU,Philippe,2017,2
62107,ARTHAUD,Nathalie,2017,3
62107,ASSELINEAU,François,2017,1
62107,CHEMINADE,Jacques,2017,1
62107,DUPONT-AIGNAN,Nicolas,2017,17
62107,FILLON,François,2017,65
62107,HAMON,Benoît,2017,18
62107,LASSALLE,Jean,2017,1
62107,LE PEN,Marine,2017,85
62107,MACRON,Emmanuel,2017,48
62107,MÉLENCHON,Jean-Luc,2017,29
62107,POUTOU,Philippe,2017,3
62108,ARTHAUD,Nathalie,2017,77
62108,ASSELINEAU,François,2017,36
62108,CHEMINADE,Jacques,2017,15
62108,DUPONT-AIGNAN,Nicolas,2017,464
62108,FILLON,François,2017,1310
62108,HAMON,Benoît,2017,396
62108,LASSALLE,Jean,2017,41
62108,LE PEN,Marine,2017,2268
62108,MACRON,Emmanuel,2017,1873
62108,MÉLENCHON,Jean-Luc,2017,1427
62108,POUTOU,Philippe,2017,85
62109,ARTHAUD,Nathalie,2017,4
62109,ASSELINEAU,François,2017,0
62109,CHEMINADE,Jacques,2017,0
62109,DUPONT-AIGNAN,Nicolas,2017,9
62109,FILLON,François,2017,25
62109,HAMON,Benoît,2017,6
62109,LASSALLE,Jean,2017,1
62109,LE PEN,Marine,2017,51
62109,MACRON,Emmanuel,2017,14
62109,MÉLENCHON,Jean-Luc,2017,11
62109,POUTOU,Philippe,2017,2
62111,ARTHAUD,Nathalie,2017,2
62111,ASSELINEAU,François,2017,1
62111,CHEMINADE,Jacques,2017,1
62111,DUPONT-AIGNAN,Nicolas,2017,4
62111,FILLON,François,2017,29
62111,HAMON,Benoît,2017,5
62111,LASSALLE,Jean,2017,4
62111,LE PEN,Marine,2017,64
62111,MACRON,Emmanuel,2017,32
62111,MÉLENCHON,Jean-Luc,2017,26
62111,POUTOU,Philippe,2017,0
62112,ARTHAUD,Nathalie,2017,2
62112,ASSELINEAU,François,2017,4
62112,CHEMINADE,Jacques,2017,0
62112,DUPONT-AIGNAN,Nicolas,2017,19
62112,FILLON,François,2017,75
62112,HAMON,Benoît,2017,12
62112,LASSALLE,Jean,2017,3
62112,LE PEN,Marine,2017,129
62112,MACRON,Emmanuel,2017,60
62112,MÉLENCHON,Jean-Luc,2017,35
62112,POUTOU,Philippe,2017,5
62113,ARTHAUD,Nathalie,2017,0
62113,ASSELINEAU,François,2017,2
62113,CHEMINADE,Jacques,2017,1
62113,DUPONT-AIGNAN,Nicolas,2017,18
62113,FILLON,François,2017,58
62113,HAMON,Benoît,2017,17
62113,LASSALLE,Jean,2017,2
62113,LE PEN,Marine,2017,88
62113,MACRON,Emmanuel,2017,48
62113,MÉLENCHON,Jean-Luc,2017,85
62113,POUTOU,Philippe,2017,6
62114,ARTHAUD,Nathalie,2017,1
62114,ASSELINEAU,François,2017,1
62114,CHEMINADE,Jacques,2017,0
62114,DUPONT-AIGNAN,Nicolas,2017,1
62114,FILLON,François,2017,49
62114,HAMON,Benoît,2017,6
62114,LASSALLE,Jean,2017,1
62114,LE PEN,Marine,2017,28
62114,MACRON,Emmanuel,2017,11
62114,MÉLENCHON,Jean-Luc,2017,5
62114,POUTOU,Philippe,2017,0
62115,ARTHAUD,Nathalie,2017,2
62115,ASSELINEAU,François,2017,3
62115,CHEMINADE,Jacques,2017,1
62115,DUPONT-AIGNAN,Nicolas,2017,26
62115,FILLON,François,2017,53
62115,HAMON,Benoît,2017,13
62115,LASSALLE,Jean,2017,2
62115,LE PEN,Marine,2017,73
62115,MACRON,Emmanuel,2017,99
62115,MÉLENCHON,Jean-Luc,2017,43
62115,POUTOU,Philippe,2017,6
62116,ARTHAUD,Nathalie,2017,1
62116,ASSELINEAU,François,2017,0
62116,CHEMINADE,Jacques,2017,0
62116,DUPONT-AIGNAN,Nicolas,2017,6
62116,FILLON,François,2017,42
62116,HAMON,Benoît,2017,5
62116,LASSALLE,Jean,2017,2
62116,LE PEN,Marine,2017,24
62116,MACRON,Emmanuel,2017,30
62116,MÉLENCHON,Jean-Luc,2017,17
62116,POUTOU,Philippe,2017,0
62117,ARTHAUD,Nathalie,2017,4
62117,ASSELINEAU,François,2017,1
62117,CHEMINADE,Jacques,2017,1
62117,DUPONT-AIGNAN,Nicolas,2017,33
62117,FILLON,François,2017,105
62117,HAMON,Benoît,2017,13
62117,LASSALLE,Jean,2017,2
62117,LE PEN,Marine,2017,258
62117,MACRON,Emmanuel,2017,67
62117,MÉLENCHON,Jean-Luc,2017,56
62117,POUTOU,Philippe,2017,5
62118,ARTHAUD,Nathalie,2017,0
62118,ASSELINEAU,François,2017,3
62118,CHEMINADE,Jacques,2017,0
62118,DUPONT-AIGNAN,Nicolas,2017,4
62118,FILLON,François,2017,23
62118,HAMON,Benoît,2017,6
62118,LASSALLE,Jean,2017,0
62118,LE PEN,Marine,2017,45
62118,MACRON,Emmanuel,2017,16
62118,MÉLENCHON,Jean-Luc,2017,9
62118,POUTOU,Philippe,2017,2
62119,ARTHAUD,Nathalie,2017,109
62119,ASSELINEAU,François,2017,83
62119,CHEMINADE,Jacques,2017,17
62119,DUPONT-AIGNAN,Nicolas,2017,486
62119,FILLON,François,2017,2033
62119,HAMON,Benoît,2017,824
62119,LASSALLE,Jean,2017,90
62119,LE PEN,Marine,2017,3378
62119,MACRON,Emmanuel,2017,2444
62119,MÉLENCHON,Jean-Luc,2017,2444
62119,POUTOU,Philippe,2017,152
62120,ARTHAUD,Nathalie,2017,1
62120,ASSELINEAU,François,2017,2
62120,CHEMINADE,Jacques,2017,0
62120,DUPONT-AIGNAN,Nicolas,2017,9
62120,FILLON,François,2017,50
62120,HAMON,Benoît,2017,20
62120,LASSALLE,Jean,2017,2
62120,LE PEN,Marine,2017,109
62120,MACRON,Emmanuel,2017,66
62120,MÉLENCHON,Jean-Luc,2017,61
62120,POUTOU,Philippe,2017,2
62121,ARTHAUD,Nathalie,2017,0
62121,ASSELINEAU,François,2017,0
62121,CHEMINADE,Jacques,2017,0
62121,DUPONT-AIGNAN,Nicolas,2017,4
62121,FILLON,François,2017,8
62121,HAMON,Benoît,2017,5
62121,LASSALLE,Jean,2017,2
62121,LE PEN,Marine,2017,49
62121,MACRON,Emmanuel,2017,10
62121,MÉLENCHON,Jean-Luc,2017,16
62121,POUTOU,Philippe,2017,0
62122,ARTHAUD,Nathalie,2017,2
62122,ASSELINEAU,François,2017,2
62122,CHEMINADE,Jacques,2017,1
62122,DUPONT-AIGNAN,Nicolas,2017,13
62122,FILLON,François,2017,48
62122,HAMON,Benoît,2017,4
62122,LASSALLE,Jean,2017,5
62122,LE PEN,Marine,2017,92
62122,MACRON,Emmanuel,2017,35
62122,MÉLENCHON,Jean-Luc,2017,23
62122,POUTOU,Philippe,2017,0
62123,ARTHAUD,Nathalie,2017,2
62123,ASSELINEAU,François,2017,0
62123,CHEMINADE,Jacques,2017,2
62123,DUPONT-AIGNAN,Nicolas,2017,23
62123,FILLON,François,2017,62
62123,HAMON,Benoît,2017,20
62123,LASSALLE,Jean,2017,5
62123,LE PEN,Marine,2017,83
62123,MACRON,Emmanuel,2017,92
62123,MÉLENCHON,Jean-Luc,2017,40
62123,POUTOU,Philippe,2017,3
62124,ARTHAUD,Nathalie,2017,5
62124,ASSELINEAU,François,2017,1
62124,CHEMINADE,Jacques,2017,0
62124,DUPONT-AIGNAN,Nicolas,2017,7
62124,FILLON,François,2017,32
62124,HAMON,Benoît,2017,13
62124,LASSALLE,Jean,2017,2
62124,LE PEN,Marine,2017,86
62124,MACRON,Emmanuel,2017,81
62124,MÉLENCHON,Jean-Luc,2017,43
62124,POUTOU,Philippe,2017,1
62125,ARTHAUD,Nathalie,2017,2
62125,ASSELINEAU,François,2017,4
62125,CHEMINADE,Jacques,2017,0
62125,DUPONT-AIGNAN,Nicolas,2017,16
62125,FILLON,François,2017,64
62125,HAMON,Benoît,2017,18
62125,LASSALLE,Jean,2017,4
62125,LE PEN,Marine,2017,97
62125,MACRON,Emmanuel,2017,57
62125,MÉLENCHON,Jean-Luc,2017,54
62125,POUTOU,Philippe,2017,1
62126,ARTHAUD,Nathalie,2017,45
62126,ASSELINEAU,François,2017,30
62126,CHEMINADE,Jacques,2017,9
62126,DUPONT-AIGNAN,Nicolas,2017,243
62126,FILLON,François,2017,531
62126,HAMON,Benoît,2017,314
62126,LASSALLE,Jean,2017,31
62126,LE PEN,Marine,2017,1976
62126,MACRON,Emmanuel,2017,828
62126,MÉLENCHON,Jean-Luc,2017,1026
62126,POUTOU,Philippe,2017,78
62127,ARTHAUD,Nathalie,2017,1
62127,ASSELINEAU,François,2017,1
62127,CHEMINADE,Jacques,2017,1
62127,DUPONT-AIGNAN,Nicolas,2017,12
62127,FILLON,François,2017,77
62127,HAMON,Benoît,2017,6
62127,LASSALLE,Jean,2017,2
62127,LE PEN,Marine,2017,43
62127,MACRON,Emmanuel,2017,35
62127,MÉLENCHON,Jean-Luc,2017,24
62127,POUTOU,Philippe,2017,2
62128,ARTHAUD,Nathalie,2017,25
62128,ASSELINEAU,François,2017,15
62128,CHEMINADE,Jacques,2017,6
62128,DUPONT-AIGNAN,Nicolas,2017,128
62128,FILLON,François,2017,241
62128,HAMON,Benoît,2017,119
62128,LASSALLE,Jean,2017,24
62128,LE PEN,Marine,2017,982
62128,MACRON,Emmanuel,2017,440
62128,MÉLENCHON,Jean-Luc,2017,527
62128,POUTOU,Philippe,2017,35
62129,ARTHAUD,Nathalie,2017,0
62129,ASSELINEAU,François,2017,2
62129,CHEMINADE,Jacques,2017,0
62129,DUPONT-AIGNAN,Nicolas,2017,4
62129,FILLON,François,2017,11
62129,HAMON,Benoît,2017,6
62129,LASSALLE,Jean,2017,0
62129,LE PEN,Marine,2017,21
62129,MACRON,Emmanuel,2017,10
62129,MÉLENCHON,Jean-Luc,2017,7
62129,POUTOU,Philippe,2017,0
62130,ARTHAUD,Nathalie,2017,6
62130,ASSELINEAU,François,2017,3
62130,CHEMINADE,Jacques,2017,0
62130,DUPONT-AIGNAN,Nicolas,2017,24
62130,FILLON,François,2017,70
62130,HAMON,Benoît,2017,18
62130,LASSALLE,Jean,2017,5
62130,LE PEN,Marine,2017,151
62130,MACRON,Emmanuel,2017,71
62130,MÉLENCHON,Jean-Luc,2017,71
62130,POUTOU,Philippe,2017,2
62131,ARTHAUD,Nathalie,2017,3
62131,ASSELINEAU,François,2017,0
62131,CHEMINADE,Jacques,2017,0
62131,DUPONT-AIGNAN,Nicolas,2017,11
62131,FILLON,François,2017,22
62131,HAMON,Benoît,2017,17
62131,LASSALLE,Jean,2017,3
62131,LE PEN,Marine,2017,75
62131,MACRON,Emmanuel,2017,41
62131,MÉLENCHON,Jean-Luc,2017,37
62131,POUTOU,Philippe,2017,2
62132,ARTHAUD,Nathalie,2017,21
62132,ASSELINEAU,François,2017,17
62132,CHEMINADE,Jacques,2017,1
62132,DUPONT-AIGNAN,Nicolas,2017,158
62132,FILLON,François,2017,256
62132,HAMON,Benoît,2017,148
62132,LASSALLE,Jean,2017,19
62132,LE PEN,Marine,2017,1215
62132,MACRON,Emmanuel,2017,524
62132,MÉLENCHON,Jean-Luc,2017,528
62132,POUTOU,Philippe,2017,37
62133,ARTHAUD,Nathalie,2017,51
62133,ASSELINEAU,François,2017,25
62133,CHEMINADE,Jacques,2017,5
62133,DUPONT-AIGNAN,Nicolas,2017,141
62133,FILLON,François,2017,259
62133,HAMON,Benoît,2017,162
62133,LASSALLE,Jean,2017,16
62133,LE PEN,Marine,2017,1859
62133,MACRON,Emmanuel,2017,460
62133,MÉLENCHON,Jean-Luc,2017,1021
62133,POUTOU,Philippe,2017,46
62134,ARTHAUD,Nathalie,2017,0
62134,ASSELINEAU,François,2017,0
62134,CHEMINADE,Jacques,2017,0
62134,DUPONT-AIGNAN,Nicolas,2017,6
62134,FILLON,François,2017,25
62134,HAMON,Benoît,2017,2
62134,LASSALLE,Jean,2017,1
62134,LE PEN,Marine,2017,36
62134,MACRON,Emmanuel,2017,17
62134,MÉLENCHON,Jean-Luc,2017,7
62134,POUTOU,Philippe,2017,1
62135,ARTHAUD,Nathalie,2017,0
62135,ASSELINEAU,François,2017,2
62135,CHEMINADE,Jacques,2017,0
62135,DUPONT-AIGNAN,Nicolas,2017,15
62135,FILLON,François,2017,42
62135,HAMON,Benoît,2017,17
62135,LASSALLE,Jean,2017,0
62135,LE PEN,Marine,2017,58
62135,MACRON,Emmanuel,2017,36
62135,MÉLENCHON,Jean-Luc,2017,43
62135,POUTOU,Philippe,2017,1
62137,ARTHAUD,Nathalie,2017,0
62137,ASSELINEAU,François,2017,2
62137,CHEMINADE,Jacques,2017,0
62137,DUPONT-AIGNAN,Nicolas,2017,1
62137,FILLON,François,2017,16
62137,HAMON,Benoît,2017,5
62137,LASSALLE,Jean,2017,0
62137,LE PEN,Marine,2017,24
62137,MACRON,Emmanuel,2017,10
62137,MÉLENCHON,Jean-Luc,2017,12
62137,POUTOU,Philippe,2017,2
62138,ARTHAUD,Nathalie,2017,6
62138,ASSELINEAU,François,2017,2
62138,CHEMINADE,Jacques,2017,2
62138,DUPONT-AIGNAN,Nicolas,2017,31
62138,FILLON,François,2017,122
62138,HAMON,Benoît,2017,13
62138,LASSALLE,Jean,2017,0
62138,LE PEN,Marine,2017,131
62138,MACRON,Emmanuel,2017,66
62138,MÉLENCHON,Jean-Luc,2017,71
62138,POUTOU,Philippe,2017,8
62139,ARTHAUD,Nathalie,2017,61
62139,ASSELINEAU,François,2017,27
62139,CHEMINADE,Jacques,2017,7
62139,DUPONT-AIGNAN,Nicolas,2017,152
62139,FILLON,François,2017,351
62139,HAMON,Benoît,2017,161
62139,LASSALLE,Jean,2017,20
62139,LE PEN,Marine,2017,1069
62139,MACRON,Emmanuel,2017,527
62139,MÉLENCHON,Jean-Luc,2017,594
62139,POUTOU,Philippe,2017,34
62140,ARTHAUD,Nathalie,2017,2
62140,ASSELINEAU,François,2017,0
62140,CHEMINADE,Jacques,2017,0
62140,DUPONT-AIGNAN,Nicolas,2017,14
62140,FILLON,François,2017,48
62140,HAMON,Benoît,2017,13
62140,LASSALLE,Jean,2017,1
62140,LE PEN,Marine,2017,118
62140,MACRON,Emmanuel,2017,61
62140,MÉLENCHON,Jean-Luc,2017,55
62140,POUTOU,Philippe,2017,1
62141,ARTHAUD,Nathalie,2017,6
62141,ASSELINEAU,François,2017,3
62141,CHEMINADE,Jacques,2017,0
62141,DUPONT-AIGNAN,Nicolas,2017,42
62141,FILLON,François,2017,81
62141,HAMON,Benoît,2017,18
62141,LASSALLE,Jean,2017,5
62141,LE PEN,Marine,2017,179
62141,MACRON,Emmanuel,2017,105
62141,MÉLENCHON,Jean-Luc,2017,74
62141,POUTOU,Philippe,2017,4
62142,ARTHAUD,Nathalie,2017,0
62142,ASSELINEAU,François,2017,0
62142,CHEMINADE,Jacques,2017,0
62142,DUPONT-AIGNAN,Nicolas,2017,6
62142,FILLON,François,2017,25
62142,HAMON,Benoît,2017,3
62142,LASSALLE,Jean,2017,1
62142,LE PEN,Marine,2017,30
62142,MACRON,Emmanuel,2017,12
62142,MÉLENCHON,Jean-Luc,2017,8
62142,POUTOU,Philippe,2017,0
62143,ARTHAUD,Nathalie,2017,0
62143,ASSELINEAU,François,2017,0
62143,CHEMINADE,Jacques,2017,0
62143,DUPONT-AIGNAN,Nicolas,2017,1
62143,FILLON,François,2017,9
62143,HAMON,Benoît,2017,1
62143,LASSALLE,Jean,2017,2
62143,LE PEN,Marine,2017,4
62143,MACRON,Emmanuel,2017,4
62143,MÉLENCHON,Jean-Luc,2017,0
62143,POUTOU,Philippe,2017,0
62144,ARTHAUD,Nathalie,2017,2
62144,ASSELINEAU,François,2017,4
62144,CHEMINADE,Jacques,2017,1
62144,DUPONT-AIGNAN,Nicolas,2017,33
62144,FILLON,François,2017,81
62144,HAMON,Benoît,2017,10
62144,LASSALLE,Jean,2017,4
62144,LE PEN,Marine,2017,99
62144,MACRON,Emmanuel,2017,47
62144,MÉLENCHON,Jean-Luc,2017,46
62144,POUTOU,Philippe,2017,1
62145,ARTHAUD,Nathalie,2017,10
62145,ASSELINEAU,François,2017,5
62145,CHEMINADE,Jacques,2017,2
62145,DUPONT-AIGNAN,Nicolas,2017,12
62145,FILLON,François,2017,44
62145,HAMON,Benoît,2017,19
62145,LASSALLE,Jean,2017,5
62145,LE PEN,Marine,2017,100
62145,MACRON,Emmanuel,2017,49
62145,MÉLENCHON,Jean-Luc,2017,70
62145,POUTOU,Philippe,2017,1
62146,ARTHAUD,Nathalie,2017,0
62146,ASSELINEAU,François,2017,0
62146,CHEMINADE,Jacques,2017,0
62146,DUPONT-AIGNAN,Nicolas,2017,6
62146,FILLON,François,2017,30
62146,HAMON,Benoît,2017,15
62146,LASSALLE,Jean,2017,5
62146,LE PEN,Marine,2017,65
62146,MACRON,Emmanuel,2017,25
62146,MÉLENCHON,Jean-Luc,2017,24
62146,POUTOU,Philippe,2017,3
62147,ARTHAUD,Nathalie,2017,1
62147,ASSELINEAU,François,2017,2
62147,CHEMINADE,Jacques,2017,1
62147,DUPONT-AIGNAN,Nicolas,2017,13
62147,FILLON,François,2017,34
62147,HAMON,Benoît,2017,12
62147,LASSALLE,Jean,2017,1
62147,LE PEN,Marine,2017,91
62147,MACRON,Emmanuel,2017,50
62147,MÉLENCHON,Jean-Luc,2017,38
62147,POUTOU,Philippe,2017,5
62148,ARTHAUD,Nathalie,2017,5
62148,ASSELINEAU,François,2017,4
62148,CHEMINADE,Jacques,2017,2
62148,DUPONT-AIGNAN,Nicolas,2017,31
62148,FILLON,François,2017,104
62148,HAMON,Benoît,2017,15
62148,LASSALLE,Jean,2017,5
62148,LE PEN,Marine,2017,178
62148,MACRON,Emmanuel,2017,102
62148,MÉLENCHON,Jean-Luc,2017,84
62148,POUTOU,Philippe,2017,12
62149,ARTHAUD,Nathalie,2017,5
62149,ASSELINEAU,François,2017,0
62149,CHEMINADE,Jacques,2017,0
62149,DUPONT-AIGNAN,Nicolas,2017,7
62149,FILLON,François,2017,37
62149,HAMON,Benoît,2017,3
62149,LASSALLE,Jean,2017,3
62149,LE PEN,Marine,2017,56
62149,MACRON,Emmanuel,2017,25
62149,MÉLENCHON,Jean-Luc,2017,8
62149,POUTOU,Philippe,2017,0
62150,ARTHAUD,Nathalie,2017,0
62150,ASSELINEAU,François,2017,0
62150,CHEMINADE,Jacques,2017,3
62150,DUPONT-AIGNAN,Nicolas,2017,26
62150,FILLON,François,2017,75
62150,HAMON,Benoît,2017,13
62150,LASSALLE,Jean,2017,3
62150,LE PEN,Marine,2017,113
62150,MACRON,Emmanuel,2017,82
62150,MÉLENCHON,Jean-Luc,2017,40
62150,POUTOU,Philippe,2017,3
62151,ARTHAUD,Nathalie,2017,4
62151,ASSELINEAU,François,2017,3
62151,CHEMINADE,Jacques,2017,0
62151,DUPONT-AIGNAN,Nicolas,2017,13
62151,FILLON,François,2017,50
62151,HAMON,Benoît,2017,9
62151,LASSALLE,Jean,2017,1
62151,LE PEN,Marine,2017,136
62151,MACRON,Emmanuel,2017,74
62151,MÉLENCHON,Jean-Luc,2017,54
62151,POUTOU,Philippe,2017,2
62152,ARTHAUD,Nathalie,2017,2
62152,ASSELINEAU,François,2017,4
62152,CHEMINADE,Jacques,2017,1
62152,DUPONT-AIGNAN,Nicolas,2017,7
62152,FILLON,François,2017,29
62152,HAMON,Benoît,2017,9
62152,LASSALLE,Jean,2017,2
62152,LE PEN,Marine,2017,69
62152,MACRON,Emmanuel,2017,27
62152,MÉLENCHON,Jean-Luc,2017,34
62152,POUTOU,Philippe,2017,1
62153,ARTHAUD,Nathalie,2017,7
62153,ASSELINEAU,François,2017,1
62153,CHEMINADE,Jacques,2017,0
62153,DUPONT-AIGNAN,Nicolas,2017,19
62153,FILLON,François,2017,96
62153,HAMON,Benoît,2017,28
62153,LASSALLE,Jean,2017,7
62153,LE PEN,Marine,2017,114
62153,MACRON,Emmanuel,2017,81
62153,MÉLENCHON,Jean-Luc,2017,51
62153,POUTOU,Philippe,2017,2
62154,ARTHAUD,Nathalie,2017,5
62154,ASSELINEAU,François,2017,2
62154,CHEMINADE,Jacques,2017,0
62154,DUPONT-AIGNAN,Nicolas,2017,15
62154,FILLON,François,2017,110
62154,HAMON,Benoît,2017,9
62154,LASSALLE,Jean,2017,2
62154,LE PEN,Marine,2017,158
62154,MACRON,Emmanuel,2017,81
62154,MÉLENCHON,Jean-Luc,2017,43
62154,POUTOU,Philippe,2017,13
62155,ARTHAUD,Nathalie,2017,2
62155,ASSELINEAU,François,2017,2
62155,CHEMINADE,Jacques,2017,1
62155,DUPONT-AIGNAN,Nicolas,2017,29
62155,FILLON,François,2017,71
62155,HAMON,Benoît,2017,14
62155,LASSALLE,Jean,2017,3
62155,LE PEN,Marine,2017,149
62155,MACRON,Emmanuel,2017,84
62155,MÉLENCHON,Jean-Luc,2017,60
62155,POUTOU,Philippe,2017,4
62156,ARTHAUD,Nathalie,2017,2
62156,ASSELINEAU,François,2017,1
62156,CHEMINADE,Jacques,2017,0
62156,DUPONT-AIGNAN,Nicolas,2017,31
62156,FILLON,François,2017,93
62156,HAMON,Benoît,2017,14
62156,LASSALLE,Jean,2017,3
62156,LE PEN,Marine,2017,94
62156,MACRON,Emmanuel,2017,96
62156,MÉLENCHON,Jean-Luc,2017,70
62156,POUTOU,Philippe,2017,2
62157,ARTHAUD,Nathalie,2017,0
62157,ASSELINEAU,François,2017,1
62157,CHEMINADE,Jacques,2017,1
62157,DUPONT-AIGNAN,Nicolas,2017,2
62157,FILLON,François,2017,11
62157,HAMON,Benoît,2017,2
62157,LASSALLE,Jean,2017,0
62157,LE PEN,Marine,2017,20
62157,MACRON,Emmanuel,2017,19
62157,MÉLENCHON,Jean-Luc,2017,11
62157,POUTOU,Philippe,2017,0
62158,ARTHAUD,Nathalie,2017,10
62158,ASSELINEAU,François,2017,4
62158,CHEMINADE,Jacques,2017,0
62158,DUPONT-AIGNAN,Nicolas,2017,18
62158,FILLON,François,2017,65
62158,HAMON,Benoît,2017,20
62158,LASSALLE,Jean,2017,5
62158,LE PEN,Marine,2017,138
62158,MACRON,Emmanuel,2017,51
62158,MÉLENCHON,Jean-Luc,2017,55
62158,POUTOU,Philippe,2017,9
62160,ARTHAUD,Nathalie,2017,200
62160,ASSELINEAU,François,2017,105
62160,CHEMINADE,Jacques,2017,38
62160,DUPONT-AIGNAN,Nicolas,2017,713
62160,FILLON,François,2017,2297
62160,HAMON,Benoît,2017,1047
62160,LASSALLE,Jean,2017,128
62160,LE PEN,Marine,2017,5109
62160,MACRON,Emmanuel,2017,4080
62160,MÉLENCHON,Jean-Luc,2017,4370
62160,POUTOU,Philippe,2017,254
62161,ARTHAUD,Nathalie,2017,3
62161,ASSELINEAU,François,2017,0
62161,CHEMINADE,Jacques,2017,0
62161,DUPONT-AIGNAN,Nicolas,2017,17
62161,FILLON,François,2017,43
62161,HAMON,Benoît,2017,7
62161,LASSALLE,Jean,2017,4
62161,LE PEN,Marine,2017,187
62161,MACRON,Emmanuel,2017,59
62161,MÉLENCHON,Jean-Luc,2017,71
62161,POUTOU,Philippe,2017,4
62162,ARTHAUD,Nathalie,2017,5
62162,ASSELINEAU,François,2017,4
62162,CHEMINADE,Jacques,2017,1
62162,DUPONT-AIGNAN,Nicolas,2017,10
62162,FILLON,François,2017,46
62162,HAMON,Benoît,2017,16
62162,LASSALLE,Jean,2017,3
62162,LE PEN,Marine,2017,141
62162,MACRON,Emmanuel,2017,57
62162,MÉLENCHON,Jean-Luc,2017,66
62162,POUTOU,Philippe,2017,2
62163,ARTHAUD,Nathalie,2017,0
62163,ASSELINEAU,François,2017,7
62163,CHEMINADE,Jacques,2017,0
62163,DUPONT-AIGNAN,Nicolas,2017,11
62163,FILLON,François,2017,63
62163,HAMON,Benoît,2017,5
62163,LASSALLE,Jean,2017,2
62163,LE PEN,Marine,2017,61
62163,MACRON,Emmanuel,2017,20
62163,MÉLENCHON,Jean-Luc,2017,22
62163,POUTOU,Philippe,2017,0
62164,ARTHAUD,Nathalie,2017,6
62164,ASSELINEAU,François,2017,14
62164,CHEMINADE,Jacques,2017,1
62164,DUPONT-AIGNAN,Nicolas,2017,51
62164,FILLON,François,2017,177
62164,HAMON,Benoît,2017,24
62164,LASSALLE,Jean,2017,7
62164,LE PEN,Marine,2017,247
62164,MACRON,Emmanuel,2017,109
62164,MÉLENCHON,Jean-Luc,2017,83
62164,POUTOU,Philippe,2017,3
62165,ARTHAUD,Nathalie,2017,2
62165,ASSELINEAU,François,2017,1
62165,CHEMINADE,Jacques,2017,2
62165,DUPONT-AIGNAN,Nicolas,2017,11
62165,FILLON,François,2017,26
62165,HAMON,Benoît,2017,7
62165,LASSALLE,Jean,2017,1
62165,LE PEN,Marine,2017,48
62165,MACRON,Emmanuel,2017,44
62165,MÉLENCHON,Jean-Luc,2017,14
62165,POUTOU,Philippe,2017,2
62166,ARTHAUD,Nathalie,2017,7
62166,ASSELINEAU,François,2017,3
62166,CHEMINADE,Jacques,2017,0
62166,DUPONT-AIGNAN,Nicolas,2017,34
62166,FILLON,François,2017,64
62166,HAMON,Benoît,2017,19
62166,LASSALLE,Jean,2017,3
62166,LE PEN,Marine,2017,138
62166,MACRON,Emmanuel,2017,79
62166,MÉLENCHON,Jean-Luc,2017,59
62166,POUTOU,Philippe,2017,2
62167,ARTHAUD,Nathalie,2017,3
62167,ASSELINEAU,François,2017,2
62167,CHEMINADE,Jacques,2017,1
62167,DUPONT-AIGNAN,Nicolas,2017,19
62167,FILLON,François,2017,32
62167,HAMON,Benoît,2017,2
62167,LASSALLE,Jean,2017,2
62167,LE PEN,Marine,2017,34
62167,MACRON,Emmanuel,2017,41
62167,MÉLENCHON,Jean-Luc,2017,25
62167,POUTOU,Philippe,2017,2
62168,ARTHAUD,Nathalie,2017,8
62168,ASSELINEAU,François,2017,3
62168,CHEMINADE,Jacques,2017,0
62168,DUPONT-AIGNAN,Nicolas,2017,52
62168,FILLON,François,2017,117
62168,HAMON,Benoît,2017,18
62168,LASSALLE,Jean,2017,3
62168,LE PEN,Marine,2017,119
62168,MACRON,Emmanuel,2017,109
62168,MÉLENCHON,Jean-Luc,2017,51
62168,POUTOU,Philippe,2017,2
62169,ARTHAUD,Nathalie,2017,3
62169,ASSELINEAU,François,2017,0
62169,CHEMINADE,Jacques,2017,1
62169,DUPONT-AIGNAN,Nicolas,2017,5
62169,FILLON,François,2017,28
62169,HAMON,Benoît,2017,8
62169,LASSALLE,Jean,2017,1
62169,LE PEN,Marine,2017,57
62169,MACRON,Emmanuel,2017,27
62169,MÉLENCHON,Jean-Luc,2017,23
62169,POUTOU,Philippe,2017,2
62170,ARTHAUD,Nathalie,2017,17
62170,ASSELINEAU,François,2017,13
62170,CHEMINADE,Jacques,2017,2
62170,DUPONT-AIGNAN,Nicolas,2017,86
62170,FILLON,François,2017,258
62170,HAMON,Benoît,2017,67
62170,LASSALLE,Jean,2017,12
62170,LE PEN,Marine,2017,553
62170,MACRON,Emmanuel,2017,259
62170,MÉLENCHON,Jean-Luc,2017,321
62170,POUTOU,Philippe,2017,22
62171,ARTHAUD,Nathalie,2017,0
62171,ASSELINEAU,François,2017,1
62171,CHEMINADE,Jacques,2017,0
62171,DUPONT-AIGNAN,Nicolas,2017,11
62171,FILLON,François,2017,15
62171,HAMON,Benoît,2017,3
62171,LASSALLE,Jean,2017,0
62171,LE PEN,Marine,2017,26
62171,MACRON,Emmanuel,2017,13
62171,MÉLENCHON,Jean-Luc,2017,12
62171,POUTOU,Philippe,2017,0
62172,ARTHAUD,Nathalie,2017,1
62172,ASSELINEAU,François,2017,2
62172,CHEMINADE,Jacques,2017,0
62172,DUPONT-AIGNAN,Nicolas,2017,18
62172,FILLON,François,2017,26
62172,HAMON,Benoît,2017,8
62172,LASSALLE,Jean,2017,3
62172,LE PEN,Marine,2017,89
62172,MACRON,Emmanuel,2017,41
62172,MÉLENCHON,Jean-Luc,2017,27
62172,POUTOU,Philippe,2017,2
62173,ARTHAUD,Nathalie,2017,21
62173,ASSELINEAU,François,2017,18
62173,CHEMINADE,Jacques,2017,4
62173,DUPONT-AIGNAN,Nicolas,2017,173
62173,FILLON,François,2017,330
62173,HAMON,Benoît,2017,129
62173,LASSALLE,Jean,2017,11
62173,LE PEN,Marine,2017,1122
62173,MACRON,Emmanuel,2017,547
62173,MÉLENCHON,Jean-Luc,2017,599
62173,POUTOU,Philippe,2017,38
62174,ARTHAUD,Nathalie,2017,10
62174,ASSELINEAU,François,2017,0
62174,CHEMINADE,Jacques,2017,2
62174,DUPONT-AIGNAN,Nicolas,2017,56
62174,FILLON,François,2017,130
62174,HAMON,Benoît,2017,36
62174,LASSALLE,Jean,2017,2
62174,LE PEN,Marine,2017,262
62174,MACRON,Emmanuel,2017,147
62174,MÉLENCHON,Jean-Luc,2017,187
62174,POUTOU,Philippe,2017,10
62175,ARTHAUD,Nathalie,2017,0
62175,ASSELINEAU,François,2017,0
62175,CHEMINADE,Jacques,2017,0
62175,DUPONT-AIGNAN,Nicolas,2017,4
62175,FILLON,François,2017,29
62175,HAMON,Benoît,2017,6
62175,LASSALLE,Jean,2017,0
62175,LE PEN,Marine,2017,18
62175,MACRON,Emmanuel,2017,15
62175,MÉLENCHON,Jean-Luc,2017,18
62175,POUTOU,Philippe,2017,2
62176,ARTHAUD,Nathalie,2017,2
62176,ASSELINEAU,François,2017,2
62176,CHEMINADE,Jacques,2017,0
62176,DUPONT-AIGNAN,Nicolas,2017,35
62176,FILLON,François,2017,66
62176,HAMON,Benoît,2017,8
62176,LASSALLE,Jean,2017,3
62176,LE PEN,Marine,2017,161
62176,MACRON,Emmanuel,2017,122
62176,MÉLENCHON,Jean-Luc,2017,41
62176,POUTOU,Philippe,2017,7
62177,ARTHAUD,Nathalie,2017,6
62177,ASSELINEAU,François,2017,5
62177,CHEMINADE,Jacques,2017,2
62177,DUPONT-AIGNAN,Nicolas,2017,28
62177,FILLON,François,2017,80
62177,HAMON,Benoît,2017,28
62177,LASSALLE,Jean,2017,3
62177,LE PEN,Marine,2017,159
62177,MACRON,Emmanuel,2017,131
62177,MÉLENCHON,Jean-Luc,2017,87
62177,POUTOU,Philippe,2017,4
62178,ARTHAUD,Nathalie,2017,142
62178,ASSELINEAU,François,2017,73
62178,CHEMINADE,Jacques,2017,18
62178,DUPONT-AIGNAN,Nicolas,2017,426
62178,FILLON,François,2017,875
62178,HAMON,Benoît,2017,750
62178,LASSALLE,Jean,2017,83
62178,LE PEN,Marine,2017,4201
62178,MACRON,Emmanuel,2017,1718
62178,MÉLENCHON,Jean-Luc,2017,2424
62178,POUTOU,Philippe,2017,134
62179,ARTHAUD,Nathalie,2017,7
62179,ASSELINEAU,François,2017,1
62179,CHEMINADE,Jacques,2017,0
62179,DUPONT-AIGNAN,Nicolas,2017,34
62179,FILLON,François,2017,50
62179,HAMON,Benoît,2017,14
62179,LASSALLE,Jean,2017,3
62179,LE PEN,Marine,2017,51
62179,MACRON,Emmanuel,2017,40
62179,MÉLENCHON,Jean-Luc,2017,44
62179,POUTOU,Philippe,2017,5
62180,ARTHAUD,Nathalie,2017,2
62180,ASSELINEAU,François,2017,2
62180,CHEMINADE,Jacques,2017,1
62180,DUPONT-AIGNAN,Nicolas,2017,7
62180,FILLON,François,2017,38
62180,HAMON,Benoît,2017,7
62180,LASSALLE,Jean,2017,1
62180,LE PEN,Marine,2017,79
62180,MACRON,Emmanuel,2017,35
62180,MÉLENCHON,Jean-Luc,2017,21
62180,POUTOU,Philippe,2017,1
62181,ARTHAUD,Nathalie,2017,7
62181,ASSELINEAU,François,2017,7
62181,CHEMINADE,Jacques,2017,0
62181,DUPONT-AIGNAN,Nicolas,2017,53
62181,FILLON,François,2017,144
62181,HAMON,Benoît,2017,29
62181,LASSALLE,Jean,2017,7
62181,LE PEN,Marine,2017,286
62181,MACRON,Emmanuel,2017,125
62181,MÉLENCHON,Jean-Luc,2017,137
62181,POUTOU,Philippe,2017,10
62182,ARTHAUD,Nathalie,2017,1
62182,ASSELINEAU,François,2017,0
62182,CHEMINADE,Jacques,2017,0
62182,DUPONT-AIGNAN,Nicolas,2017,12
62182,FILLON,François,2017,50
62182,HAMON,Benoît,2017,4
62182,LASSALLE,Jean,2017,1
62182,LE PEN,Marine,2017,50
62182,MACRON,Emmanuel,2017,33
62182,MÉLENCHON,Jean-Luc,2017,16
62182,POUTOU,Philippe,2017,2
62183,ARTHAUD,Nathalie,2017,2
62183,ASSELINEAU,François,2017,3
62183,CHEMINADE,Jacques,2017,1
62183,DUPONT-AIGNAN,Nicolas,2017,21
62183,FILLON,François,2017,78
62183,HAMON,Benoît,2017,25
62183,LASSALLE,Jean,2017,1
62183,LE PEN,Marine,2017,142
62183,MACRON,Emmanuel,2017,78
62183,MÉLENCHON,Jean-Luc,2017,98
62183,POUTOU,Philippe,2017,1
62184,ARTHAUD,Nathalie,2017,3
62184,ASSELINEAU,François,2017,1
62184,CHEMINADE,Jacques,2017,0
62184,DUPONT-AIGNAN,Nicolas,2017,10
62184,FILLON,François,2017,26
62184,HAMON,Benoît,2017,8
62184,LASSALLE,Jean,2017,0
62184,LE PEN,Marine,2017,51
62184,MACRON,Emmanuel,2017,28
62184,MÉLENCHON,Jean-Luc,2017,29
62184,POUTOU,Philippe,2017,2
62185,ARTHAUD,Nathalie,2017,3
62185,ASSELINEAU,François,2017,0
62185,CHEMINADE,Jacques,2017,0
62185,DUPONT-AIGNAN,Nicolas,2017,11
62185,FILLON,François,2017,20
62185,HAMON,Benoît,2017,4
62185,LASSALLE,Jean,2017,1
62185,LE PEN,Marine,2017,48
62185,MACRON,Emmanuel,2017,30
62185,MÉLENCHON,Jean-Luc,2017,19
62185,POUTOU,Philippe,2017,2
62186,ARTHAUD,Nathalie,2017,75
62186,ASSELINEAU,François,2017,38
62186,CHEMINADE,Jacques,2017,12
62186,DUPONT-AIGNAN,Nicolas,2017,258
62186,FILLON,François,2017,485
62186,HAMON,Benoît,2017,387
62186,LASSALLE,Jean,2017,49
62186,LE PEN,Marine,2017,2770
62186,MACRON,Emmanuel,2017,1067
62186,MÉLENCHON,Jean-Luc,2017,1478
62186,POUTOU,Philippe,2017,99
62187,ARTHAUD,Nathalie,2017,2
62187,ASSELINEAU,François,2017,0
62187,CHEMINADE,Jacques,2017,0
62187,DUPONT-AIGNAN,Nicolas,2017,9
62187,FILLON,François,2017,22
62187,HAMON,Benoît,2017,5
62187,LASSALLE,Jean,2017,3
62187,LE PEN,Marine,2017,33
62187,MACRON,Emmanuel,2017,21
62187,MÉLENCHON,Jean-Luc,2017,15
62187,POUTOU,Philippe,2017,0
62188,ARTHAUD,Nathalie,2017,28
62188,ASSELINEAU,François,2017,10
62188,CHEMINADE,Jacques,2017,2
62188,DUPONT-AIGNAN,Nicolas,2017,61
62188,FILLON,François,2017,147
62188,HAMON,Benoît,2017,61
62188,LASSALLE,Jean,2017,20
62188,LE PEN,Marine,2017,699
62188,MACRON,Emmanuel,2017,235
62188,MÉLENCHON,Jean-Luc,2017,576
62188,POUTOU,Philippe,2017,17
62189,ARTHAUD,Nathalie,2017,1
62189,ASSELINEAU,François,2017,0
62189,CHEMINADE,Jacques,2017,0
62189,DUPONT-AIGNAN,Nicolas,2017,6
62189,FILLON,François,2017,16
62189,HAMON,Benoît,2017,0
62189,LASSALLE,Jean,2017,2
62189,LE PEN,Marine,2017,28
62189,MACRON,Emmanuel,2017,15
62189,MÉLENCHON,Jean-Luc,2017,5
62189,POUTOU,Philippe,2017,1
62190,ARTHAUD,Nathalie,2017,10
62190,ASSELINEAU,François,2017,14
62190,CHEMINADE,Jacques,2017,2
62190,DUPONT-AIGNAN,Nicolas,2017,62
62190,FILLON,François,2017,207
62190,HAMON,Benoît,2017,32
62190,LASSALLE,Jean,2017,7
62190,LE PEN,Marine,2017,218
62190,MACRON,Emmanuel,2017,149
62190,MÉLENCHON,Jean-Luc,2017,115
62190,POUTOU,Philippe,2017,13
62191,ARTHAUD,Nathalie,2017,3
62191,ASSELINEAU,François,2017,4
62191,CHEMINADE,Jacques,2017,3
62191,DUPONT-AIGNAN,Nicolas,2017,26
62191,FILLON,François,2017,44
62191,HAMON,Benoît,2017,17
62191,LASSALLE,Jean,2017,2
62191,LE PEN,Marine,2017,126
62191,MACRON,Emmanuel,2017,50
62191,MÉLENCHON,Jean-Luc,2017,73
62191,POUTOU,Philippe,2017,11
62192,ARTHAUD,Nathalie,2017,3
62192,ASSELINEAU,François,2017,1
62192,CHEMINADE,Jacques,2017,0
62192,DUPONT-AIGNAN,Nicolas,2017,13
62192,FILLON,François,2017,56
62192,HAMON,Benoît,2017,12
62192,LASSALLE,Jean,2017,2
62192,LE PEN,Marine,2017,76
62192,MACRON,Emmanuel,2017,63
62192,MÉLENCHON,Jean-Luc,2017,36
62192,POUTOU,Philippe,2017,0
62193,ARTHAUD,Nathalie,2017,344
62193,ASSELINEAU,François,2017,262
62193,CHEMINADE,Jacques,2017,58
62193,DUPONT-AIGNAN,Nicolas,2017,1557
62193,FILLON,François,2017,3843
62193,HAMON,Benoît,2017,1834
62193,LASSALLE,Jean,2017,211
62193,LE PEN,Marine,2017,13089
62193,MACRON,Emmanuel,2017,5685
62193,MÉLENCHON,Jean-Luc,2017,7923
62193,POUTOU,Philippe,2017,407
62194,ARTHAUD,Nathalie,2017,45
62194,ASSELINEAU,François,2017,14
62194,CHEMINADE,Jacques,2017,8
62194,DUPONT-AIGNAN,Nicolas,2017,91
62194,FILLON,François,2017,225
62194,HAMON,Benoît,2017,108
62194,LASSALLE,Jean,2017,9
62194,LE PEN,Marine,2017,1481
62194,MACRON,Emmanuel,2017,347
62194,MÉLENCHON,Jean-Luc,2017,749
62194,POUTOU,Philippe,2017,42
62195,ARTHAUD,Nathalie,2017,14
62195,ASSELINEAU,François,2017,7
62195,CHEMINADE,Jacques,2017,0
62195,DUPONT-AIGNAN,Nicolas,2017,65
62195,FILLON,François,2017,195
62195,HAMON,Benoît,2017,37
62195,LASSALLE,Jean,2017,11
62195,LE PEN,Marine,2017,348
62195,MACRON,Emmanuel,2017,177
62195,MÉLENCHON,Jean-Luc,2017,132
62195,POUTOU,Philippe,2017,15
62196,ARTHAUD,Nathalie,2017,5
62196,ASSELINEAU,François,2017,3
62196,CHEMINADE,Jacques,2017,2
62196,DUPONT-AIGNAN,Nicolas,2017,21
62196,FILLON,François,2017,95
62196,HAMON,Benoît,2017,19
62196,LASSALLE,Jean,2017,8
62196,LE PEN,Marine,2017,105
62196,MACRON,Emmanuel,2017,107
62196,MÉLENCHON,Jean-Luc,2017,42
62196,POUTOU,Philippe,2017,2
62197,ARTHAUD,Nathalie,2017,9
62197,ASSELINEAU,François,2017,2
62197,CHEMINADE,Jacques,2017,0
62197,DUPONT-AIGNAN,Nicolas,2017,50
62197,FILLON,François,2017,137
62197,HAMON,Benoît,2017,31
62197,LASSALLE,Jean,2017,10
62197,LE PEN,Marine,2017,390
62197,MACRON,Emmanuel,2017,170
62197,MÉLENCHON,Jean-Luc,2017,155
62197,POUTOU,Philippe,2017,8
62198,ARTHAUD,Nathalie,2017,2
62198,ASSELINEAU,François,2017,0
62198,CHEMINADE,Jacques,2017,1
62198,DUPONT-AIGNAN,Nicolas,2017,16
62198,FILLON,François,2017,53
62198,HAMON,Benoît,2017,8
62198,LASSALLE,Jean,2017,2
62198,LE PEN,Marine,2017,62
62198,MACRON,Emmanuel,2017,60
62198,MÉLENCHON,Jean-Luc,2017,25
62198,POUTOU,Philippe,2017,2
62199,ARTHAUD,Nathalie,2017,2
62199,ASSELINEAU,François,2017,7
62199,CHEMINADE,Jacques,2017,1
62199,DUPONT-AIGNAN,Nicolas,2017,30
62199,FILLON,François,2017,83
62199,HAMON,Benoît,2017,19
62199,LASSALLE,Jean,2017,4
62199,LE PEN,Marine,2017,113
62199,MACRON,Emmanuel,2017,95
62199,MÉLENCHON,Jean-Luc,2017,59
62199,POUTOU,Philippe,2017,5
62200,ARTHAUD,Nathalie,2017,10
62200,ASSELINEAU,François,2017,5
62200,CHEMINADE,Jacques,2017,2
62200,DUPONT-AIGNAN,Nicolas,2017,47
62200,FILLON,François,2017,53
62200,HAMON,Benoît,2017,36
62200,LASSALLE,Jean,2017,6
62200,LE PEN,Marine,2017,282
62200,MACRON,Emmanuel,2017,108
62200,MÉLENCHON,Jean-Luc,2017,141
62200,POUTOU,Philippe,2017,12
62201,ARTHAUD,Nathalie,2017,22
62201,ASSELINEAU,François,2017,7
62201,CHEMINADE,Jacques,2017,0
62201,DUPONT-AIGNAN,Nicolas,2017,76
62201,FILLON,François,2017,232
62201,HAMON,Benoît,2017,65
62201,LASSALLE,Jean,2017,9
62201,LE PEN,Marine,2017,595
62201,MACRON,Emmanuel,2017,400
62201,MÉLENCHON,Jean-Luc,2017,277
62201,POUTOU,Philippe,2017,24
62202,ARTHAUD,Nathalie,2017,0
62202,ASSELINEAU,François,2017,2
62202,CHEMINADE,Jacques,2017,1
62202,DUPONT-AIGNAN,Nicolas,2017,25
62202,FILLON,François,2017,84
62202,HAMON,Benoît,2017,16
62202,LASSALLE,Jean,2017,1
62202,LE PEN,Marine,2017,136
62202,MACRON,Emmanuel,2017,55
62202,MÉLENCHON,Jean-Luc,2017,48
62202,POUTOU,Philippe,2017,4
62203,ARTHAUD,Nathalie,2017,3
62203,ASSELINEAU,François,2017,4
62203,CHEMINADE,Jacques,2017,0
62203,DUPONT-AIGNAN,Nicolas,2017,18
62203,FILLON,François,2017,50
62203,HAMON,Benoît,2017,17
62203,LASSALLE,Jean,2017,0
62203,LE PEN,Marine,2017,79
62203,MACRON,Emmanuel,2017,60
62203,MÉLENCHON,Jean-Luc,2017,45
62203,POUTOU,Philippe,2017,3
62204,ARTHAUD,Nathalie,2017,9
62204,ASSELINEAU,François,2017,3
62204,CHEMINADE,Jacques,2017,0
62204,DUPONT-AIGNAN,Nicolas,2017,64
62204,FILLON,François,2017,185
62204,HAMON,Benoît,2017,89
62204,LASSALLE,Jean,2017,6
62204,LE PEN,Marine,2017,246
62204,MACRON,Emmanuel,2017,189
62204,MÉLENCHON,Jean-Luc,2017,161
62204,POUTOU,Philippe,2017,10
62205,ARTHAUD,Nathalie,2017,6
62205,ASSELINEAU,François,2017,0
62205,CHEMINADE,Jacques,2017,2
62205,DUPONT-AIGNAN,Nicolas,2017,60
62205,FILLON,François,2017,163
62205,HAMON,Benoît,2017,34
62205,LASSALLE,Jean,2017,6
62205,LE PEN,Marine,2017,281
62205,MACRON,Emmanuel,2017,197
62205,MÉLENCHON,Jean-Luc,2017,116
62205,POUTOU,Philippe,2017,10
62206,ARTHAUD,Nathalie,2017,2
62206,ASSELINEAU,François,2017,1
62206,CHEMINADE,Jacques,2017,0
62206,DUPONT-AIGNAN,Nicolas,2017,11
62206,FILLON,François,2017,60
62206,HAMON,Benoît,2017,9
62206,LASSALLE,Jean,2017,3
62206,LE PEN,Marine,2017,46
62206,MACRON,Emmanuel,2017,39
62206,MÉLENCHON,Jean-Luc,2017,23
62206,POUTOU,Philippe,2017,2
62207,ARTHAUD,Nathalie,2017,5
62207,ASSELINEAU,François,2017,1
62207,CHEMINADE,Jacques,2017,0
62207,DUPONT-AIGNAN,Nicolas,2017,14
62207,FILLON,François,2017,83
62207,HAMON,Benoît,2017,20
62207,LASSALLE,Jean,2017,9
62207,LE PEN,Marine,2017,96
62207,MACRON,Emmanuel,2017,119
62207,MÉLENCHON,Jean-Luc,2017,66
62207,POUTOU,Philippe,2017,1
62208,ARTHAUD,Nathalie,2017,0
62208,ASSELINEAU,François,2017,2
62208,CHEMINADE,Jacques,2017,0
62208,DUPONT-AIGNAN,Nicolas,2017,6
62208,FILLON,François,2017,12
62208,HAMON,Benoît,2017,0
62208,LASSALLE,Jean,2017,0
62208,LE PEN,Marine,2017,13
62208,MACRON,Emmanuel,2017,8
62208,MÉLENCHON,Jean-Luc,2017,2
62208,POUTOU,Philippe,2017,0
62209,ARTHAUD,Nathalie,2017,0
62209,ASSELINEAU,François,2017,0
62209,CHEMINADE,Jacques,2017,0
62209,DUPONT-AIGNAN,Nicolas,2017,7
62209,FILLON,François,2017,28
62209,HAMON,Benoît,2017,7
62209,LASSALLE,Jean,2017,3
62209,LE PEN,Marine,2017,36
62209,MACRON,Emmanuel,2017,18
62209,MÉLENCHON,Jean-Luc,2017,13
62209,POUTOU,Philippe,2017,0
62210,ARTHAUD,Nathalie,2017,0
62210,ASSELINEAU,François,2017,2
62210,CHEMINADE,Jacques,2017,0
62210,DUPONT-AIGNAN,Nicolas,2017,1
62210,FILLON,François,2017,8
62210,HAMON,Benoît,2017,0
62210,LASSALLE,Jean,2017,0
62210,LE PEN,Marine,2017,0
62210,MACRON,Emmanuel,2017,0
62210,MÉLENCHON,Jean-Luc,2017,0
62210,POUTOU,Philippe,2017,0
62211,ARTHAUD,Nathalie,2017,3
62211,ASSELINEAU,François,2017,1
62211,CHEMINADE,Jacques,2017,0
62211,DUPONT-AIGNAN,Nicolas,2017,11
62211,FILLON,François,2017,26
62211,HAMON,Benoît,2017,4
62211,LASSALLE,Jean,2017,1
62211,LE PEN,Marine,2017,45
62211,MACRON,Emmanuel,2017,24
62211,MÉLENCHON,Jean-Luc,2017,25
62211,POUTOU,Philippe,2017,5
62212,ARTHAUD,Nathalie,2017,3
62212,ASSELINEAU,François,2017,0
62212,CHEMINADE,Jacques,2017,0
62212,DUPONT-AIGNAN,Nicolas,2017,21
62212,FILLON,François,2017,31
62212,HAMON,Benoît,2017,14
62212,LASSALLE,Jean,2017,2
62212,LE PEN,Marine,2017,79
62212,MACRON,Emmanuel,2017,92
62212,MÉLENCHON,Jean-Luc,2017,51
62212,POUTOU,Philippe,2017,2
62213,ARTHAUD,Nathalie,2017,2
62213,ASSELINEAU,François,2017,4
62213,CHEMINADE,Jacques,2017,0
62213,DUPONT-AIGNAN,Nicolas,2017,30
62213,FILLON,François,2017,93
62213,HAMON,Benoît,2017,29
62213,LASSALLE,Jean,2017,3
62213,LE PEN,Marine,2017,146
62213,MACRON,Emmanuel,2017,120
62213,MÉLENCHON,Jean-Luc,2017,77
62213,POUTOU,Philippe,2017,8
62214,ARTHAUD,Nathalie,2017,1
62214,ASSELINEAU,François,2017,1
62214,CHEMINADE,Jacques,2017,0
62214,DUPONT-AIGNAN,Nicolas,2017,26
62214,FILLON,François,2017,78
62214,HAMON,Benoît,2017,17
62214,LASSALLE,Jean,2017,5
62214,LE PEN,Marine,2017,108
62214,MACRON,Emmanuel,2017,82
62214,MÉLENCHON,Jean-Luc,2017,54
62214,POUTOU,Philippe,2017,0
62215,ARTHAUD,Nathalie,2017,72
62215,ASSELINEAU,François,2017,82
62215,CHEMINADE,Jacques,2017,12
62215,DUPONT-AIGNAN,Nicolas,2017,546
62215,FILLON,François,2017,937
62215,HAMON,Benoît,2017,576
62215,LASSALLE,Jean,2017,59
62215,LE PEN,Marine,2017,3472
62215,MACRON,Emmanuel,2017,1492
62215,MÉLENCHON,Jean-Luc,2017,2136
62215,POUTOU,Philippe,2017,102
62216,ARTHAUD,Nathalie,2017,1
62216,ASSELINEAU,François,2017,0
62216,CHEMINADE,Jacques,2017,0
62216,DUPONT-AIGNAN,Nicolas,2017,9
62216,FILLON,François,2017,30
62216,HAMON,Benoît,2017,3
62216,LASSALLE,Jean,2017,0
62216,LE PEN,Marine,2017,54
62216,MACRON,Emmanuel,2017,14
62216,MÉLENCHON,Jean-Luc,2017,24
62216,POUTOU,Philippe,2017,0
62217,ARTHAUD,Nathalie,2017,17
62217,ASSELINEAU,François,2017,7
62217,CHEMINADE,Jacques,2017,6
62217,DUPONT-AIGNAN,Nicolas,2017,77
62217,FILLON,François,2017,132
62217,HAMON,Benoît,2017,70
62217,LASSALLE,Jean,2017,16
62217,LE PEN,Marine,2017,737
62217,MACRON,Emmanuel,2017,246
62217,MÉLENCHON,Jean-Luc,2017,348
62217,POUTOU,Philippe,2017,18
62218,ARTHAUD,Nathalie,2017,2
62218,ASSELINEAU,François,2017,0
62218,CHEMINADE,Jacques,2017,0
62218,DUPONT-AIGNAN,Nicolas,2017,20
62218,FILLON,François,2017,50
62218,HAMON,Benoît,2017,8
62218,LASSALLE,Jean,2017,4
62218,LE PEN,Marine,2017,75
62218,MACRON,Emmanuel,2017,43
62218,MÉLENCHON,Jean-Luc,2017,35
62218,POUTOU,Philippe,2017,2
62219,ARTHAUD,Nathalie,2017,0
62219,ASSELINEAU,François,2017,2
62219,CHEMINADE,Jacques,2017,0
62219,DUPONT-AIGNAN,Nicolas,2017,7
62219,FILLON,François,2017,42
62219,HAMON,Benoît,2017,3
62219,LASSALLE,Jean,2017,0
62219,LE PEN,Marine,2017,33
62219,MACRON,Emmanuel,2017,28
62219,MÉLENCHON,Jean-Luc,2017,13
62219,POUTOU,Philippe,2017,1
62220,ARTHAUD,Nathalie,2017,6
62220,ASSELINEAU,François,2017,2
62220,CHEMINADE,Jacques,2017,1
62220,DUPONT-AIGNAN,Nicolas,2017,10
62220,FILLON,François,2017,67
62220,HAMON,Benoît,2017,20
62220,LASSALLE,Jean,2017,2
62220,LE PEN,Marine,2017,78
62220,MACRON,Emmanuel,2017,55
62220,MÉLENCHON,Jean-Luc,2017,61
62220,POUTOU,Philippe,2017,1
62221,ARTHAUD,Nathalie,2017,4
62221,ASSELINEAU,François,2017,1
62221,CHEMINADE,Jacques,2017,0
62221,DUPONT-AIGNAN,Nicolas,2017,19
62221,FILLON,François,2017,44
62221,HAMON,Benoît,2017,5
62221,LASSALLE,Jean,2017,2
62221,LE PEN,Marine,2017,55
62221,MACRON,Emmanuel,2017,20
62221,MÉLENCHON,Jean-Luc,2017,25
62221,POUTOU,Philippe,2017,1
62222,ARTHAUD,Nathalie,2017,1
62222,ASSELINEAU,François,2017,1
62222,CHEMINADE,Jacques,2017,0
62222,DUPONT-AIGNAN,Nicolas,2017,1
62222,FILLON,François,2017,26
62222,HAMON,Benoît,2017,7
62222,LASSALLE,Jean,2017,6
62222,LE PEN,Marine,2017,22
62222,MACRON,Emmanuel,2017,27
62222,MÉLENCHON,Jean-Luc,2017,9
62222,POUTOU,Philippe,2017,5
62223,ARTHAUD,Nathalie,2017,3
62223,ASSELINEAU,François,2017,1
62223,CHEMINADE,Jacques,2017,3
62223,DUPONT-AIGNAN,Nicolas,2017,10
62223,FILLON,François,2017,29
62223,HAMON,Benoît,2017,6
62223,LASSALLE,Jean,2017,2
62223,LE PEN,Marine,2017,76
62223,MACRON,Emmanuel,2017,34
62223,MÉLENCHON,Jean-Luc,2017,33
62223,POUTOU,Philippe,2017,1
62224,ARTHAUD,Nathalie,2017,17
62224,ASSELINEAU,François,2017,11
62224,CHEMINADE,Jacques,2017,3
62224,DUPONT-AIGNAN,Nicolas,2017,80
62224,FILLON,François,2017,194
62224,HAMON,Benoît,2017,87
62224,LASSALLE,Jean,2017,8
62224,LE PEN,Marine,2017,803
62224,MACRON,Emmanuel,2017,268
62224,MÉLENCHON,Jean-Luc,2017,380
62224,POUTOU,Philippe,2017,18
62225,ARTHAUD,Nathalie,2017,1
62225,ASSELINEAU,François,2017,4
62225,CHEMINADE,Jacques,2017,1
62225,DUPONT-AIGNAN,Nicolas,2017,28
62225,FILLON,François,2017,110
62225,HAMON,Benoît,2017,19
62225,LASSALLE,Jean,2017,6
62225,LE PEN,Marine,2017,109
62225,MACRON,Emmanuel,2017,80
62225,MÉLENCHON,Jean-Luc,2017,62
62225,POUTOU,Philippe,2017,2
62227,ARTHAUD,Nathalie,2017,1
62227,ASSELINEAU,François,2017,1
62227,CHEMINADE,Jacques,2017,0
62227,DUPONT-AIGNAN,Nicolas,2017,11
62227,FILLON,François,2017,38
62227,HAMON,Benoît,2017,10
62227,LASSALLE,Jean,2017,0
62227,LE PEN,Marine,2017,37
62227,MACRON,Emmanuel,2017,22
62227,MÉLENCHON,Jean-Luc,2017,10
62227,POUTOU,Philippe,2017,3
62228,ARTHAUD,Nathalie,2017,0
62228,ASSELINEAU,François,2017,1
62228,CHEMINADE,Jacques,2017,0
62228,DUPONT-AIGNAN,Nicolas,2017,12
62228,FILLON,François,2017,31
62228,HAMON,Benoît,2017,16
62228,LASSALLE,Jean,2017,4
62228,LE PEN,Marine,2017,74
62228,MACRON,Emmanuel,2017,33
62228,MÉLENCHON,Jean-Luc,2017,26
62228,POUTOU,Philippe,2017,0
62229,ARTHAUD,Nathalie,2017,6
62229,ASSELINEAU,François,2017,1
62229,CHEMINADE,Jacques,2017,4
62229,DUPONT-AIGNAN,Nicolas,2017,37
62229,FILLON,François,2017,78
62229,HAMON,Benoît,2017,19
62229,LASSALLE,Jean,2017,1
62229,LE PEN,Marine,2017,136
62229,MACRON,Emmanuel,2017,125
62229,MÉLENCHON,Jean-Luc,2017,70
62229,POUTOU,Philippe,2017,3
62230,ARTHAUD,Nathalie,2017,6
62230,ASSELINEAU,François,2017,4
62230,CHEMINADE,Jacques,2017,1
62230,DUPONT-AIGNAN,Nicolas,2017,28
62230,FILLON,François,2017,154
62230,HAMON,Benoît,2017,22
62230,LASSALLE,Jean,2017,3
62230,LE PEN,Marine,2017,160
62230,MACRON,Emmanuel,2017,91
62230,MÉLENCHON,Jean-Luc,2017,77
62230,POUTOU,Philippe,2017,4
62231,ARTHAUD,Nathalie,2017,0
62231,ASSELINEAU,François,2017,2
62231,CHEMINADE,Jacques,2017,0
62231,DUPONT-AIGNAN,Nicolas,2017,4
62231,FILLON,François,2017,29
62231,HAMON,Benoît,2017,3
62231,LASSALLE,Jean,2017,2
62231,LE PEN,Marine,2017,31
62231,MACRON,Emmanuel,2017,19
62231,MÉLENCHON,Jean-Luc,2017,17
62231,POUTOU,Philippe,2017,0
62232,ARTHAUD,Nathalie,2017,6
62232,ASSELINEAU,François,2017,4
62232,CHEMINADE,Jacques,2017,3
62232,DUPONT-AIGNAN,Nicolas,2017,24
62232,FILLON,François,2017,84
62232,HAMON,Benoît,2017,36
62232,LASSALLE,Jean,2017,1
62232,LE PEN,Marine,2017,208
62232,MACRON,Emmanuel,2017,111
62232,MÉLENCHON,Jean-Luc,2017,76
62232,POUTOU,Philippe,2017,3
62233,ARTHAUD,Nathalie,2017,4
62233,ASSELINEAU,François,2017,1
62233,CHEMINADE,Jacques,2017,2
62233,DUPONT-AIGNAN,Nicolas,2017,34
62233,FILLON,François,2017,111
62233,HAMON,Benoît,2017,38
62233,LASSALLE,Jean,2017,7
62233,LE PEN,Marine,2017,260
62233,MACRON,Emmanuel,2017,156
62233,MÉLENCHON,Jean-Luc,2017,118
62233,POUTOU,Philippe,2017,4
62234,ARTHAUD,Nathalie,2017,1
62234,ASSELINEAU,François,2017,0
62234,CHEMINADE,Jacques,2017,0
62234,DUPONT-AIGNAN,Nicolas,2017,14
62234,FILLON,François,2017,46
62234,HAMON,Benoît,2017,4
62234,LASSALLE,Jean,2017,0
62234,LE PEN,Marine,2017,34
62234,MACRON,Emmanuel,2017,23
62234,MÉLENCHON,Jean-Luc,2017,20
62234,POUTOU,Philippe,2017,5
62235,ARTHAUD,Nathalie,2017,14
62235,ASSELINEAU,François,2017,14
62235,CHEMINADE,Jacques,2017,3
62235,DUPONT-AIGNAN,Nicolas,2017,78
62235,FILLON,François,2017,535
62235,HAMON,Benoît,2017,104
62235,LASSALLE,Jean,2017,7
62235,LE PEN,Marine,2017,297
62235,MACRON,Emmanuel,2017,509
62235,MÉLENCHON,Jean-Luc,2017,233
62235,POUTOU,Philippe,2017,16
62236,ARTHAUD,Nathalie,2017,4
62236,ASSELINEAU,François,2017,1
62236,CHEMINADE,Jacques,2017,0
62236,DUPONT-AIGNAN,Nicolas,2017,15
62236,FILLON,François,2017,27
62236,HAMON,Benoît,2017,12
62236,LASSALLE,Jean,2017,1
62236,LE PEN,Marine,2017,71
62236,MACRON,Emmanuel,2017,43
62236,MÉLENCHON,Jean-Luc,2017,50
62236,POUTOU,Philippe,2017,2
62237,ARTHAUD,Nathalie,2017,0
62237,ASSELINEAU,François,2017,2
62237,CHEMINADE,Jacques,2017,0
62237,DUPONT-AIGNAN,Nicolas,2017,20
62237,FILLON,François,2017,71
62237,HAMON,Benoît,2017,10
62237,LASSALLE,Jean,2017,3
62237,LE PEN,Marine,2017,94
62237,MACRON,Emmanuel,2017,81
62237,MÉLENCHON,Jean-Luc,2017,44
62237,POUTOU,Philippe,2017,4
62238,ARTHAUD,Nathalie,2017,0
62238,ASSELINEAU,François,2017,0
62238,CHEMINADE,Jacques,2017,0
62238,DUPONT-AIGNAN,Nicolas,2017,2
62238,FILLON,François,2017,17
62238,HAMON,Benoît,2017,4
62238,LASSALLE,Jean,2017,1
62238,LE PEN,Marine,2017,14
62238,MACRON,Emmanuel,2017,13
62238,MÉLENCHON,Jean-Luc,2017,5
62238,POUTOU,Philippe,2017,0
62239,ARTHAUD,Nathalie,2017,9
62239,ASSELINEAU,François,2017,12
62239,CHEMINADE,Jacques,2017,4
62239,DUPONT-AIGNAN,Nicolas,2017,81
62239,FILLON,François,2017,359
62239,HAMON,Benoît,2017,67
62239,LASSALLE,Jean,2017,11
62239,LE PEN,Marine,2017,408
62239,MACRON,Emmanuel,2017,364
62239,MÉLENCHON,Jean-Luc,2017,271
62239,POUTOU,Philippe,2017,20
62240,ARTHAUD,Nathalie,2017,11
62240,ASSELINEAU,François,2017,1
62240,CHEMINADE,Jacques,2017,0
62240,DUPONT-AIGNAN,Nicolas,2017,75
62240,FILLON,François,2017,115
62240,HAMON,Benoît,2017,47
62240,LASSALLE,Jean,2017,5
62240,LE PEN,Marine,2017,492
62240,MACRON,Emmanuel,2017,207
62240,MÉLENCHON,Jean-Luc,2017,305
62240,POUTOU,Philippe,2017,12
62241,ARTHAUD,Nathalie,2017,3
62241,ASSELINEAU,François,2017,1
62241,CHEMINADE,Jacques,2017,0
62241,DUPONT-AIGNAN,Nicolas,2017,8
62241,FILLON,François,2017,42
62241,HAMON,Benoît,2017,5
62241,LASSALLE,Jean,2017,0
62241,LE PEN,Marine,2017,67
62241,MACRON,Emmanuel,2017,48
62241,MÉLENCHON,Jean-Luc,2017,19
62241,POUTOU,Philippe,2017,1
62242,ARTHAUD,Nathalie,2017,1
62242,ASSELINEAU,François,2017,0
62242,CHEMINADE,Jacques,2017,0
62242,DUPONT-AIGNAN,Nicolas,2017,6
62242,FILLON,François,2017,21
62242,HAMON,Benoît,2017,1
62242,LASSALLE,Jean,2017,0
62242,LE PEN,Marine,2017,22
62242,MACRON,Emmanuel,2017,12
62242,MÉLENCHON,Jean-Luc,2017,5
62242,POUTOU,Philippe,2017,1
62243,ARTHAUD,Nathalie,2017,1
62243,ASSELINEAU,François,2017,0
62243,CHEMINADE,Jacques,2017,0
62243,DUPONT-AIGNAN,Nicolas,2017,9
62243,FILLON,François,2017,12
62243,HAMON,Benoît,2017,5
62243,LASSALLE,Jean,2017,2
62243,LE PEN,Marine,2017,27
62243,MACRON,Emmanuel,2017,16
62243,MÉLENCHON,Jean-Luc,2017,14
62243,POUTOU,Philippe,2017,0
62244,ARTHAUD,Nathalie,2017,40
62244,ASSELINEAU,François,2017,46
62244,CHEMINADE,Jacques,2017,10
62244,DUPONT-AIGNAN,Nicolas,2017,194
62244,FILLON,François,2017,553
62244,HAMON,Benoît,2017,190
62244,LASSALLE,Jean,2017,26
62244,LE PEN,Marine,2017,1119
62244,MACRON,Emmanuel,2017,692
62244,MÉLENCHON,Jean-Luc,2017,639
62244,POUTOU,Philippe,2017,19
62245,ARTHAUD,Nathalie,2017,6
62245,ASSELINEAU,François,2017,1
62245,CHEMINADE,Jacques,2017,1
62245,DUPONT-AIGNAN,Nicolas,2017,27
62245,FILLON,François,2017,77
62245,HAMON,Benoît,2017,20
62245,LASSALLE,Jean,2017,1
62245,LE PEN,Marine,2017,137
62245,MACRON,Emmanuel,2017,80
62245,MÉLENCHON,Jean-Luc,2017,62
62245,POUTOU,Philippe,2017,10
62246,ARTHAUD,Nathalie,2017,0
62246,ASSELINEAU,François,2017,0
62246,CHEMINADE,Jacques,2017,0
62246,DUPONT-AIGNAN,Nicolas,2017,4
62246,FILLON,François,2017,23
62246,HAMON,Benoît,2017,5
62246,LASSALLE,Jean,2017,1
62246,LE PEN,Marine,2017,34
62246,MACRON,Emmanuel,2017,22
62246,MÉLENCHON,Jean-Luc,2017,25
62246,POUTOU,Philippe,2017,3
62247,ARTHAUD,Nathalie,2017,1
62247,ASSELINEAU,François,2017,2
62247,CHEMINADE,Jacques,2017,0
62247,DUPONT-AIGNAN,Nicolas,2017,18
62247,FILLON,François,2017,64
62247,HAMON,Benoît,2017,15
62247,LASSALLE,Jean,2017,2
62247,LE PEN,Marine,2017,120
62247,MACRON,Emmanuel,2017,67
62247,MÉLENCHON,Jean-Luc,2017,58
62247,POUTOU,Philippe,2017,2
62248,ARTHAUD,Nathalie,2017,6
62248,ASSELINEAU,François,2017,3
62248,CHEMINADE,Jacques,2017,0
62248,DUPONT-AIGNAN,Nicolas,2017,20
62248,FILLON,François,2017,23
62248,HAMON,Benoît,2017,14
62248,LASSALLE,Jean,2017,0
62248,LE PEN,Marine,2017,105
62248,MACRON,Emmanuel,2017,76
62248,MÉLENCHON,Jean-Luc,2017,52
62248,POUTOU,Philippe,2017,1
62249,ARTHAUD,Nathalie,2017,21
62249,ASSELINEAU,François,2017,47
62249,CHEMINADE,Jacques,2017,1
62249,DUPONT-AIGNAN,Nicolas,2017,141
62249,FILLON,François,2017,245
62249,HAMON,Benoît,2017,157
62249,LASSALLE,Jean,2017,12
62249,LE PEN,Marine,2017,1541
62249,MACRON,Emmanuel,2017,397
62249,MÉLENCHON,Jean-Luc,2017,864
62249,POUTOU,Philippe,2017,44
62250,ARTHAUD,Nathalie,2017,62
62250,ASSELINEAU,François,2017,48
62250,CHEMINADE,Jacques,2017,7
62250,DUPONT-AIGNAN,Nicolas,2017,210
62250,FILLON,François,2017,564
62250,HAMON,Benoît,2017,451
62250,LASSALLE,Jean,2017,33
62250,LE PEN,Marine,2017,2075
62250,MACRON,Emmanuel,2017,929
62250,MÉLENCHON,Jean-Luc,2017,1238
62250,POUTOU,Philippe,2017,79
62251,ARTHAUD,Nathalie,2017,0
62251,ASSELINEAU,François,2017,5
62251,CHEMINADE,Jacques,2017,1
62251,DUPONT-AIGNAN,Nicolas,2017,22
62251,FILLON,François,2017,114
62251,HAMON,Benoît,2017,5
62251,LASSALLE,Jean,2017,1
62251,LE PEN,Marine,2017,92
62251,MACRON,Emmanuel,2017,51
62251,MÉLENCHON,Jean-Luc,2017,51
62251,POUTOU,Philippe,2017,2
62252,ARTHAUD,Nathalie,2017,12
62252,ASSELINEAU,François,2017,14
62252,CHEMINADE,Jacques,2017,6
62252,DUPONT-AIGNAN,Nicolas,2017,114
62252,FILLON,François,2017,338
62252,HAMON,Benoît,2017,77
62252,LASSALLE,Jean,2017,18
62252,LE PEN,Marine,2017,549
62252,MACRON,Emmanuel,2017,354
62252,MÉLENCHON,Jean-Luc,2017,304
62252,POUTOU,Philippe,2017,16
62253,ARTHAUD,Nathalie,2017,0
62253,ASSELINEAU,François,2017,1
62253,CHEMINADE,Jacques,2017,0
62253,DUPONT-AIGNAN,Nicolas,2017,7
62253,FILLON,François,2017,12
62253,HAMON,Benoît,2017,7
62253,LASSALLE,Jean,2017,0
62253,LE PEN,Marine,2017,18
62253,MACRON,Emmanuel,2017,5
62253,MÉLENCHON,Jean-Luc,2017,7
62253,POUTOU,Philippe,2017,1
62254,ARTHAUD,Nathalie,2017,3
62254,ASSELINEAU,François,2017,0
62254,CHEMINADE,Jacques,2017,0
62254,DUPONT-AIGNAN,Nicolas,2017,11
62254,FILLON,François,2017,85
62254,HAMON,Benoît,2017,28
62254,LASSALLE,Jean,2017,0
62254,LE PEN,Marine,2017,108
62254,MACRON,Emmanuel,2017,79
62254,MÉLENCHON,Jean-Luc,2017,67
62254,POUTOU,Philippe,2017,3
62255,ARTHAUD,Nathalie,2017,1
62255,ASSELINEAU,François,2017,2
62255,CHEMINADE,Jacques,2017,2
62255,DUPONT-AIGNAN,Nicolas,2017,29
62255,FILLON,François,2017,110
62255,HAMON,Benoît,2017,15
62255,LASSALLE,Jean,2017,8
62255,LE PEN,Marine,2017,130
62255,MACRON,Emmanuel,2017,119
62255,MÉLENCHON,Jean-Luc,2017,71
62255,POUTOU,Philippe,2017,7
62256,ARTHAUD,Nathalie,2017,0
62256,ASSELINEAU,François,2017,1
62256,CHEMINADE,Jacques,2017,0
62256,DUPONT-AIGNAN,Nicolas,2017,10
62256,FILLON,François,2017,43
62256,HAMON,Benoît,2017,4
62256,LASSALLE,Jean,2017,0
62256,LE PEN,Marine,2017,29
62256,MACRON,Emmanuel,2017,11
62256,MÉLENCHON,Jean-Luc,2017,8
62256,POUTOU,Philippe,2017,0
62257,ARTHAUD,Nathalie,2017,4
62257,ASSELINEAU,François,2017,0
62257,CHEMINADE,Jacques,2017,0
62257,DUPONT-AIGNAN,Nicolas,2017,8
62257,FILLON,François,2017,88
62257,HAMON,Benoît,2017,12
62257,LASSALLE,Jean,2017,3
62257,LE PEN,Marine,2017,62
62257,MACRON,Emmanuel,2017,63
62257,MÉLENCHON,Jean-Luc,2017,44
62257,POUTOU,Philippe,2017,1
62258,ARTHAUD,Nathalie,2017,4
62258,ASSELINEAU,François,2017,1
62258,CHEMINADE,Jacques,2017,0
62258,DUPONT-AIGNAN,Nicolas,2017,15
62258,FILLON,François,2017,53
62258,HAMON,Benoît,2017,9
62258,LASSALLE,Jean,2017,4
62258,LE PEN,Marine,2017,49
62258,MACRON,Emmanuel,2017,42
62258,MÉLENCHON,Jean-Luc,2017,14
62258,POUTOU,Philippe,2017,0
62259,ARTHAUD,Nathalie,2017,9
62259,ASSELINEAU,François,2017,4
62259,CHEMINADE,Jacques,2017,2
62259,DUPONT-AIGNAN,Nicolas,2017,55
62259,FILLON,François,2017,161
62259,HAMON,Benoît,2017,47
62259,LASSALLE,Jean,2017,9
62259,LE PEN,Marine,2017,369
62259,MACRON,Emmanuel,2017,216
62259,MÉLENCHON,Jean-Luc,2017,165
62259,POUTOU,Philippe,2017,9
62260,ARTHAUD,Nathalie,2017,2
62260,ASSELINEAU,François,2017,0
62260,CHEMINADE,Jacques,2017,0
62260,DUPONT-AIGNAN,Nicolas,2017,10
62260,FILLON,François,2017,21
62260,HAMON,Benoît,2017,2
62260,LASSALLE,Jean,2017,2
62260,LE PEN,Marine,2017,93
62260,MACRON,Emmanuel,2017,29
62260,MÉLENCHON,Jean-Luc,2017,29
62260,POUTOU,Philippe,2017,3
62261,ARTHAUD,Nathalie,2017,23
62261,ASSELINEAU,François,2017,17
62261,CHEMINADE,Jacques,2017,5
62261,DUPONT-AIGNAN,Nicolas,2017,165
62261,FILLON,François,2017,942
62261,HAMON,Benoît,2017,87
62261,LASSALLE,Jean,2017,24
62261,LE PEN,Marine,2017,665
62261,MACRON,Emmanuel,2017,1030
62261,MÉLENCHON,Jean-Luc,2017,389
62261,POUTOU,Philippe,2017,23
62262,ARTHAUD,Nathalie,2017,14
62262,ASSELINEAU,François,2017,5
62262,CHEMINADE,Jacques,2017,3
62262,DUPONT-AIGNAN,Nicolas,2017,63
62262,FILLON,François,2017,125
62262,HAMON,Benoît,2017,82
62262,LASSALLE,Jean,2017,10
62262,LE PEN,Marine,2017,354
62262,MACRON,Emmanuel,2017,173
62262,MÉLENCHON,Jean-Luc,2017,201
62262,POUTOU,Philippe,2017,20
62263,ARTHAUD,Nathalie,2017,27
62263,ASSELINEAU,François,2017,21
62263,CHEMINADE,Jacques,2017,2
62263,DUPONT-AIGNAN,Nicolas,2017,192
62263,FILLON,François,2017,651
62263,HAMON,Benoît,2017,289
62263,LASSALLE,Jean,2017,35
62263,LE PEN,Marine,2017,726
62263,MACRON,Emmanuel,2017,1050
62263,MÉLENCHON,Jean-Luc,2017,612
62263,POUTOU,Philippe,2017,26
62264,ARTHAUD,Nathalie,2017,8
62264,ASSELINEAU,François,2017,3
62264,CHEMINADE,Jacques,2017,1
62264,DUPONT-AIGNAN,Nicolas,2017,40
62264,FILLON,François,2017,73
62264,HAMON,Benoît,2017,32
62264,LASSALLE,Jean,2017,8
62264,LE PEN,Marine,2017,333
62264,MACRON,Emmanuel,2017,166
62264,MÉLENCHON,Jean-Luc,2017,152
62264,POUTOU,Philippe,2017,6
62265,ARTHAUD,Nathalie,2017,4
62265,ASSELINEAU,François,2017,2
62265,CHEMINADE,Jacques,2017,1
62265,DUPONT-AIGNAN,Nicolas,2017,49
62265,FILLON,François,2017,131
62265,HAMON,Benoît,2017,30
62265,LASSALLE,Jean,2017,0
62265,LE PEN,Marine,2017,230
62265,MACRON,Emmanuel,2017,144
62265,MÉLENCHON,Jean-Luc,2017,147
62265,POUTOU,Philippe,2017,7
62266,ARTHAUD,Nathalie,2017,3
62266,ASSELINEAU,François,2017,0
62266,CHEMINADE,Jacques,2017,0
62266,DUPONT-AIGNAN,Nicolas,2017,1
62266,FILLON,François,2017,7
62266,HAMON,Benoît,2017,2
62266,LASSALLE,Jean,2017,1
62266,LE PEN,Marine,2017,13
62266,MACRON,Emmanuel,2017,5
62266,MÉLENCHON,Jean-Luc,2017,7
62266,POUTOU,Philippe,2017,0
62267,ARTHAUD,Nathalie,2017,6
62267,ASSELINEAU,François,2017,4
62267,CHEMINADE,Jacques,2017,0
62267,DUPONT-AIGNAN,Nicolas,2017,17
62267,FILLON,François,2017,42
62267,HAMON,Benoît,2017,21
62267,LASSALLE,Jean,2017,1
62267,LE PEN,Marine,2017,74
62267,MACRON,Emmanuel,2017,47
62267,MÉLENCHON,Jean-Luc,2017,39
62267,POUTOU,Philippe,2017,0
62268,ARTHAUD,Nathalie,2017,20
62268,ASSELINEAU,François,2017,17
62268,CHEMINADE,Jacques,2017,4
62268,DUPONT-AIGNAN,Nicolas,2017,108
62268,FILLON,François,2017,297
62268,HAMON,Benoît,2017,182
62268,LASSALLE,Jean,2017,17
62268,LE PEN,Marine,2017,792
62268,MACRON,Emmanuel,2017,517
62268,MÉLENCHON,Jean-Luc,2017,562
62268,POUTOU,Philippe,2017,32
62269,ARTHAUD,Nathalie,2017,6
62269,ASSELINEAU,François,2017,0
62269,CHEMINADE,Jacques,2017,1
62269,DUPONT-AIGNAN,Nicolas,2017,35
62269,FILLON,François,2017,63
62269,HAMON,Benoît,2017,25
62269,LASSALLE,Jean,2017,3
62269,LE PEN,Marine,2017,149
62269,MACRON,Emmanuel,2017,88
62269,MÉLENCHON,Jean-Luc,2017,98
62269,POUTOU,Philippe,2017,2
62270,ARTHAUD,Nathalie,2017,50
62270,ASSELINEAU,François,2017,26
62270,CHEMINADE,Jacques,2017,6
62270,DUPONT-AIGNAN,Nicolas,2017,141
62270,FILLON,François,2017,225
62270,HAMON,Benoît,2017,162
62270,LASSALLE,Jean,2017,19
62270,LE PEN,Marine,2017,1569
62270,MACRON,Emmanuel,2017,445
62270,MÉLENCHON,Jean-Luc,2017,927
62270,POUTOU,Philippe,2017,46
62271,ARTHAUD,Nathalie,2017,5
62271,ASSELINEAU,François,2017,1
62271,CHEMINADE,Jacques,2017,1
62271,DUPONT-AIGNAN,Nicolas,2017,18
62271,FILLON,François,2017,108
62271,HAMON,Benoît,2017,24
62271,LASSALLE,Jean,2017,1
62271,LE PEN,Marine,2017,168
62271,MACRON,Emmanuel,2017,85
62271,MÉLENCHON,Jean-Luc,2017,55
62271,POUTOU,Philippe,2017,5
62272,ARTHAUD,Nathalie,2017,2
62272,ASSELINEAU,François,2017,1
62272,CHEMINADE,Jacques,2017,2
62272,DUPONT-AIGNAN,Nicolas,2017,15
62272,FILLON,François,2017,39
62272,HAMON,Benoît,2017,5
62272,LASSALLE,Jean,2017,4
62272,LE PEN,Marine,2017,54
62272,MACRON,Emmanuel,2017,36
62272,MÉLENCHON,Jean-Luc,2017,25
62272,POUTOU,Philippe,2017,1
62273,ARTHAUD,Nathalie,2017,4
62273,ASSELINEAU,François,2017,1
62273,CHEMINADE,Jacques,2017,1
62273,DUPONT-AIGNAN,Nicolas,2017,33
62273,FILLON,François,2017,95
62273,HAMON,Benoît,2017,8
62273,LASSALLE,Jean,2017,2
62273,LE PEN,Marine,2017,105
62273,MACRON,Emmanuel,2017,70
62273,MÉLENCHON,Jean-Luc,2017,58
62273,POUTOU,Philippe,2017,0
62274,ARTHAUD,Nathalie,2017,25
62274,ASSELINEAU,François,2017,38
62274,CHEMINADE,Jacques,2017,4
62274,DUPONT-AIGNAN,Nicolas,2017,144
62274,FILLON,François,2017,320
62274,HAMON,Benoît,2017,174
62274,LASSALLE,Jean,2017,25
62274,LE PEN,Marine,2017,1326
62274,MACRON,Emmanuel,2017,516
62274,MÉLENCHON,Jean-Luc,2017,692
62274,POUTOU,Philippe,2017,30
62275,ARTHAUD,Nathalie,2017,1
62275,ASSELINEAU,François,2017,0
62275,CHEMINADE,Jacques,2017,2
62275,DUPONT-AIGNAN,Nicolas,2017,8
62275,FILLON,François,2017,39
62275,HAMON,Benoît,2017,8
62275,LASSALLE,Jean,2017,0
62275,LE PEN,Marine,2017,48
62275,MACRON,Emmanuel,2017,33
62275,MÉLENCHON,Jean-Luc,2017,40
62275,POUTOU,Philippe,2017,1
62276,ARTHAUD,Nathalie,2017,30
62276,ASSELINEAU,François,2017,13
62276,CHEMINADE,Jacques,2017,7
62276,DUPONT-AIGNAN,Nicolas,2017,178
62276,FILLON,François,2017,344
62276,HAMON,Benoît,2017,144
62276,LASSALLE,Jean,2017,18
62276,LE PEN,Marine,2017,1320
62276,MACRON,Emmanuel,2017,460
62276,MÉLENCHON,Jean-Luc,2017,609
62276,POUTOU,Philippe,2017,30
62277,ARTHAUD,Nathalie,2017,18
62277,ASSELINEAU,François,2017,9
62277,CHEMINADE,Jacques,2017,1
62277,DUPONT-AIGNAN,Nicolas,2017,47
62277,FILLON,François,2017,96
62277,HAMON,Benoît,2017,57
62277,LASSALLE,Jean,2017,12
62277,LE PEN,Marine,2017,769
62277,MACRON,Emmanuel,2017,196
62277,MÉLENCHON,Jean-Luc,2017,388
62277,POUTOU,Philippe,2017,17
62278,ARTHAUD,Nathalie,2017,2
62278,ASSELINEAU,François,2017,2
62278,CHEMINADE,Jacques,2017,0
62278,DUPONT-AIGNAN,Nicolas,2017,19
62278,FILLON,François,2017,60
62278,HAMON,Benoît,2017,24
62278,LASSALLE,Jean,2017,4
62278,LE PEN,Marine,2017,92
62278,MACRON,Emmanuel,2017,92
62278,MÉLENCHON,Jean-Luc,2017,69
62278,POUTOU,Philippe,2017,3
62279,ARTHAUD,Nathalie,2017,4
62279,ASSELINEAU,François,2017,8
62279,CHEMINADE,Jacques,2017,2
62279,DUPONT-AIGNAN,Nicolas,2017,56
62279,FILLON,François,2017,304
62279,HAMON,Benoît,2017,31
62279,LASSALLE,Jean,2017,4
62279,LE PEN,Marine,2017,169
62279,MACRON,Emmanuel,2017,220
62279,MÉLENCHON,Jean-Luc,2017,117
62279,POUTOU,Philippe,2017,2
62280,ARTHAUD,Nathalie,2017,3
62280,ASSELINEAU,François,2017,0
62280,CHEMINADE,Jacques,2017,0
62280,DUPONT-AIGNAN,Nicolas,2017,11
62280,FILLON,François,2017,42
62280,HAMON,Benoît,2017,12
62280,LASSALLE,Jean,2017,1
62280,LE PEN,Marine,2017,73
62280,MACRON,Emmanuel,2017,39
62280,MÉLENCHON,Jean-Luc,2017,42
62280,POUTOU,Philippe,2017,4
62281,ARTHAUD,Nathalie,2017,2
62281,ASSELINEAU,François,2017,1
62281,CHEMINADE,Jacques,2017,0
62281,DUPONT-AIGNAN,Nicolas,2017,16
62281,FILLON,François,2017,67
62281,HAMON,Benoît,2017,10
62281,LASSALLE,Jean,2017,3
62281,LE PEN,Marine,2017,44
62281,MACRON,Emmanuel,2017,68
62281,MÉLENCHON,Jean-Luc,2017,30
62281,POUTOU,Philippe,2017,2
62282,ARTHAUD,Nathalie,2017,0
62282,ASSELINEAU,François,2017,0
62282,CHEMINADE,Jacques,2017,0
62282,DUPONT-AIGNAN,Nicolas,2017,8
62282,FILLON,François,2017,23
62282,HAMON,Benoît,2017,5
62282,LASSALLE,Jean,2017,0
62282,LE PEN,Marine,2017,47
62282,MACRON,Emmanuel,2017,15
62282,MÉLENCHON,Jean-Luc,2017,15
62282,POUTOU,Philippe,2017,1
62283,ARTHAUD,Nathalie,2017,0
62283,ASSELINEAU,François,2017,0
62283,CHEMINADE,Jacques,2017,0
62283,DUPONT-AIGNAN,Nicolas,2017,3
62283,FILLON,François,2017,21
62283,HAMON,Benoît,2017,1
62283,LASSALLE,Jean,2017,0
62283,LE PEN,Marine,2017,41
62283,MACRON,Emmanuel,2017,4
62283,MÉLENCHON,Jean-Luc,2017,10
62283,POUTOU,Philippe,2017,0
62284,ARTHAUD,Nathalie,2017,14
62284,ASSELINEAU,François,2017,7
62284,CHEMINADE,Jacques,2017,2
62284,DUPONT-AIGNAN,Nicolas,2017,48
62284,FILLON,François,2017,130
62284,HAMON,Benoît,2017,47
62284,LASSALLE,Jean,2017,8
62284,LE PEN,Marine,2017,439
62284,MACRON,Emmanuel,2017,172
62284,MÉLENCHON,Jean-Luc,2017,187
62284,POUTOU,Philippe,2017,7
62285,ARTHAUD,Nathalie,2017,3
62285,ASSELINEAU,François,2017,3
62285,CHEMINADE,Jacques,2017,0
62285,DUPONT-AIGNAN,Nicolas,2017,15
62285,FILLON,François,2017,64
62285,HAMON,Benoît,2017,12
62285,LASSALLE,Jean,2017,3
62285,LE PEN,Marine,2017,97
62285,MACRON,Emmanuel,2017,75
62285,MÉLENCHON,Jean-Luc,2017,50
62285,POUTOU,Philippe,2017,2
62286,ARTHAUD,Nathalie,2017,5
62286,ASSELINEAU,François,2017,4
62286,CHEMINADE,Jacques,2017,1
62286,DUPONT-AIGNAN,Nicolas,2017,21
62286,FILLON,François,2017,52
62286,HAMON,Benoît,2017,13
62286,LASSALLE,Jean,2017,3
62286,LE PEN,Marine,2017,98
62286,MACRON,Emmanuel,2017,57
62286,MÉLENCHON,Jean-Luc,2017,49
62286,POUTOU,Philippe,2017,3
62288,ARTHAUD,Nathalie,2017,17
62288,ASSELINEAU,François,2017,4
62288,CHEMINADE,Jacques,2017,0
62288,DUPONT-AIGNAN,Nicolas,2017,79
62288,FILLON,François,2017,183
62288,HAMON,Benoît,2017,57
62288,LASSALLE,Jean,2017,15
62288,LE PEN,Marine,2017,433
62288,MACRON,Emmanuel,2017,327
62288,MÉLENCHON,Jean-Luc,2017,246
62288,POUTOU,Philippe,2017,24
62289,ARTHAUD,Nathalie,2017,9
62289,ASSELINEAU,François,2017,4
62289,CHEMINADE,Jacques,2017,1
62289,DUPONT-AIGNAN,Nicolas,2017,41
62289,FILLON,François,2017,78
62289,HAMON,Benoît,2017,27
62289,LASSALLE,Jean,2017,5
62289,LE PEN,Marine,2017,93
62289,MACRON,Emmanuel,2017,121
62289,MÉLENCHON,Jean-Luc,2017,80
62289,POUTOU,Philippe,2017,7
62290,ARTHAUD,Nathalie,2017,2
62290,ASSELINEAU,François,2017,1
62290,CHEMINADE,Jacques,2017,0
62290,DUPONT-AIGNAN,Nicolas,2017,23
62290,FILLON,François,2017,69
62290,HAMON,Benoît,2017,10
62290,LASSALLE,Jean,2017,1
62290,LE PEN,Marine,2017,57
62290,MACRON,Emmanuel,2017,48
62290,MÉLENCHON,Jean-Luc,2017,36
62290,POUTOU,Philippe,2017,3
62291,ARTHAUD,Nathalie,2017,13
62291,ASSELINEAU,François,2017,8
62291,CHEMINADE,Jacques,2017,1
62291,DUPONT-AIGNAN,Nicolas,2017,95
62291,FILLON,François,2017,118
62291,HAMON,Benoît,2017,107
62291,LASSALLE,Jean,2017,10
62291,LE PEN,Marine,2017,636
62291,MACRON,Emmanuel,2017,231
62291,MÉLENCHON,Jean-Luc,2017,334
62291,POUTOU,Philippe,2017,22
62292,ARTHAUD,Nathalie,2017,6
62292,ASSELINEAU,François,2017,2
62292,CHEMINADE,Jacques,2017,1
62292,DUPONT-AIGNAN,Nicolas,2017,34
62292,FILLON,François,2017,72
62292,HAMON,Benoît,2017,35
62292,LASSALLE,Jean,2017,2
62292,LE PEN,Marine,2017,198
62292,MACRON,Emmanuel,2017,108
62292,MÉLENCHON,Jean-Luc,2017,92
62292,POUTOU,Philippe,2017,6
62293,ARTHAUD,Nathalie,2017,1
62293,ASSELINEAU,François,2017,1
62293,CHEMINADE,Jacques,2017,0
62293,DUPONT-AIGNAN,Nicolas,2017,7
62293,FILLON,François,2017,35
62293,HAMON,Benoît,2017,3
62293,LASSALLE,Jean,2017,1
62293,LE PEN,Marine,2017,41
62293,MACRON,Emmanuel,2017,42
62293,MÉLENCHON,Jean-Luc,2017,18
62293,POUTOU,Philippe,2017,1
62295,ARTHAUD,Nathalie,2017,11
62295,ASSELINEAU,François,2017,4
62295,CHEMINADE,Jacques,2017,0
62295,DUPONT-AIGNAN,Nicolas,2017,53
62295,FILLON,François,2017,144
62295,HAMON,Benoît,2017,60
62295,LASSALLE,Jean,2017,7
62295,LE PEN,Marine,2017,349
62295,MACRON,Emmanuel,2017,150
62295,MÉLENCHON,Jean-Luc,2017,163
62295,POUTOU,Philippe,2017,9
62296,ARTHAUD,Nathalie,2017,0
62296,ASSELINEAU,François,2017,0
62296,CHEMINADE,Jacques,2017,0
62296,DUPONT-AIGNAN,Nicolas,2017,13
62296,FILLON,François,2017,29
62296,HAMON,Benoît,2017,11
62296,LASSALLE,Jean,2017,2
62296,LE PEN,Marine,2017,36
62296,MACRON,Emmanuel,2017,40
62296,MÉLENCHON,Jean-Luc,2017,15
62296,POUTOU,Philippe,2017,0
62297,ARTHAUD,Nathalie,2017,16
62297,ASSELINEAU,François,2017,14
62297,CHEMINADE,Jacques,2017,5
62297,DUPONT-AIGNAN,Nicolas,2017,136
62297,FILLON,François,2017,269
62297,HAMON,Benoît,2017,114
62297,LASSALLE,Jean,2017,22
62297,LE PEN,Marine,2017,671
62297,MACRON,Emmanuel,2017,458
62297,MÉLENCHON,Jean-Luc,2017,319
62297,POUTOU,Philippe,2017,27
62298,ARTHAUD,Nathalie,2017,0
62298,ASSELINEAU,François,2017,0
62298,CHEMINADE,Jacques,2017,0
62298,DUPONT-AIGNAN,Nicolas,2017,18
62298,FILLON,François,2017,67
62298,HAMON,Benoît,2017,8
62298,LASSALLE,Jean,2017,5
62298,LE PEN,Marine,2017,127
62298,MACRON,Emmanuel,2017,49
62298,MÉLENCHON,Jean-Luc,2017,45
62298,POUTOU,Philippe,2017,1
62299,ARTHAUD,Nathalie,2017,1
62299,ASSELINEAU,François,2017,0
62299,CHEMINADE,Jacques,2017,0
62299,DUPONT-AIGNAN,Nicolas,2017,12
62299,FILLON,François,2017,40
62299,HAMON,Benoît,2017,11
62299,LASSALLE,Jean,2017,1
62299,LE PEN,Marine,2017,66
62299,MACRON,Emmanuel,2017,30
62299,MÉLENCHON,Jean-Luc,2017,16
62299,POUTOU,Philippe,2017,2
62300,ARTHAUD,Nathalie,2017,28
62300,ASSELINEAU,François,2017,8
62300,CHEMINADE,Jacques,2017,3
62300,DUPONT-AIGNAN,Nicolas,2017,71
62300,FILLON,François,2017,207
62300,HAMON,Benoît,2017,65
62300,LASSALLE,Jean,2017,12
62300,LE PEN,Marine,2017,646
62300,MACRON,Emmanuel,2017,309
62300,MÉLENCHON,Jean-Luc,2017,311
62300,POUTOU,Philippe,2017,12
62301,ARTHAUD,Nathalie,2017,0
62301,ASSELINEAU,François,2017,0
62301,CHEMINADE,Jacques,2017,0
62301,DUPONT-AIGNAN,Nicolas,2017,1
62301,FILLON,François,2017,14
62301,HAMON,Benoît,2017,2
62301,LASSALLE,Jean,2017,3
62301,LE PEN,Marine,2017,10
62301,MACRON,Emmanuel,2017,9
62301,MÉLENCHON,Jean-Luc,2017,6
62301,POUTOU,Philippe,2017,0
62302,ARTHAUD,Nathalie,2017,0
62302,ASSELINEAU,François,2017,0
62302,CHEMINADE,Jacques,2017,0
62302,DUPONT-AIGNAN,Nicolas,2017,6
62302,FILLON,François,2017,34
62302,HAMON,Benoît,2017,9
62302,LASSALLE,Jean,2017,2
62302,LE PEN,Marine,2017,25
62302,MACRON,Emmanuel,2017,28
62302,MÉLENCHON,Jean-Luc,2017,31
62302,POUTOU,Philippe,2017,1
62303,ARTHAUD,Nathalie,2017,2
62303,ASSELINEAU,François,2017,3
62303,CHEMINADE,Jacques,2017,0
62303,DUPONT-AIGNAN,Nicolas,2017,6
62303,FILLON,François,2017,10
62303,HAMON,Benoît,2017,7
62303,LASSALLE,Jean,2017,1
62303,LE PEN,Marine,2017,55
62303,MACRON,Emmanuel,2017,16
62303,MÉLENCHON,Jean-Luc,2017,24
62303,POUTOU,Philippe,2017,2
62304,ARTHAUD,Nathalie,2017,4
62304,ASSELINEAU,François,2017,5
62304,CHEMINADE,Jacques,2017,2
62304,DUPONT-AIGNAN,Nicolas,2017,12
62304,FILLON,François,2017,51
62304,HAMON,Benoît,2017,9
62304,LASSALLE,Jean,2017,2
62304,LE PEN,Marine,2017,68
62304,MACRON,Emmanuel,2017,43
62304,MÉLENCHON,Jean-Luc,2017,15
62304,POUTOU,Philippe,2017,3
62306,ARTHAUD,Nathalie,2017,1
62306,ASSELINEAU,François,2017,1
62306,CHEMINADE,Jacques,2017,0
62306,DUPONT-AIGNAN,Nicolas,2017,17
62306,FILLON,François,2017,44
62306,HAMON,Benoît,2017,16
62306,LASSALLE,Jean,2017,1
62306,LE PEN,Marine,2017,78
62306,MACRON,Emmanuel,2017,43
62306,MÉLENCHON,Jean-Luc,2017,38
62306,POUTOU,Philippe,2017,1
62307,ARTHAUD,Nathalie,2017,2
62307,ASSELINEAU,François,2017,2
62307,CHEMINADE,Jacques,2017,0
62307,DUPONT-AIGNAN,Nicolas,2017,2
62307,FILLON,François,2017,50
62307,HAMON,Benoît,2017,7
62307,LASSALLE,Jean,2017,0
62307,LE PEN,Marine,2017,25
62307,MACRON,Emmanuel,2017,44
62307,MÉLENCHON,Jean-Luc,2017,29
62307,POUTOU,Philippe,2017,0
62308,ARTHAUD,Nathalie,2017,1
62308,ASSELINEAU,François,2017,0
62308,CHEMINADE,Jacques,2017,4
62308,DUPONT-AIGNAN,Nicolas,2017,25
62308,FILLON,François,2017,43
62308,HAMON,Benoît,2017,26
62308,LASSALLE,Jean,2017,1
62308,LE PEN,Marine,2017,104
62308,MACRON,Emmanuel,2017,60
62308,MÉLENCHON,Jean-Luc,2017,29
62308,POUTOU,Philippe,2017,4
62309,ARTHAUD,Nathalie,2017,16
62309,ASSELINEAU,François,2017,4
62309,CHEMINADE,Jacques,2017,2
62309,DUPONT-AIGNAN,Nicolas,2017,48
62309,FILLON,François,2017,113
62309,HAMON,Benoît,2017,65
62309,LASSALLE,Jean,2017,5
62309,LE PEN,Marine,2017,339
62309,MACRON,Emmanuel,2017,170
62309,MÉLENCHON,Jean-Luc,2017,181
62309,POUTOU,Philippe,2017,17
62310,ARTHAUD,Nathalie,2017,7
62310,ASSELINEAU,François,2017,2
62310,CHEMINADE,Jacques,2017,0
62310,DUPONT-AIGNAN,Nicolas,2017,56
62310,FILLON,François,2017,170
62310,HAMON,Benoît,2017,55
62310,LASSALLE,Jean,2017,7
62310,LE PEN,Marine,2017,397
62310,MACRON,Emmanuel,2017,233
62310,MÉLENCHON,Jean-Luc,2017,217
62310,POUTOU,Philippe,2017,9
62311,ARTHAUD,Nathalie,2017,9
62311,ASSELINEAU,François,2017,6
62311,CHEMINADE,Jacques,2017,0
62311,DUPONT-AIGNAN,Nicolas,2017,58
62311,FILLON,François,2017,122
62311,HAMON,Benoît,2017,73
62311,LASSALLE,Jean,2017,7
62311,LE PEN,Marine,2017,529
62311,MACRON,Emmanuel,2017,212
62311,MÉLENCHON,Jean-Luc,2017,198
62311,POUTOU,Philippe,2017,10
62312,ARTHAUD,Nathalie,2017,0
62312,ASSELINEAU,François,2017,1
62312,CHEMINADE,Jacques,2017,0
62312,DUPONT-AIGNAN,Nicolas,2017,10
62312,FILLON,François,2017,35
62312,HAMON,Benoît,2017,4
62312,LASSALLE,Jean,2017,1
62312,LE PEN,Marine,2017,47
62312,MACRON,Emmanuel,2017,44
62312,MÉLENCHON,Jean-Luc,2017,25
62312,POUTOU,Philippe,2017,0
62313,ARTHAUD,Nathalie,2017,3
62313,ASSELINEAU,François,2017,2
62313,CHEMINADE,Jacques,2017,0
62313,DUPONT-AIGNAN,Nicolas,2017,29
62313,FILLON,François,2017,63
62313,HAMON,Benoît,2017,19
62313,LASSALLE,Jean,2017,4
62313,LE PEN,Marine,2017,240
62313,MACRON,Emmanuel,2017,97
62313,MÉLENCHON,Jean-Luc,2017,81
62313,POUTOU,Philippe,2017,2
62314,ARTHAUD,Nathalie,2017,4
62314,ASSELINEAU,François,2017,1
62314,CHEMINADE,Jacques,2017,0
62314,DUPONT-AIGNAN,Nicolas,2017,14
62314,FILLON,François,2017,37
62314,HAMON,Benoît,2017,9
62314,LASSALLE,Jean,2017,1
62314,LE PEN,Marine,2017,68
62314,MACRON,Emmanuel,2017,46
62314,MÉLENCHON,Jean-Luc,2017,44
62314,POUTOU,Philippe,2017,2
62315,ARTHAUD,Nathalie,2017,4
62315,ASSELINEAU,François,2017,2
62315,CHEMINADE,Jacques,2017,1
62315,DUPONT-AIGNAN,Nicolas,2017,23
62315,FILLON,François,2017,49
62315,HAMON,Benoît,2017,12
62315,LASSALLE,Jean,2017,0
62315,LE PEN,Marine,2017,56
62315,MACRON,Emmanuel,2017,63
62315,MÉLENCHON,Jean-Luc,2017,22
62315,POUTOU,Philippe,2017,4
62316,ARTHAUD,Nathalie,2017,0
62316,ASSELINEAU,François,2017,1
62316,CHEMINADE,Jacques,2017,0
62316,DUPONT-AIGNAN,Nicolas,2017,4
62316,FILLON,François,2017,38
62316,HAMON,Benoît,2017,3
62316,LASSALLE,Jean,2017,1
62316,LE PEN,Marine,2017,47
62316,MACRON,Emmanuel,2017,24
62316,MÉLENCHON,Jean-Luc,2017,13
62316,POUTOU,Philippe,2017,0
62317,ARTHAUD,Nathalie,2017,4
62317,ASSELINEAU,François,2017,1
62317,CHEMINADE,Jacques,2017,0
62317,DUPONT-AIGNAN,Nicolas,2017,18
62317,FILLON,François,2017,45
62317,HAMON,Benoît,2017,10
62317,LASSALLE,Jean,2017,1
62317,LE PEN,Marine,2017,91
62317,MACRON,Emmanuel,2017,43
62317,MÉLENCHON,Jean-Luc,2017,40
62317,POUTOU,Philippe,2017,3
62318,ARTHAUD,Nathalie,2017,69
62318,ASSELINEAU,François,2017,46
62318,CHEMINADE,Jacques,2017,8
62318,DUPONT-AIGNAN,Nicolas,2017,253
62318,FILLON,François,2017,889
62318,HAMON,Benoît,2017,187
62318,LASSALLE,Jean,2017,49
62318,LE PEN,Marine,2017,1996
62318,MACRON,Emmanuel,2017,1413
62318,MÉLENCHON,Jean-Luc,2017,888
62318,POUTOU,Philippe,2017,94
62319,ARTHAUD,Nathalie,2017,1
62319,ASSELINEAU,François,2017,0
62319,CHEMINADE,Jacques,2017,0
62319,DUPONT-AIGNAN,Nicolas,2017,3
62319,FILLON,François,2017,43
62319,HAMON,Benoît,2017,7
62319,LASSALLE,Jean,2017,2
62319,LE PEN,Marine,2017,64
62319,MACRON,Emmanuel,2017,36
62319,MÉLENCHON,Jean-Luc,2017,30
62319,POUTOU,Philippe,2017,3
62320,ARTHAUD,Nathalie,2017,0
62320,ASSELINEAU,François,2017,3
62320,CHEMINADE,Jacques,2017,0
62320,DUPONT-AIGNAN,Nicolas,2017,21
62320,FILLON,François,2017,46
62320,HAMON,Benoît,2017,10
62320,LASSALLE,Jean,2017,2
62320,LE PEN,Marine,2017,51
62320,MACRON,Emmanuel,2017,50
62320,MÉLENCHON,Jean-Luc,2017,23
62320,POUTOU,Philippe,2017,0
62321,ARTHAUD,Nathalie,2017,17
62321,ASSELINEAU,François,2017,27
62321,CHEMINADE,Jacques,2017,4
62321,DUPONT-AIGNAN,Nicolas,2017,105
62321,FILLON,François,2017,188
62321,HAMON,Benoît,2017,133
62321,LASSALLE,Jean,2017,11
62321,LE PEN,Marine,2017,1016
62321,MACRON,Emmanuel,2017,340
62321,MÉLENCHON,Jean-Luc,2017,564
62321,POUTOU,Philippe,2017,28
62322,ARTHAUD,Nathalie,2017,0
62322,ASSELINEAU,François,2017,0
62322,CHEMINADE,Jacques,2017,0
62322,DUPONT-AIGNAN,Nicolas,2017,5
62322,FILLON,François,2017,21
62322,HAMON,Benoît,2017,2
62322,LASSALLE,Jean,2017,1
62322,LE PEN,Marine,2017,31
62322,MACRON,Emmanuel,2017,16
62322,MÉLENCHON,Jean-Luc,2017,6
62322,POUTOU,Philippe,2017,1
62323,ARTHAUD,Nathalie,2017,3
62323,ASSELINEAU,François,2017,0
62323,CHEMINADE,Jacques,2017,0
62323,DUPONT-AIGNAN,Nicolas,2017,54
62323,FILLON,François,2017,163
62323,HAMON,Benoît,2017,46
62323,LASSALLE,Jean,2017,6
62323,LE PEN,Marine,2017,217
62323,MACRON,Emmanuel,2017,168
62323,MÉLENCHON,Jean-Luc,2017,111
62323,POUTOU,Philippe,2017,7
62324,ARTHAUD,Nathalie,2017,4
62324,ASSELINEAU,François,2017,4
62324,CHEMINADE,Jacques,2017,1
62324,DUPONT-AIGNAN,Nicolas,2017,26
62324,FILLON,François,2017,76
62324,HAMON,Benoît,2017,20
62324,LASSALLE,Jean,2017,4
62324,LE PEN,Marine,2017,98
62324,MACRON,Emmanuel,2017,101
62324,MÉLENCHON,Jean-Luc,2017,47
62324,POUTOU,Philippe,2017,3
62325,ARTHAUD,Nathalie,2017,9
62325,ASSELINEAU,François,2017,2
62325,CHEMINADE,Jacques,2017,0
62325,DUPONT-AIGNAN,Nicolas,2017,34
62325,FILLON,François,2017,119
62325,HAMON,Benoît,2017,34
62325,LASSALLE,Jean,2017,4
62325,LE PEN,Marine,2017,183
62325,MACRON,Emmanuel,2017,102
62325,MÉLENCHON,Jean-Luc,2017,68
62325,POUTOU,Philippe,2017,11
62326,ARTHAUD,Nathalie,2017,5
62326,ASSELINEAU,François,2017,0
62326,CHEMINADE,Jacques,2017,0
62326,DUPONT-AIGNAN,Nicolas,2017,8
62326,FILLON,François,2017,18
62326,HAMON,Benoît,2017,5
62326,LASSALLE,Jean,2017,0
62326,LE PEN,Marine,2017,76
62326,MACRON,Emmanuel,2017,20
62326,MÉLENCHON,Jean-Luc,2017,29
62326,POUTOU,Philippe,2017,1
62327,ARTHAUD,Nathalie,2017,3
62327,ASSELINEAU,François,2017,2
62327,CHEMINADE,Jacques,2017,0
62327,DUPONT-AIGNAN,Nicolas,2017,39
62327,FILLON,François,2017,74
62327,HAMON,Benoît,2017,25
62327,LASSALLE,Jean,2017,2
62327,LE PEN,Marine,2017,143
62327,MACRON,Emmanuel,2017,38
62327,MÉLENCHON,Jean-Luc,2017,25
62327,POUTOU,Philippe,2017,2
62328,ARTHAUD,Nathalie,2017,14
62328,ASSELINEAU,François,2017,1
62328,CHEMINADE,Jacques,2017,0
62328,DUPONT-AIGNAN,Nicolas,2017,32
62328,FILLON,François,2017,60
62328,HAMON,Benoît,2017,19
62328,LASSALLE,Jean,2017,2
62328,LE PEN,Marine,2017,239
62328,MACRON,Emmanuel,2017,75
62328,MÉLENCHON,Jean-Luc,2017,131
62328,POUTOU,Philippe,2017,4
62329,ARTHAUD,Nathalie,2017,16
62329,ASSELINEAU,François,2017,18
62329,CHEMINADE,Jacques,2017,3
62329,DUPONT-AIGNAN,Nicolas,2017,47
62329,FILLON,François,2017,99
62329,HAMON,Benoît,2017,61
62329,LASSALLE,Jean,2017,2
62329,LE PEN,Marine,2017,424
62329,MACRON,Emmanuel,2017,192
62329,MÉLENCHON,Jean-Luc,2017,278
62329,POUTOU,Philippe,2017,16
62330,ARTHAUD,Nathalie,2017,8
62330,ASSELINEAU,François,2017,9
62330,CHEMINADE,Jacques,2017,1
62330,DUPONT-AIGNAN,Nicolas,2017,50
62330,FILLON,François,2017,180
62330,HAMON,Benoît,2017,26
62330,LASSALLE,Jean,2017,6
62330,LE PEN,Marine,2017,233
62330,MACRON,Emmanuel,2017,175
62330,MÉLENCHON,Jean-Luc,2017,126
62330,POUTOU,Philippe,2017,11
62331,ARTHAUD,Nathalie,2017,9
62331,ASSELINEAU,François,2017,12
62331,CHEMINADE,Jacques,2017,0
62331,DUPONT-AIGNAN,Nicolas,2017,31
62331,FILLON,François,2017,133
62331,HAMON,Benoît,2017,39
62331,LASSALLE,Jean,2017,3
62331,LE PEN,Marine,2017,213
62331,MACRON,Emmanuel,2017,106
62331,MÉLENCHON,Jean-Luc,2017,131
62331,POUTOU,Philippe,2017,4
62332,ARTHAUD,Nathalie,2017,5
62332,ASSELINEAU,François,2017,0
62332,CHEMINADE,Jacques,2017,1
62332,DUPONT-AIGNAN,Nicolas,2017,21
62332,FILLON,François,2017,92
62332,HAMON,Benoît,2017,16
62332,LASSALLE,Jean,2017,2
62332,LE PEN,Marine,2017,100
62332,MACRON,Emmanuel,2017,83
62332,MÉLENCHON,Jean-Luc,2017,47
62332,POUTOU,Philippe,2017,4
62333,ARTHAUD,Nathalie,2017,2
62333,ASSELINEAU,François,2017,0
62333,CHEMINADE,Jacques,2017,0
62333,DUPONT-AIGNAN,Nicolas,2017,15
62333,FILLON,François,2017,55
62333,HAMON,Benoît,2017,10
62333,LASSALLE,Jean,2017,7
62333,LE PEN,Marine,2017,80
62333,MACRON,Emmanuel,2017,37
62333,MÉLENCHON,Jean-Luc,2017,27
62333,POUTOU,Philippe,2017,1
62334,ARTHAUD,Nathalie,2017,4
62334,ASSELINEAU,François,2017,1
62334,CHEMINADE,Jacques,2017,0
62334,DUPONT-AIGNAN,Nicolas,2017,40
62334,FILLON,François,2017,82
62334,HAMON,Benoît,2017,26
62334,LASSALLE,Jean,2017,4
62334,LE PEN,Marine,2017,194
62334,MACRON,Emmanuel,2017,71
62334,MÉLENCHON,Jean-Luc,2017,127
62334,POUTOU,Philippe,2017,4
62335,ARTHAUD,Nathalie,2017,5
62335,ASSELINEAU,François,2017,3
62335,CHEMINADE,Jacques,2017,0
62335,DUPONT-AIGNAN,Nicolas,2017,22
62335,FILLON,François,2017,67
62335,HAMON,Benoît,2017,13
62335,LASSALLE,Jean,2017,5
62335,LE PEN,Marine,2017,91
62335,MACRON,Emmanuel,2017,54
62335,MÉLENCHON,Jean-Luc,2017,35
62335,POUTOU,Philippe,2017,4
62336,ARTHAUD,Nathalie,2017,3
62336,ASSELINEAU,François,2017,1
62336,CHEMINADE,Jacques,2017,0
62336,DUPONT-AIGNAN,Nicolas,2017,24
62336,FILLON,François,2017,77
62336,HAMON,Benoît,2017,15
62336,LASSALLE,Jean,2017,0
62336,LE PEN,Marine,2017,121
62336,MACRON,Emmanuel,2017,49
62336,MÉLENCHON,Jean-Luc,2017,27
62336,POUTOU,Philippe,2017,4
62337,ARTHAUD,Nathalie,2017,1
62337,ASSELINEAU,François,2017,0
62337,CHEMINADE,Jacques,2017,0
62337,DUPONT-AIGNAN,Nicolas,2017,9
62337,FILLON,François,2017,45
62337,HAMON,Benoît,2017,2
62337,LASSALLE,Jean,2017,1
62337,LE PEN,Marine,2017,56
62337,MACRON,Emmanuel,2017,15
62337,MÉLENCHON,Jean-Luc,2017,11
62337,POUTOU,Philippe,2017,3
62338,ARTHAUD,Nathalie,2017,4
62338,ASSELINEAU,François,2017,10
62338,CHEMINADE,Jacques,2017,7
62338,DUPONT-AIGNAN,Nicolas,2017,97
62338,FILLON,François,2017,663
62338,HAMON,Benoît,2017,82
62338,LASSALLE,Jean,2017,12
62338,LE PEN,Marine,2017,303
62338,MACRON,Emmanuel,2017,541
62338,MÉLENCHON,Jean-Luc,2017,189
62338,POUTOU,Philippe,2017,10
62339,ARTHAUD,Nathalie,2017,0
62339,ASSELINEAU,François,2017,0
62339,CHEMINADE,Jacques,2017,0
62339,DUPONT-AIGNAN,Nicolas,2017,1
62339,FILLON,François,2017,13
62339,HAMON,Benoît,2017,4
62339,LASSALLE,Jean,2017,0
62339,LE PEN,Marine,2017,16
62339,MACRON,Emmanuel,2017,9
62339,MÉLENCHON,Jean-Luc,2017,9
62339,POUTOU,Philippe,2017,0
62340,ARTHAUD,Nathalie,2017,9
62340,ASSELINEAU,François,2017,2
62340,CHEMINADE,Jacques,2017,1
62340,DUPONT-AIGNAN,Nicolas,2017,19
62340,FILLON,François,2017,86
62340,HAMON,Benoît,2017,12
62340,LASSALLE,Jean,2017,2
62340,LE PEN,Marine,2017,199
62340,MACRON,Emmanuel,2017,78
62340,MÉLENCHON,Jean-Luc,2017,66
62340,POUTOU,Philippe,2017,0
62341,ARTHAUD,Nathalie,2017,5
62341,ASSELINEAU,François,2017,2
62341,CHEMINADE,Jacques,2017,0
62341,DUPONT-AIGNAN,Nicolas,2017,13
62341,FILLON,François,2017,69
62341,HAMON,Benoît,2017,16
62341,LASSALLE,Jean,2017,4
62341,LE PEN,Marine,2017,90
62341,MACRON,Emmanuel,2017,51
62341,MÉLENCHON,Jean-Luc,2017,30
62341,POUTOU,Philippe,2017,0
62342,ARTHAUD,Nathalie,2017,0
62342,ASSELINEAU,François,2017,1
62342,CHEMINADE,Jacques,2017,0
62342,DUPONT-AIGNAN,Nicolas,2017,7
62342,FILLON,François,2017,16
62342,HAMON,Benoît,2017,5
62342,LASSALLE,Jean,2017,1
62342,LE PEN,Marine,2017,22
62342,MACRON,Emmanuel,2017,9
62342,MÉLENCHON,Jean-Luc,2017,5
62342,POUTOU,Philippe,2017,0
62343,ARTHAUD,Nathalie,2017,1
62343,ASSELINEAU,François,2017,1
62343,CHEMINADE,Jacques,2017,0
62343,DUPONT-AIGNAN,Nicolas,2017,8
62343,FILLON,François,2017,47
62343,HAMON,Benoît,2017,7
62343,LASSALLE,Jean,2017,2
62343,LE PEN,Marine,2017,42
62343,MACRON,Emmanuel,2017,42
62343,MÉLENCHON,Jean-Luc,2017,25
62343,POUTOU,Philippe,2017,1
62344,ARTHAUD,Nathalie,2017,0
62344,ASSELINEAU,François,2017,1
62344,CHEMINADE,Jacques,2017,1
62344,DUPONT-AIGNAN,Nicolas,2017,2
62344,FILLON,François,2017,14
62344,HAMON,Benoît,2017,8
62344,LASSALLE,Jean,2017,0
62344,LE PEN,Marine,2017,23
62344,MACRON,Emmanuel,2017,6
62344,MÉLENCHON,Jean-Luc,2017,12
62344,POUTOU,Philippe,2017,0
62345,ARTHAUD,Nathalie,2017,0
62345,ASSELINEAU,François,2017,0
62345,CHEMINADE,Jacques,2017,1
62345,DUPONT-AIGNAN,Nicolas,2017,1
62345,FILLON,François,2017,25
62345,HAMON,Benoît,2017,2
62345,LASSALLE,Jean,2017,0
62345,LE PEN,Marine,2017,26
62345,MACRON,Emmanuel,2017,11
62345,MÉLENCHON,Jean-Luc,2017,7
62345,POUTOU,Philippe,2017,0
62346,ARTHAUD,Nathalie,2017,1
62346,ASSELINEAU,François,2017,0
62346,CHEMINADE,Jacques,2017,0
62346,DUPONT-AIGNAN,Nicolas,2017,9
62346,FILLON,François,2017,21
62346,HAMON,Benoît,2017,0
62346,LASSALLE,Jean,2017,3
62346,LE PEN,Marine,2017,62
62346,MACRON,Emmanuel,2017,17
62346,MÉLENCHON,Jean-Luc,2017,18
62346,POUTOU,Philippe,2017,3
62347,ARTHAUD,Nathalie,2017,0
62347,ASSELINEAU,François,2017,5
62347,CHEMINADE,Jacques,2017,0
62347,DUPONT-AIGNAN,Nicolas,2017,12
62347,FILLON,François,2017,22
62347,HAMON,Benoît,2017,1
62347,LASSALLE,Jean,2017,0
62347,LE PEN,Marine,2017,32
62347,MACRON,Emmanuel,2017,14
62347,MÉLENCHON,Jean-Luc,2017,15
62347,POUTOU,Philippe,2017,1
62348,ARTHAUD,Nathalie,2017,3
62348,ASSELINEAU,François,2017,0
62348,CHEMINADE,Jacques,2017,2
62348,DUPONT-AIGNAN,Nicolas,2017,13
62348,FILLON,François,2017,25
62348,HAMON,Benoît,2017,3
62348,LASSALLE,Jean,2017,1
62348,LE PEN,Marine,2017,22
62348,MACRON,Emmanuel,2017,10
62348,MÉLENCHON,Jean-Luc,2017,19
62348,POUTOU,Philippe,2017,1
62349,ARTHAUD,Nathalie,2017,12
62349,ASSELINEAU,François,2017,10
62349,CHEMINADE,Jacques,2017,1
62349,DUPONT-AIGNAN,Nicolas,2017,55
62349,FILLON,François,2017,124
62349,HAMON,Benoît,2017,40
62349,LASSALLE,Jean,2017,5
62349,LE PEN,Marine,2017,328
62349,MACRON,Emmanuel,2017,157
62349,MÉLENCHON,Jean-Luc,2017,168
62349,POUTOU,Philippe,2017,5
62350,ARTHAUD,Nathalie,2017,6
62350,ASSELINEAU,François,2017,11
62350,CHEMINADE,Jacques,2017,1
62350,DUPONT-AIGNAN,Nicolas,2017,44
62350,FILLON,François,2017,145
62350,HAMON,Benoît,2017,53
62350,LASSALLE,Jean,2017,2
62350,LE PEN,Marine,2017,158
62350,MACRON,Emmanuel,2017,185
62350,MÉLENCHON,Jean-Luc,2017,109
62350,POUTOU,Philippe,2017,5
62351,ARTHAUD,Nathalie,2017,59
62351,ASSELINEAU,François,2017,32
62351,CHEMINADE,Jacques,2017,11
62351,DUPONT-AIGNAN,Nicolas,2017,118
62351,FILLON,François,2017,196
62351,HAMON,Benoît,2017,228
62351,LASSALLE,Jean,2017,23
62351,LE PEN,Marine,2017,1442
62351,MACRON,Emmanuel,2017,437
62351,MÉLENCHON,Jean-Luc,2017,678
62351,POUTOU,Philippe,2017,39
62352,ARTHAUD,Nathalie,2017,1
62352,ASSELINEAU,François,2017,0
62352,CHEMINADE,Jacques,2017,0
62352,DUPONT-AIGNAN,Nicolas,2017,3
62352,FILLON,François,2017,22
62352,HAMON,Benoît,2017,1
62352,LASSALLE,Jean,2017,2
62352,LE PEN,Marine,2017,13
62352,MACRON,Emmanuel,2017,14
62352,MÉLENCHON,Jean-Luc,2017,15
62352,POUTOU,Philippe,2017,0
62353,ARTHAUD,Nathalie,2017,2
62353,ASSELINEAU,François,2017,0
62353,CHEMINADE,Jacques,2017,1
62353,DUPONT-AIGNAN,Nicolas,2017,9
62353,FILLON,François,2017,45
62353,HAMON,Benoît,2017,8
62353,LASSALLE,Jean,2017,0
62353,LE PEN,Marine,2017,54
62353,MACRON,Emmanuel,2017,11
62353,MÉLENCHON,Jean-Luc,2017,22
62353,POUTOU,Philippe,2017,3
62354,ARTHAUD,Nathalie,2017,1
62354,ASSELINEAU,François,2017,2
62354,CHEMINADE,Jacques,2017,3
62354,DUPONT-AIGNAN,Nicolas,2017,37
62354,FILLON,François,2017,129
62354,HAMON,Benoît,2017,19
62354,LASSALLE,Jean,2017,5
62354,LE PEN,Marine,2017,115
62354,MACRON,Emmanuel,2017,127
62354,MÉLENCHON,Jean-Luc,2017,65
62354,POUTOU,Philippe,2017,11
62355,ARTHAUD,Nathalie,2017,3
62355,ASSELINEAU,François,2017,3
62355,CHEMINADE,Jacques,2017,0
62355,DUPONT-AIGNAN,Nicolas,2017,27
62355,FILLON,François,2017,78
62355,HAMON,Benoît,2017,11
62355,LASSALLE,Jean,2017,1
62355,LE PEN,Marine,2017,114
62355,MACRON,Emmanuel,2017,80
62355,MÉLENCHON,Jean-Luc,2017,45
62355,POUTOU,Philippe,2017,5
62356,ARTHAUD,Nathalie,2017,9
62356,ASSELINEAU,François,2017,5
62356,CHEMINADE,Jacques,2017,3
62356,DUPONT-AIGNAN,Nicolas,2017,23
62356,FILLON,François,2017,73
62356,HAMON,Benoît,2017,27
62356,LASSALLE,Jean,2017,3
62356,LE PEN,Marine,2017,198
62356,MACRON,Emmanuel,2017,89
62356,MÉLENCHON,Jean-Luc,2017,119
62356,POUTOU,Philippe,2017,6
62357,ARTHAUD,Nathalie,2017,1
62357,ASSELINEAU,François,2017,0
62357,CHEMINADE,Jacques,2017,0
62357,DUPONT-AIGNAN,Nicolas,2017,2
62357,FILLON,François,2017,23
62357,HAMON,Benoît,2017,1
62357,LASSALLE,Jean,2017,2
62357,LE PEN,Marine,2017,10
62357,MACRON,Emmanuel,2017,3
62357,MÉLENCHON,Jean-Luc,2017,6
62357,POUTOU,Philippe,2017,1
62358,ARTHAUD,Nathalie,2017,1
62358,ASSELINEAU,François,2017,5
62358,CHEMINADE,Jacques,2017,1
62358,DUPONT-AIGNAN,Nicolas,2017,9
62358,FILLON,François,2017,40
62358,HAMON,Benoît,2017,3
62358,LASSALLE,Jean,2017,3
62358,LE PEN,Marine,2017,51
62358,MACRON,Emmanuel,2017,22
62358,MÉLENCHON,Jean-Luc,2017,16
62358,POUTOU,Philippe,2017,0
62359,ARTHAUD,Nathalie,2017,6
62359,ASSELINEAU,François,2017,2
62359,CHEMINADE,Jacques,2017,0
62359,DUPONT-AIGNAN,Nicolas,2017,17
62359,FILLON,François,2017,90
62359,HAMON,Benoît,2017,15
62359,LASSALLE,Jean,2017,1
62359,LE PEN,Marine,2017,99
62359,MACRON,Emmanuel,2017,57
62359,MÉLENCHON,Jean-Luc,2017,60
62359,POUTOU,Philippe,2017,5
62360,ARTHAUD,Nathalie,2017,7
62360,ASSELINEAU,François,2017,8
62360,CHEMINADE,Jacques,2017,2
62360,DUPONT-AIGNAN,Nicolas,2017,46
62360,FILLON,François,2017,118
62360,HAMON,Benoît,2017,29
62360,LASSALLE,Jean,2017,7
62360,LE PEN,Marine,2017,305
62360,MACRON,Emmanuel,2017,154
62360,MÉLENCHON,Jean-Luc,2017,133
62360,POUTOU,Philippe,2017,3
62361,ARTHAUD,Nathalie,2017,29
62361,ASSELINEAU,François,2017,14
62361,CHEMINADE,Jacques,2017,5
62361,DUPONT-AIGNAN,Nicolas,2017,49
62361,FILLON,François,2017,250
62361,HAMON,Benoît,2017,76
62361,LASSALLE,Jean,2017,12
62361,LE PEN,Marine,2017,694
62361,MACRON,Emmanuel,2017,285
62361,MÉLENCHON,Jean-Luc,2017,320
62361,POUTOU,Philippe,2017,21
62362,ARTHAUD,Nathalie,2017,0
62362,ASSELINEAU,François,2017,5
62362,CHEMINADE,Jacques,2017,0
62362,DUPONT-AIGNAN,Nicolas,2017,3
62362,FILLON,François,2017,27
62362,HAMON,Benoît,2017,5
62362,LASSALLE,Jean,2017,2
62362,LE PEN,Marine,2017,74
62362,MACRON,Emmanuel,2017,17
62362,MÉLENCHON,Jean-Luc,2017,21
62362,POUTOU,Philippe,2017,3
62363,ARTHAUD,Nathalie,2017,5
62363,ASSELINEAU,François,2017,1
62363,CHEMINADE,Jacques,2017,0
62363,DUPONT-AIGNAN,Nicolas,2017,11
62363,FILLON,François,2017,66
62363,HAMON,Benoît,2017,14
62363,LASSALLE,Jean,2017,5
62363,LE PEN,Marine,2017,62
62363,MACRON,Emmanuel,2017,60
62363,MÉLENCHON,Jean-Luc,2017,43
62363,POUTOU,Philippe,2017,7
62364,ARTHAUD,Nathalie,2017,16
62364,ASSELINEAU,François,2017,7
62364,CHEMINADE,Jacques,2017,1
62364,DUPONT-AIGNAN,Nicolas,2017,67
62364,FILLON,François,2017,207
62364,HAMON,Benoît,2017,82
62364,LASSALLE,Jean,2017,7
62364,LE PEN,Marine,2017,348
62364,MACRON,Emmanuel,2017,232
62364,MÉLENCHON,Jean-Luc,2017,196
62364,POUTOU,Philippe,2017,19
62365,ARTHAUD,Nathalie,2017,0
62365,ASSELINEAU,François,2017,2
62365,CHEMINADE,Jacques,2017,0
62365,DUPONT-AIGNAN,Nicolas,2017,5
62365,FILLON,François,2017,13
62365,HAMON,Benoît,2017,3
62365,LASSALLE,Jean,2017,2
62365,LE PEN,Marine,2017,48
62365,MACRON,Emmanuel,2017,16
62365,MÉLENCHON,Jean-Luc,2017,8
62365,POUTOU,Philippe,2017,3
62366,ARTHAUD,Nathalie,2017,3
62366,ASSELINEAU,François,2017,2
62366,CHEMINADE,Jacques,2017,1
62366,DUPONT-AIGNAN,Nicolas,2017,12
62366,FILLON,François,2017,63
62366,HAMON,Benoît,2017,6
62366,LASSALLE,Jean,2017,1
62366,LE PEN,Marine,2017,74
62366,MACRON,Emmanuel,2017,45
62366,MÉLENCHON,Jean-Luc,2017,24
62366,POUTOU,Philippe,2017,2
62367,ARTHAUD,Nathalie,2017,1
62367,ASSELINEAU,François,2017,1
62367,CHEMINADE,Jacques,2017,0
62367,DUPONT-AIGNAN,Nicolas,2017,26
62367,FILLON,François,2017,87
62367,HAMON,Benoît,2017,26
62367,LASSALLE,Jean,2017,5
62367,LE PEN,Marine,2017,130
62367,MACRON,Emmanuel,2017,59
62367,MÉLENCHON,Jean-Luc,2017,59
62367,POUTOU,Philippe,2017,8
62368,ARTHAUD,Nathalie,2017,0
62368,ASSELINEAU,François,2017,1
62368,CHEMINADE,Jacques,2017,1
62368,DUPONT-AIGNAN,Nicolas,2017,4
62368,FILLON,François,2017,24
62368,HAMON,Benoît,2017,2
62368,LASSALLE,Jean,2017,0
62368,LE PEN,Marine,2017,59
62368,MACRON,Emmanuel,2017,3
62368,MÉLENCHON,Jean-Luc,2017,11
62368,POUTOU,Philippe,2017,0
62369,ARTHAUD,Nathalie,2017,3
62369,ASSELINEAU,François,2017,2
62369,CHEMINADE,Jacques,2017,1
62369,DUPONT-AIGNAN,Nicolas,2017,29
62369,FILLON,François,2017,93
62369,HAMON,Benoît,2017,12
62369,LASSALLE,Jean,2017,1
62369,LE PEN,Marine,2017,113
62369,MACRON,Emmanuel,2017,92
62369,MÉLENCHON,Jean-Luc,2017,69
62369,POUTOU,Philippe,2017,5
62370,ARTHAUD,Nathalie,2017,1
62370,ASSELINEAU,François,2017,1
62370,CHEMINADE,Jacques,2017,1
62370,DUPONT-AIGNAN,Nicolas,2017,1
62370,FILLON,François,2017,32
62370,HAMON,Benoît,2017,8
62370,LASSALLE,Jean,2017,3
62370,LE PEN,Marine,2017,32
62370,MACRON,Emmanuel,2017,11
62370,MÉLENCHON,Jean-Luc,2017,3
62370,POUTOU,Philippe,2017,1
62371,ARTHAUD,Nathalie,2017,8
62371,ASSELINEAU,François,2017,14
62371,CHEMINADE,Jacques,2017,0
62371,DUPONT-AIGNAN,Nicolas,2017,79
62371,FILLON,François,2017,223
62371,HAMON,Benoît,2017,94
62371,LASSALLE,Jean,2017,12
62371,LE PEN,Marine,2017,363
62371,MACRON,Emmanuel,2017,290
62371,MÉLENCHON,Jean-Luc,2017,252
62371,POUTOU,Philippe,2017,17
62372,ARTHAUD,Nathalie,2017,1
62372,ASSELINEAU,François,2017,1
62372,CHEMINADE,Jacques,2017,0
62372,DUPONT-AIGNAN,Nicolas,2017,4
62372,FILLON,François,2017,24
62372,HAMON,Benoît,2017,1
62372,LASSALLE,Jean,2017,1
62372,LE PEN,Marine,2017,31
62372,MACRON,Emmanuel,2017,20
62372,MÉLENCHON,Jean-Luc,2017,11
62372,POUTOU,Philippe,2017,1
62373,ARTHAUD,Nathalie,2017,7
62373,ASSELINEAU,François,2017,7
62373,CHEMINADE,Jacques,2017,0
62373,DUPONT-AIGNAN,Nicolas,2017,34
62373,FILLON,François,2017,85
62373,HAMON,Benoît,2017,32
62373,LASSALLE,Jean,2017,8
62373,LE PEN,Marine,2017,223
62373,MACRON,Emmanuel,2017,127
62373,MÉLENCHON,Jean-Luc,2017,117
62373,POUTOU,Philippe,2017,4
62374,ARTHAUD,Nathalie,2017,1
62374,ASSELINEAU,François,2017,0
62374,CHEMINADE,Jacques,2017,1
62374,DUPONT-AIGNAN,Nicolas,2017,9
62374,FILLON,François,2017,30
62374,HAMON,Benoît,2017,5
62374,LASSALLE,Jean,2017,1
62374,LE PEN,Marine,2017,34
62374,MACRON,Emmanuel,2017,20
62374,MÉLENCHON,Jean-Luc,2017,9
62374,POUTOU,Philippe,2017,1
62375,ARTHAUD,Nathalie,2017,0
62375,ASSELINEAU,François,2017,0
62375,CHEMINADE,Jacques,2017,0
62375,DUPONT-AIGNAN,Nicolas,2017,9
62375,FILLON,François,2017,15
62375,HAMON,Benoît,2017,0
62375,LASSALLE,Jean,2017,2
62375,LE PEN,Marine,2017,26
62375,MACRON,Emmanuel,2017,12
62375,MÉLENCHON,Jean-Luc,2017,5
62375,POUTOU,Philippe,2017,0
62376,ARTHAUD,Nathalie,2017,26
62376,ASSELINEAU,François,2017,8
62376,CHEMINADE,Jacques,2017,4
62376,DUPONT-AIGNAN,Nicolas,2017,126
62376,FILLON,François,2017,255
62376,HAMON,Benoît,2017,55
62376,LASSALLE,Jean,2017,11
62376,LE PEN,Marine,2017,566
62376,MACRON,Emmanuel,2017,293
62376,MÉLENCHON,Jean-Luc,2017,245
62376,POUTOU,Philippe,2017,12
62377,ARTHAUD,Nathalie,2017,8
62377,ASSELINEAU,François,2017,2
62377,CHEMINADE,Jacques,2017,2
62377,DUPONT-AIGNAN,Nicolas,2017,24
62377,FILLON,François,2017,61
62377,HAMON,Benoît,2017,28
62377,LASSALLE,Jean,2017,2
62377,LE PEN,Marine,2017,242
62377,MACRON,Emmanuel,2017,90
62377,MÉLENCHON,Jean-Luc,2017,118
62377,POUTOU,Philippe,2017,8
62378,ARTHAUD,Nathalie,2017,0
62378,ASSELINEAU,François,2017,3
62378,CHEMINADE,Jacques,2017,2
62378,DUPONT-AIGNAN,Nicolas,2017,5
62378,FILLON,François,2017,19
62378,HAMON,Benoît,2017,7
62378,LASSALLE,Jean,2017,1
62378,LE PEN,Marine,2017,27
62378,MACRON,Emmanuel,2017,40
62378,MÉLENCHON,Jean-Luc,2017,20
62378,POUTOU,Philippe,2017,3
62379,ARTHAUD,Nathalie,2017,1
62379,ASSELINEAU,François,2017,2
62379,CHEMINADE,Jacques,2017,0
62379,DUPONT-AIGNAN,Nicolas,2017,13
62379,FILLON,François,2017,50
62379,HAMON,Benoît,2017,11
62379,LASSALLE,Jean,2017,0
62379,LE PEN,Marine,2017,89
62379,MACRON,Emmanuel,2017,47
62379,MÉLENCHON,Jean-Luc,2017,35
62379,POUTOU,Philippe,2017,1
62380,ARTHAUD,Nathalie,2017,3
62380,ASSELINEAU,François,2017,3
62380,CHEMINADE,Jacques,2017,1
62380,DUPONT-AIGNAN,Nicolas,2017,17
62380,FILLON,François,2017,52
62380,HAMON,Benoît,2017,7
62380,LASSALLE,Jean,2017,3
62380,LE PEN,Marine,2017,66
62380,MACRON,Emmanuel,2017,35
62380,MÉLENCHON,Jean-Luc,2017,34
62380,POUTOU,Philippe,2017,1
62381,ARTHAUD,Nathalie,2017,1
62381,ASSELINEAU,François,2017,0
62381,CHEMINADE,Jacques,2017,0
62381,DUPONT-AIGNAN,Nicolas,2017,9
62381,FILLON,François,2017,21
62381,HAMON,Benoît,2017,6
62381,LASSALLE,Jean,2017,0
62381,LE PEN,Marine,2017,35
62381,MACRON,Emmanuel,2017,20
62381,MÉLENCHON,Jean-Luc,2017,8
62381,POUTOU,Philippe,2017,0
62382,ARTHAUD,Nathalie,2017,4
62382,ASSELINEAU,François,2017,5
62382,CHEMINADE,Jacques,2017,1
62382,DUPONT-AIGNAN,Nicolas,2017,35
62382,FILLON,François,2017,88
62382,HAMON,Benoît,2017,31
62382,LASSALLE,Jean,2017,3
62382,LE PEN,Marine,2017,99
62382,MACRON,Emmanuel,2017,80
62382,MÉLENCHON,Jean-Luc,2017,74
62382,POUTOU,Philippe,2017,2
62383,ARTHAUD,Nathalie,2017,2
62383,ASSELINEAU,François,2017,9
62383,CHEMINADE,Jacques,2017,0
62383,DUPONT-AIGNAN,Nicolas,2017,52
62383,FILLON,François,2017,144
62383,HAMON,Benoît,2017,24
62383,LASSALLE,Jean,2017,3
62383,LE PEN,Marine,2017,317
62383,MACRON,Emmanuel,2017,196
62383,MÉLENCHON,Jean-Luc,2017,148
62383,POUTOU,Philippe,2017,4
62384,ARTHAUD,Nathalie,2017,5
62384,ASSELINEAU,François,2017,6
62384,CHEMINADE,Jacques,2017,0
62384,DUPONT-AIGNAN,Nicolas,2017,16
62384,FILLON,François,2017,90
62384,HAMON,Benoît,2017,18
62384,LASSALLE,Jean,2017,1
62384,LE PEN,Marine,2017,148
62384,MACRON,Emmanuel,2017,66
62384,MÉLENCHON,Jean-Luc,2017,39
62384,POUTOU,Philippe,2017,2
62385,ARTHAUD,Nathalie,2017,4
62385,ASSELINEAU,François,2017,4
62385,CHEMINADE,Jacques,2017,0
62385,DUPONT-AIGNAN,Nicolas,2017,10
62385,FILLON,François,2017,60
62385,HAMON,Benoît,2017,15
62385,LASSALLE,Jean,2017,3
62385,LE PEN,Marine,2017,91
62385,MACRON,Emmanuel,2017,61
62385,MÉLENCHON,Jean-Luc,2017,23
62385,POUTOU,Philippe,2017,2
62386,ARTHAUD,Nathalie,2017,31
62386,ASSELINEAU,François,2017,15
62386,CHEMINADE,Jacques,2017,4
62386,DUPONT-AIGNAN,Nicolas,2017,114
62386,FILLON,François,2017,117
62386,HAMON,Benoît,2017,105
62386,LASSALLE,Jean,2017,13
62386,LE PEN,Marine,2017,1672
62386,MACRON,Emmanuel,2017,360
62386,MÉLENCHON,Jean-Luc,2017,845
62386,POUTOU,Philippe,2017,32
62387,ARTHAUD,Nathalie,2017,0
62387,ASSELINEAU,François,2017,0
62387,CHEMINADE,Jacques,2017,0
62387,DUPONT-AIGNAN,Nicolas,2017,16
62387,FILLON,François,2017,31
62387,HAMON,Benoît,2017,12
62387,LASSALLE,Jean,2017,2
62387,LE PEN,Marine,2017,97
62387,MACRON,Emmanuel,2017,55
62387,MÉLENCHON,Jean-Luc,2017,29
62387,POUTOU,Philippe,2017,1
62388,ARTHAUD,Nathalie,2017,4
62388,ASSELINEAU,François,2017,0
62388,CHEMINADE,Jacques,2017,0
62388,DUPONT-AIGNAN,Nicolas,2017,5
62388,FILLON,François,2017,33
62388,HAMON,Benoît,2017,15
62388,LASSALLE,Jean,2017,0
62388,LE PEN,Marine,2017,54
62388,MACRON,Emmanuel,2017,40
62388,MÉLENCHON,Jean-Luc,2017,32
62388,POUTOU,Philippe,2017,0
62389,ARTHAUD,Nathalie,2017,0
62389,ASSELINEAU,François,2017,0
62389,CHEMINADE,Jacques,2017,0
62389,DUPONT-AIGNAN,Nicolas,2017,1
62389,FILLON,François,2017,12
62389,HAMON,Benoît,2017,3
62389,LASSALLE,Jean,2017,0
62389,LE PEN,Marine,2017,6
62389,MACRON,Emmanuel,2017,5
62389,MÉLENCHON,Jean-Luc,2017,5
62389,POUTOU,Philippe,2017,0
62390,ARTHAUD,Nathalie,2017,4
62390,ASSELINEAU,François,2017,3
62390,CHEMINADE,Jacques,2017,0
62390,DUPONT-AIGNAN,Nicolas,2017,69
62390,FILLON,François,2017,242
62390,HAMON,Benoît,2017,44
62390,LASSALLE,Jean,2017,11
62390,LE PEN,Marine,2017,243
62390,MACRON,Emmanuel,2017,290
62390,MÉLENCHON,Jean-Luc,2017,156
62390,POUTOU,Philippe,2017,6
62391,ARTHAUD,Nathalie,2017,10
62391,ASSELINEAU,François,2017,8
62391,CHEMINADE,Jacques,2017,1
62391,DUPONT-AIGNAN,Nicolas,2017,40
62391,FILLON,François,2017,112
62391,HAMON,Benoît,2017,40
62391,LASSALLE,Jean,2017,4
62391,LE PEN,Marine,2017,300
62391,MACRON,Emmanuel,2017,208
62391,MÉLENCHON,Jean-Luc,2017,224
62391,POUTOU,Philippe,2017,3
62392,ARTHAUD,Nathalie,2017,1
62392,ASSELINEAU,François,2017,9
62392,CHEMINADE,Jacques,2017,2
62392,DUPONT-AIGNAN,Nicolas,2017,14
62392,FILLON,François,2017,75
62392,HAMON,Benoît,2017,13
62392,LASSALLE,Jean,2017,0
62392,LE PEN,Marine,2017,67
62392,MACRON,Emmanuel,2017,51
62392,MÉLENCHON,Jean-Luc,2017,25
62392,POUTOU,Philippe,2017,1
62393,ARTHAUD,Nathalie,2017,3
62393,ASSELINEAU,François,2017,3
62393,CHEMINADE,Jacques,2017,1
62393,DUPONT-AIGNAN,Nicolas,2017,48
62393,FILLON,François,2017,84
62393,HAMON,Benoît,2017,18
62393,LASSALLE,Jean,2017,3
62393,LE PEN,Marine,2017,292
62393,MACRON,Emmanuel,2017,85
62393,MÉLENCHON,Jean-Luc,2017,121
62393,POUTOU,Philippe,2017,2
62395,ARTHAUD,Nathalie,2017,1
62395,ASSELINEAU,François,2017,0
62395,CHEMINADE,Jacques,2017,0
62395,DUPONT-AIGNAN,Nicolas,2017,8
62395,FILLON,François,2017,26
62395,HAMON,Benoît,2017,3
62395,LASSALLE,Jean,2017,0
62395,LE PEN,Marine,2017,43
62395,MACRON,Emmanuel,2017,19
62395,MÉLENCHON,Jean-Luc,2017,3
62395,POUTOU,Philippe,2017,5
62396,ARTHAUD,Nathalie,2017,0
62396,ASSELINEAU,François,2017,0
62396,CHEMINADE,Jacques,2017,0
62396,DUPONT-AIGNAN,Nicolas,2017,1
62396,FILLON,François,2017,5
62396,HAMON,Benoît,2017,0
62396,LASSALLE,Jean,2017,0
62396,LE PEN,Marine,2017,6
62396,MACRON,Emmanuel,2017,0
62396,MÉLENCHON,Jean-Luc,2017,0
62396,POUTOU,Philippe,2017,0
62397,ARTHAUD,Nathalie,2017,25
62397,ASSELINEAU,François,2017,8
62397,CHEMINADE,Jacques,2017,7
62397,DUPONT-AIGNAN,Nicolas,2017,119
62397,FILLON,François,2017,323
62397,HAMON,Benoît,2017,121
62397,LASSALLE,Jean,2017,19
62397,LE PEN,Marine,2017,1251
62397,MACRON,Emmanuel,2017,437
62397,MÉLENCHON,Jean-Luc,2017,566
62397,POUTOU,Philippe,2017,29
62398,ARTHAUD,Nathalie,2017,2
62398,ASSELINEAU,François,2017,2
62398,CHEMINADE,Jacques,2017,1
62398,DUPONT-AIGNAN,Nicolas,2017,13
62398,FILLON,François,2017,22
62398,HAMON,Benoît,2017,9
62398,LASSALLE,Jean,2017,2
62398,LE PEN,Marine,2017,53
62398,MACRON,Emmanuel,2017,38
62398,MÉLENCHON,Jean-Luc,2017,52
62398,POUTOU,Philippe,2017,3
62399,ARTHAUD,Nathalie,2017,3
62399,ASSELINEAU,François,2017,3
62399,CHEMINADE,Jacques,2017,1
62399,DUPONT-AIGNAN,Nicolas,2017,18
62399,FILLON,François,2017,88
62399,HAMON,Benoît,2017,18
62399,LASSALLE,Jean,2017,4
62399,LE PEN,Marine,2017,147
62399,MACRON,Emmanuel,2017,107
62399,MÉLENCHON,Jean-Luc,2017,70
62399,POUTOU,Philippe,2017,4
62400,ARTHAUD,Nathalie,2017,20
62400,ASSELINEAU,François,2017,13
62400,CHEMINADE,Jacques,2017,3
62400,DUPONT-AIGNAN,Nicolas,2017,134
62400,FILLON,François,2017,206
62400,HAMON,Benoît,2017,124
62400,LASSALLE,Jean,2017,12
62400,LE PEN,Marine,2017,1103
62400,MACRON,Emmanuel,2017,387
62400,MÉLENCHON,Jean-Luc,2017,534
62400,POUTOU,Philippe,2017,23
62401,ARTHAUD,Nathalie,2017,53
62401,ASSELINEAU,François,2017,21
62401,CHEMINADE,Jacques,2017,5
62401,DUPONT-AIGNAN,Nicolas,2017,105
62401,FILLON,François,2017,207
62401,HAMON,Benoît,2017,170
62401,LASSALLE,Jean,2017,18
62401,LE PEN,Marine,2017,1091
62401,MACRON,Emmanuel,2017,371
62401,MÉLENCHON,Jean-Luc,2017,498
62401,POUTOU,Philippe,2017,35
62402,ARTHAUD,Nathalie,2017,8
62402,ASSELINEAU,François,2017,2
62402,CHEMINADE,Jacques,2017,3
62402,DUPONT-AIGNAN,Nicolas,2017,10
62402,FILLON,François,2017,33
62402,HAMON,Benoît,2017,5
62402,LASSALLE,Jean,2017,2
62402,LE PEN,Marine,2017,56
62402,MACRON,Emmanuel,2017,49
62402,MÉLENCHON,Jean-Luc,2017,31
62402,POUTOU,Philippe,2017,3
62403,ARTHAUD,Nathalie,2017,13
62403,ASSELINEAU,François,2017,0
62403,CHEMINADE,Jacques,2017,2
62403,DUPONT-AIGNAN,Nicolas,2017,40
62403,FILLON,François,2017,114
62403,HAMON,Benoît,2017,45
62403,LASSALLE,Jean,2017,5
62403,LE PEN,Marine,2017,268
62403,MACRON,Emmanuel,2017,160
62403,MÉLENCHON,Jean-Luc,2017,140
62403,POUTOU,Philippe,2017,9
62404,ARTHAUD,Nathalie,2017,2
62404,ASSELINEAU,François,2017,0
62404,CHEMINADE,Jacques,2017,0
62404,DUPONT-AIGNAN,Nicolas,2017,3
62404,FILLON,François,2017,25
62404,HAMON,Benoît,2017,4
62404,LASSALLE,Jean,2017,0
62404,LE PEN,Marine,2017,79
62404,MACRON,Emmanuel,2017,12
62404,MÉLENCHON,Jean-Luc,2017,10
62404,POUTOU,Philippe,2017,0
62405,ARTHAUD,Nathalie,2017,1
62405,ASSELINEAU,François,2017,2
62405,CHEMINADE,Jacques,2017,0
62405,DUPONT-AIGNAN,Nicolas,2017,17
62405,FILLON,François,2017,60
62405,HAMON,Benoît,2017,17
62405,LASSALLE,Jean,2017,0
62405,LE PEN,Marine,2017,130
62405,MACRON,Emmanuel,2017,58
62405,MÉLENCHON,Jean-Luc,2017,49
62405,POUTOU,Philippe,2017,5
62406,ARTHAUD,Nathalie,2017,0
62406,ASSELINEAU,François,2017,2
62406,CHEMINADE,Jacques,2017,0
62406,DUPONT-AIGNAN,Nicolas,2017,9
62406,FILLON,François,2017,35
62406,HAMON,Benoît,2017,2
62406,LASSALLE,Jean,2017,1
62406,LE PEN,Marine,2017,63
62406,MACRON,Emmanuel,2017,49
62406,MÉLENCHON,Jean-Luc,2017,14
62406,POUTOU,Philippe,2017,2
62407,ARTHAUD,Nathalie,2017,8
62407,ASSELINEAU,François,2017,4
62407,CHEMINADE,Jacques,2017,2
62407,DUPONT-AIGNAN,Nicolas,2017,43
62407,FILLON,François,2017,91
62407,HAMON,Benoît,2017,27
62407,LASSALLE,Jean,2017,2
62407,LE PEN,Marine,2017,216
62407,MACRON,Emmanuel,2017,136
62407,MÉLENCHON,Jean-Luc,2017,136
62407,POUTOU,Philippe,2017,3
62408,ARTHAUD,Nathalie,2017,8
62408,ASSELINEAU,François,2017,3
62408,CHEMINADE,Jacques,2017,1
62408,DUPONT-AIGNAN,Nicolas,2017,43
62408,FILLON,François,2017,134
62408,HAMON,Benoît,2017,30
62408,LASSALLE,Jean,2017,11
62408,LE PEN,Marine,2017,296
62408,MACRON,Emmanuel,2017,149
62408,MÉLENCHON,Jean-Luc,2017,151
62408,POUTOU,Philippe,2017,10
62409,ARTHAUD,Nathalie,2017,3
62409,ASSELINEAU,François,2017,2
62409,CHEMINADE,Jacques,2017,1
62409,DUPONT-AIGNAN,Nicolas,2017,7
62409,FILLON,François,2017,15
62409,HAMON,Benoît,2017,7
62409,LASSALLE,Jean,2017,2
62409,LE PEN,Marine,2017,40
62409,MACRON,Emmanuel,2017,30
62409,MÉLENCHON,Jean-Luc,2017,18
62409,POUTOU,Philippe,2017,1
62410,ARTHAUD,Nathalie,2017,2
62410,ASSELINEAU,François,2017,1
62410,CHEMINADE,Jacques,2017,0
62410,DUPONT-AIGNAN,Nicolas,2017,13
62410,FILLON,François,2017,35
62410,HAMON,Benoît,2017,0
62410,LASSALLE,Jean,2017,0
62410,LE PEN,Marine,2017,45
62410,MACRON,Emmanuel,2017,19
62410,MÉLENCHON,Jean-Luc,2017,19
62410,POUTOU,Philippe,2017,1
62411,ARTHAUD,Nathalie,2017,0
62411,ASSELINEAU,François,2017,0
62411,CHEMINADE,Jacques,2017,0
62411,DUPONT-AIGNAN,Nicolas,2017,0
62411,FILLON,François,2017,7
62411,HAMON,Benoît,2017,0
62411,LASSALLE,Jean,2017,0
62411,LE PEN,Marine,2017,11
62411,MACRON,Emmanuel,2017,5
62411,MÉLENCHON,Jean-Luc,2017,5
62411,POUTOU,Philippe,2017,0
62412,ARTHAUD,Nathalie,2017,10
62412,ASSELINEAU,François,2017,2
62412,CHEMINADE,Jacques,2017,3
62412,DUPONT-AIGNAN,Nicolas,2017,40
62412,FILLON,François,2017,126
62412,HAMON,Benoît,2017,29
62412,LASSALLE,Jean,2017,6
62412,LE PEN,Marine,2017,209
62412,MACRON,Emmanuel,2017,128
62412,MÉLENCHON,Jean-Luc,2017,112
62412,POUTOU,Philippe,2017,7
62413,ARTHAUD,Nathalie,2017,84
62413,ASSELINEAU,François,2017,70
62413,CHEMINADE,Jacques,2017,9
62413,DUPONT-AIGNAN,Nicolas,2017,264
62413,FILLON,François,2017,525
62413,HAMON,Benoît,2017,303
62413,LASSALLE,Jean,2017,39
62413,LE PEN,Marine,2017,2787
62413,MACRON,Emmanuel,2017,845
62413,MÉLENCHON,Jean-Luc,2017,1487
62413,POUTOU,Philippe,2017,63
62414,ARTHAUD,Nathalie,2017,0
62414,ASSELINEAU,François,2017,0
62414,CHEMINADE,Jacques,2017,0
62414,DUPONT-AIGNAN,Nicolas,2017,11
62414,FILLON,François,2017,40
62414,HAMON,Benoît,2017,2
62414,LASSALLE,Jean,2017,1
62414,LE PEN,Marine,2017,45
62414,MACRON,Emmanuel,2017,33
62414,MÉLENCHON,Jean-Luc,2017,21
62414,POUTOU,Philippe,2017,1
62415,ARTHAUD,Nathalie,2017,0
62415,ASSELINEAU,François,2017,1
62415,CHEMINADE,Jacques,2017,0
62415,DUPONT-AIGNAN,Nicolas,2017,21
62415,FILLON,François,2017,90
62415,HAMON,Benoît,2017,8
62415,LASSALLE,Jean,2017,1
62415,LE PEN,Marine,2017,67
62415,MACRON,Emmanuel,2017,69
62415,MÉLENCHON,Jean-Luc,2017,33
62415,POUTOU,Philippe,2017,1
62416,ARTHAUD,Nathalie,2017,0
62416,ASSELINEAU,François,2017,1
62416,CHEMINADE,Jacques,2017,0
62416,DUPONT-AIGNAN,Nicolas,2017,17
62416,FILLON,François,2017,25
62416,HAMON,Benoît,2017,5
62416,LASSALLE,Jean,2017,1
62416,LE PEN,Marine,2017,54
62416,MACRON,Emmanuel,2017,18
62416,MÉLENCHON,Jean-Luc,2017,18
62416,POUTOU,Philippe,2017,0
62418,ARTHAUD,Nathalie,2017,2
62418,ASSELINEAU,François,2017,1
62418,CHEMINADE,Jacques,2017,0
62418,DUPONT-AIGNAN,Nicolas,2017,11
62418,FILLON,François,2017,50
62418,HAMON,Benoît,2017,4
62418,LASSALLE,Jean,2017,2
62418,LE PEN,Marine,2017,60
62418,MACRON,Emmanuel,2017,39
62418,MÉLENCHON,Jean-Luc,2017,28
62418,POUTOU,Philippe,2017,4
62419,ARTHAUD,Nathalie,2017,0
62419,ASSELINEAU,François,2017,0
62419,CHEMINADE,Jacques,2017,0
62419,DUPONT-AIGNAN,Nicolas,2017,9
62419,FILLON,François,2017,25
62419,HAMON,Benoît,2017,3
62419,LASSALLE,Jean,2017,0
62419,LE PEN,Marine,2017,24
62419,MACRON,Emmanuel,2017,16
62419,MÉLENCHON,Jean-Luc,2017,10
62419,POUTOU,Philippe,2017,2
62421,ARTHAUD,Nathalie,2017,1
62421,ASSELINEAU,François,2017,0
62421,CHEMINADE,Jacques,2017,0
62421,DUPONT-AIGNAN,Nicolas,2017,18
62421,FILLON,François,2017,35
62421,HAMON,Benoît,2017,7
62421,LASSALLE,Jean,2017,7
62421,LE PEN,Marine,2017,109
62421,MACRON,Emmanuel,2017,24
62421,MÉLENCHON,Jean-Luc,2017,31
62421,POUTOU,Philippe,2017,1
62422,ARTHAUD,Nathalie,2017,4
62422,ASSELINEAU,François,2017,1
62422,CHEMINADE,Jacques,2017,0
62422,DUPONT-AIGNAN,Nicolas,2017,19
62422,FILLON,François,2017,46
62422,HAMON,Benoît,2017,10
62422,LASSALLE,Jean,2017,4
62422,LE PEN,Marine,2017,160
62422,MACRON,Emmanuel,2017,39
62422,MÉLENCHON,Jean-Luc,2017,46
62422,POUTOU,Philippe,2017,5
62423,ARTHAUD,Nathalie,2017,18
62423,ASSELINEAU,François,2017,1
62423,CHEMINADE,Jacques,2017,0
62423,DUPONT-AIGNAN,Nicolas,2017,71
62423,FILLON,François,2017,173
62423,HAMON,Benoît,2017,49
62423,LASSALLE,Jean,2017,10
62423,LE PEN,Marine,2017,349
62423,MACRON,Emmanuel,2017,243
62423,MÉLENCHON,Jean-Luc,2017,150
62423,POUTOU,Philippe,2017,10
62424,ARTHAUD,Nathalie,2017,0
62424,ASSELINEAU,François,2017,0
62424,CHEMINADE,Jacques,2017,0
62424,DUPONT-AIGNAN,Nicolas,2017,13
62424,FILLON,François,2017,43
62424,HAMON,Benoît,2017,4
62424,LASSALLE,Jean,2017,2
62424,LE PEN,Marine,2017,70
62424,MACRON,Emmanuel,2017,34
62424,MÉLENCHON,Jean-Luc,2017,36
62424,POUTOU,Philippe,2017,0
62425,ARTHAUD,Nathalie,2017,0
62425,ASSELINEAU,François,2017,0
62425,CHEMINADE,Jacques,2017,0
62425,DUPONT-AIGNAN,Nicolas,2017,11
62425,FILLON,François,2017,14
62425,HAMON,Benoît,2017,5
62425,LASSALLE,Jean,2017,1
62425,LE PEN,Marine,2017,23
62425,MACRON,Emmanuel,2017,22
62425,MÉLENCHON,Jean-Luc,2017,12
62425,POUTOU,Philippe,2017,1
62426,ARTHAUD,Nathalie,2017,3
62426,ASSELINEAU,François,2017,1
62426,CHEMINADE,Jacques,2017,0
62426,DUPONT-AIGNAN,Nicolas,2017,7
62426,FILLON,François,2017,23
62426,HAMON,Benoît,2017,11
62426,LASSALLE,Jean,2017,3
62426,LE PEN,Marine,2017,31
62426,MACRON,Emmanuel,2017,27
62426,MÉLENCHON,Jean-Luc,2017,27
62426,POUTOU,Philippe,2017,1
62427,ARTHAUD,Nathalie,2017,124
62427,ASSELINEAU,François,2017,112
62427,CHEMINADE,Jacques,2017,18
62427,DUPONT-AIGNAN,Nicolas,2017,448
62427,FILLON,François,2017,1151
62427,HAMON,Benoît,2017,612
62427,LASSALLE,Jean,2017,75
62427,LE PEN,Marine,2017,6363
62427,MACRON,Emmanuel,2017,2034
62427,MÉLENCHON,Jean-Luc,2017,2610
62427,POUTOU,Philippe,2017,138
62428,ARTHAUD,Nathalie,2017,3
62428,ASSELINEAU,François,2017,1
62428,CHEMINADE,Jacques,2017,2
62428,DUPONT-AIGNAN,Nicolas,2017,34
62428,FILLON,François,2017,67
62428,HAMON,Benoît,2017,21
62428,LASSALLE,Jean,2017,3
62428,LE PEN,Marine,2017,121
62428,MACRON,Emmanuel,2017,71
62428,MÉLENCHON,Jean-Luc,2017,31
62428,POUTOU,Philippe,2017,9
62429,ARTHAUD,Nathalie,2017,4
62429,ASSELINEAU,François,2017,2
62429,CHEMINADE,Jacques,2017,0
62429,DUPONT-AIGNAN,Nicolas,2017,11
62429,FILLON,François,2017,55
62429,HAMON,Benoît,2017,5
62429,LASSALLE,Jean,2017,2
62429,LE PEN,Marine,2017,58
62429,MACRON,Emmanuel,2017,33
62429,MÉLENCHON,Jean-Luc,2017,32
62429,POUTOU,Philippe,2017,5
62430,ARTHAUD,Nathalie,2017,0
62430,ASSELINEAU,François,2017,5
62430,CHEMINADE,Jacques,2017,0
62430,DUPONT-AIGNAN,Nicolas,2017,4
62430,FILLON,François,2017,20
62430,HAMON,Benoît,2017,4
62430,LASSALLE,Jean,2017,0
62430,LE PEN,Marine,2017,40
62430,MACRON,Emmanuel,2017,15
62430,MÉLENCHON,Jean-Luc,2017,9
62430,POUTOU,Philippe,2017,0
62432,ARTHAUD,Nathalie,2017,4
62432,ASSELINEAU,François,2017,0
62432,CHEMINADE,Jacques,2017,0
62432,DUPONT-AIGNAN,Nicolas,2017,19
62432,FILLON,François,2017,60
62432,HAMON,Benoît,2017,9
62432,LASSALLE,Jean,2017,1
62432,LE PEN,Marine,2017,81
62432,MACRON,Emmanuel,2017,42
62432,MÉLENCHON,Jean-Luc,2017,39
62432,POUTOU,Philippe,2017,2
62433,ARTHAUD,Nathalie,2017,2
62433,ASSELINEAU,François,2017,0
62433,CHEMINADE,Jacques,2017,0
62433,DUPONT-AIGNAN,Nicolas,2017,8
62433,FILLON,François,2017,20
62433,HAMON,Benoît,2017,5
62433,LASSALLE,Jean,2017,0
62433,LE PEN,Marine,2017,21
62433,MACRON,Emmanuel,2017,11
62433,MÉLENCHON,Jean-Luc,2017,5
62433,POUTOU,Philippe,2017,0
62434,ARTHAUD,Nathalie,2017,1
62434,ASSELINEAU,François,2017,0
62434,CHEMINADE,Jacques,2017,0
62434,DUPONT-AIGNAN,Nicolas,2017,2
62434,FILLON,François,2017,23
62434,HAMON,Benoît,2017,4
62434,LASSALLE,Jean,2017,1
62434,LE PEN,Marine,2017,34
62434,MACRON,Emmanuel,2017,17
62434,MÉLENCHON,Jean-Luc,2017,5
62434,POUTOU,Philippe,2017,5
62435,ARTHAUD,Nathalie,2017,0
62435,ASSELINEAU,François,2017,1
62435,CHEMINADE,Jacques,2017,0
62435,DUPONT-AIGNAN,Nicolas,2017,7
62435,FILLON,François,2017,15
62435,HAMON,Benoît,2017,7
62435,LASSALLE,Jean,2017,0
62435,LE PEN,Marine,2017,27
62435,MACRON,Emmanuel,2017,22
62435,MÉLENCHON,Jean-Luc,2017,6
62435,POUTOU,Philippe,2017,1
62436,ARTHAUD,Nathalie,2017,2
62436,ASSELINEAU,François,2017,1
62436,CHEMINADE,Jacques,2017,0
62436,DUPONT-AIGNAN,Nicolas,2017,3
62436,FILLON,François,2017,31
62436,HAMON,Benoît,2017,6
62436,LASSALLE,Jean,2017,0
62436,LE PEN,Marine,2017,18
62436,MACRON,Emmanuel,2017,16
62436,MÉLENCHON,Jean-Luc,2017,11
62436,POUTOU,Philippe,2017,1
62437,ARTHAUD,Nathalie,2017,2
62437,ASSELINEAU,François,2017,0
62437,CHEMINADE,Jacques,2017,0
62437,DUPONT-AIGNAN,Nicolas,2017,12
62437,FILLON,François,2017,52
62437,HAMON,Benoît,2017,8
62437,LASSALLE,Jean,2017,1
62437,LE PEN,Marine,2017,47
62437,MACRON,Emmanuel,2017,35
62437,MÉLENCHON,Jean-Luc,2017,35
62437,POUTOU,Philippe,2017,1
62438,ARTHAUD,Nathalie,2017,4
62438,ASSELINEAU,François,2017,4
62438,CHEMINADE,Jacques,2017,0
62438,DUPONT-AIGNAN,Nicolas,2017,23
62438,FILLON,François,2017,88
62438,HAMON,Benoît,2017,10
62438,LASSALLE,Jean,2017,5
62438,LE PEN,Marine,2017,110
62438,MACRON,Emmanuel,2017,68
62438,MÉLENCHON,Jean-Luc,2017,79
62438,POUTOU,Philippe,2017,0
62439,ARTHAUD,Nathalie,2017,1
62439,ASSELINEAU,François,2017,2
62439,CHEMINADE,Jacques,2017,0
62439,DUPONT-AIGNAN,Nicolas,2017,22
62439,FILLON,François,2017,39
62439,HAMON,Benoît,2017,5
62439,LASSALLE,Jean,2017,2
62439,LE PEN,Marine,2017,84
62439,MACRON,Emmanuel,2017,26
62439,MÉLENCHON,Jean-Luc,2017,31
62439,POUTOU,Philippe,2017,1
62440,ARTHAUD,Nathalie,2017,5
62440,ASSELINEAU,François,2017,3
62440,CHEMINADE,Jacques,2017,3
62440,DUPONT-AIGNAN,Nicolas,2017,38
62440,FILLON,François,2017,116
62440,HAMON,Benoît,2017,15
62440,LASSALLE,Jean,2017,7
62440,LE PEN,Marine,2017,284
62440,MACRON,Emmanuel,2017,103
62440,MÉLENCHON,Jean-Luc,2017,73
62440,POUTOU,Philippe,2017,5
62441,ARTHAUD,Nathalie,2017,0
62441,ASSELINEAU,François,2017,3
62441,CHEMINADE,Jacques,2017,0
62441,DUPONT-AIGNAN,Nicolas,2017,6
62441,FILLON,François,2017,26
62441,HAMON,Benoît,2017,16
62441,LASSALLE,Jean,2017,0
62441,LE PEN,Marine,2017,43
62441,MACRON,Emmanuel,2017,45
62441,MÉLENCHON,Jean-Luc,2017,25
62441,POUTOU,Philippe,2017,0
62442,ARTHAUD,Nathalie,2017,0
62442,ASSELINEAU,François,2017,4
62442,CHEMINADE,Jacques,2017,0
62442,DUPONT-AIGNAN,Nicolas,2017,18
62442,FILLON,François,2017,86
62442,HAMON,Benoît,2017,11
62442,LASSALLE,Jean,2017,1
62442,LE PEN,Marine,2017,103
62442,MACRON,Emmanuel,2017,52
62442,MÉLENCHON,Jean-Luc,2017,61
62442,POUTOU,Philippe,2017,2
62443,ARTHAUD,Nathalie,2017,46
62443,ASSELINEAU,François,2017,14
62443,CHEMINADE,Jacques,2017,4
62443,DUPONT-AIGNAN,Nicolas,2017,169
62443,FILLON,François,2017,324
62443,HAMON,Benoît,2017,136
62443,LASSALLE,Jean,2017,19
62443,LE PEN,Marine,2017,1637
62443,MACRON,Emmanuel,2017,512
62443,MÉLENCHON,Jean-Luc,2017,728
62443,POUTOU,Philippe,2017,40
62444,ARTHAUD,Nathalie,2017,2
62444,ASSELINEAU,François,2017,1
62444,CHEMINADE,Jacques,2017,1
62444,DUPONT-AIGNAN,Nicolas,2017,10
62444,FILLON,François,2017,33
62444,HAMON,Benoît,2017,10
62444,LASSALLE,Jean,2017,2
62444,LE PEN,Marine,2017,25
62444,MACRON,Emmanuel,2017,34
62444,MÉLENCHON,Jean-Luc,2017,41
62444,POUTOU,Philippe,2017,3
62445,ARTHAUD,Nathalie,2017,7
62445,ASSELINEAU,François,2017,3
62445,CHEMINADE,Jacques,2017,2
62445,DUPONT-AIGNAN,Nicolas,2017,16
62445,FILLON,François,2017,96
62445,HAMON,Benoît,2017,37
62445,LASSALLE,Jean,2017,3
62445,LE PEN,Marine,2017,192
62445,MACRON,Emmanuel,2017,99
62445,MÉLENCHON,Jean-Luc,2017,85
62445,POUTOU,Philippe,2017,7
62446,ARTHAUD,Nathalie,2017,3
62446,ASSELINEAU,François,2017,6
62446,CHEMINADE,Jacques,2017,0
62446,DUPONT-AIGNAN,Nicolas,2017,29
62446,FILLON,François,2017,52
62446,HAMON,Benoît,2017,15
62446,LASSALLE,Jean,2017,4
62446,LE PEN,Marine,2017,137
62446,MACRON,Emmanuel,2017,89
62446,MÉLENCHON,Jean-Luc,2017,98
62446,POUTOU,Philippe,2017,5
62447,ARTHAUD,Nathalie,2017,16
62447,ASSELINEAU,François,2017,8
62447,CHEMINADE,Jacques,2017,1
62447,DUPONT-AIGNAN,Nicolas,2017,61
62447,FILLON,François,2017,210
62447,HAMON,Benoît,2017,62
62447,LASSALLE,Jean,2017,5
62447,LE PEN,Marine,2017,293
62447,MACRON,Emmanuel,2017,233
62447,MÉLENCHON,Jean-Luc,2017,170
62447,POUTOU,Philippe,2017,14
62448,ARTHAUD,Nathalie,2017,15
62448,ASSELINEAU,François,2017,5
62448,CHEMINADE,Jacques,2017,4
62448,DUPONT-AIGNAN,Nicolas,2017,66
62448,FILLON,François,2017,208
62448,HAMON,Benoît,2017,45
62448,LASSALLE,Jean,2017,12
62448,LE PEN,Marine,2017,360
62448,MACRON,Emmanuel,2017,273
62448,MÉLENCHON,Jean-Luc,2017,198
62448,POUTOU,Philippe,2017,10
62449,ARTHAUD,Nathalie,2017,1
62449,ASSELINEAU,François,2017,0
62449,CHEMINADE,Jacques,2017,0
62449,DUPONT-AIGNAN,Nicolas,2017,7
62449,FILLON,François,2017,48
62449,HAMON,Benoît,2017,5
62449,LASSALLE,Jean,2017,4
62449,LE PEN,Marine,2017,28
62449,MACRON,Emmanuel,2017,13
62449,MÉLENCHON,Jean-Luc,2017,12
62449,POUTOU,Philippe,2017,3
62450,ARTHAUD,Nathalie,2017,2
62450,ASSELINEAU,François,2017,0
62450,CHEMINADE,Jacques,2017,2
62450,DUPONT-AIGNAN,Nicolas,2017,10
62450,FILLON,François,2017,70
62450,HAMON,Benoît,2017,2
62450,LASSALLE,Jean,2017,2
62450,LE PEN,Marine,2017,37
62450,MACRON,Emmanuel,2017,16
62450,MÉLENCHON,Jean-Luc,2017,20
62450,POUTOU,Philippe,2017,0
62451,ARTHAUD,Nathalie,2017,2
62451,ASSELINEAU,François,2017,4
62451,CHEMINADE,Jacques,2017,0
62451,DUPONT-AIGNAN,Nicolas,2017,14
62451,FILLON,François,2017,63
62451,HAMON,Benoît,2017,11
62451,LASSALLE,Jean,2017,4
62451,LE PEN,Marine,2017,97
62451,MACRON,Emmanuel,2017,52
62451,MÉLENCHON,Jean-Luc,2017,43
62451,POUTOU,Philippe,2017,3
62452,ARTHAUD,Nathalie,2017,2
62452,ASSELINEAU,François,2017,7
62452,CHEMINADE,Jacques,2017,0
62452,DUPONT-AIGNAN,Nicolas,2017,55
62452,FILLON,François,2017,203
62452,HAMON,Benoît,2017,37
62452,LASSALLE,Jean,2017,5
62452,LE PEN,Marine,2017,239
62452,MACRON,Emmanuel,2017,270
62452,MÉLENCHON,Jean-Luc,2017,152
62452,POUTOU,Philippe,2017,4
62453,ARTHAUD,Nathalie,2017,1
62453,ASSELINEAU,François,2017,4
62453,CHEMINADE,Jacques,2017,0
62453,DUPONT-AIGNAN,Nicolas,2017,1
62453,FILLON,François,2017,20
62453,HAMON,Benoît,2017,3
62453,LASSALLE,Jean,2017,0
62453,LE PEN,Marine,2017,17
62453,MACRON,Emmanuel,2017,3
62453,MÉLENCHON,Jean-Luc,2017,15
62453,POUTOU,Philippe,2017,0
62454,ARTHAUD,Nathalie,2017,15
62454,ASSELINEAU,François,2017,13
62454,CHEMINADE,Jacques,2017,0
62454,DUPONT-AIGNAN,Nicolas,2017,100
62454,FILLON,François,2017,283
62454,HAMON,Benoît,2017,68
62454,LASSALLE,Jean,2017,12
62454,LE PEN,Marine,2017,446
62454,MACRON,Emmanuel,2017,365
62454,MÉLENCHON,Jean-Luc,2017,212
62454,POUTOU,Philippe,2017,16
62455,ARTHAUD,Nathalie,2017,2
62455,ASSELINEAU,François,2017,0
62455,CHEMINADE,Jacques,2017,1
62455,DUPONT-AIGNAN,Nicolas,2017,6
62455,FILLON,François,2017,13
62455,HAMON,Benoît,2017,4
62455,LASSALLE,Jean,2017,1
62455,LE PEN,Marine,2017,21
62455,MACRON,Emmanuel,2017,13
62455,MÉLENCHON,Jean-Luc,2017,6
62455,POUTOU,Philippe,2017,1
62456,ARTHAUD,Nathalie,2017,5
62456,ASSELINEAU,François,2017,4
62456,CHEMINADE,Jacques,2017,0
62456,DUPONT-AIGNAN,Nicolas,2017,31
62456,FILLON,François,2017,80
62456,HAMON,Benoît,2017,25
62456,LASSALLE,Jean,2017,3
62456,LE PEN,Marine,2017,206
62456,MACRON,Emmanuel,2017,81
62456,MÉLENCHON,Jean-Luc,2017,66
62456,POUTOU,Philippe,2017,1
62457,ARTHAUD,Nathalie,2017,60
62457,ASSELINEAU,François,2017,23
62457,CHEMINADE,Jacques,2017,9
62457,DUPONT-AIGNAN,Nicolas,2017,187
62457,FILLON,François,2017,471
62457,HAMON,Benoît,2017,231
62457,LASSALLE,Jean,2017,35
62457,LE PEN,Marine,2017,1371
62457,MACRON,Emmanuel,2017,589
62457,MÉLENCHON,Jean-Luc,2017,1038
62457,POUTOU,Philippe,2017,54
62458,ARTHAUD,Nathalie,2017,14
62458,ASSELINEAU,François,2017,4
62458,CHEMINADE,Jacques,2017,1
62458,DUPONT-AIGNAN,Nicolas,2017,45
62458,FILLON,François,2017,89
62458,HAMON,Benoît,2017,26
62458,LASSALLE,Jean,2017,8
62458,LE PEN,Marine,2017,219
62458,MACRON,Emmanuel,2017,142
62458,MÉLENCHON,Jean-Luc,2017,107
62458,POUTOU,Philippe,2017,10
62459,ARTHAUD,Nathalie,2017,1
62459,ASSELINEAU,François,2017,2
62459,CHEMINADE,Jacques,2017,0
62459,DUPONT-AIGNAN,Nicolas,2017,7
62459,FILLON,François,2017,41
62459,HAMON,Benoît,2017,3
62459,LASSALLE,Jean,2017,1
62459,LE PEN,Marine,2017,58
62459,MACRON,Emmanuel,2017,26
62459,MÉLENCHON,Jean-Luc,2017,21
62459,POUTOU,Philippe,2017,2
62460,ARTHAUD,Nathalie,2017,1
62460,ASSELINEAU,François,2017,1
62460,CHEMINADE,Jacques,2017,2
62460,DUPONT-AIGNAN,Nicolas,2017,13
62460,FILLON,François,2017,68
62460,HAMON,Benoît,2017,1
62460,LASSALLE,Jean,2017,5
62460,LE PEN,Marine,2017,38
62460,MACRON,Emmanuel,2017,20
62460,MÉLENCHON,Jean-Luc,2017,20
62460,POUTOU,Philippe,2017,1
62461,ARTHAUD,Nathalie,2017,8
62461,ASSELINEAU,François,2017,2
62461,CHEMINADE,Jacques,2017,4
62461,DUPONT-AIGNAN,Nicolas,2017,12
62461,FILLON,François,2017,82
62461,HAMON,Benoît,2017,28
62461,LASSALLE,Jean,2017,4
62461,LE PEN,Marine,2017,136
62461,MACRON,Emmanuel,2017,87
62461,MÉLENCHON,Jean-Luc,2017,84
62461,POUTOU,Philippe,2017,9
62462,ARTHAUD,Nathalie,2017,0
62462,ASSELINEAU,François,2017,1
62462,CHEMINADE,Jacques,2017,0
62462,DUPONT-AIGNAN,Nicolas,2017,8
62462,FILLON,François,2017,22
62462,HAMON,Benoît,2017,5
62462,LASSALLE,Jean,2017,0
62462,LE PEN,Marine,2017,28
62462,MACRON,Emmanuel,2017,7
62462,MÉLENCHON,Jean-Luc,2017,10
62462,POUTOU,Philippe,2017,0
62463,ARTHAUD,Nathalie,2017,4
62463,ASSELINEAU,François,2017,1
62463,CHEMINADE,Jacques,2017,1
62463,DUPONT-AIGNAN,Nicolas,2017,25
62463,FILLON,François,2017,77
62463,HAMON,Benoît,2017,16
62463,LASSALLE,Jean,2017,1
62463,LE PEN,Marine,2017,51
62463,MACRON,Emmanuel,2017,91
62463,MÉLENCHON,Jean-Luc,2017,42
62463,POUTOU,Philippe,2017,3
62464,ARTHAUD,Nathalie,2017,25
62464,ASSELINEAU,François,2017,6
62464,CHEMINADE,Jacques,2017,1
62464,DUPONT-AIGNAN,Nicolas,2017,90
62464,FILLON,François,2017,167
62464,HAMON,Benoît,2017,102
62464,LASSALLE,Jean,2017,9
62464,LE PEN,Marine,2017,830
62464,MACRON,Emmanuel,2017,290
62464,MÉLENCHON,Jean-Luc,2017,428
62464,POUTOU,Philippe,2017,24
62465,ARTHAUD,Nathalie,2017,6
62465,ASSELINEAU,François,2017,1
62465,CHEMINADE,Jacques,2017,0
62465,DUPONT-AIGNAN,Nicolas,2017,9
62465,FILLON,François,2017,23
62465,HAMON,Benoît,2017,4
62465,LASSALLE,Jean,2017,0
62465,LE PEN,Marine,2017,51
62465,MACRON,Emmanuel,2017,27
62465,MÉLENCHON,Jean-Luc,2017,21
62465,POUTOU,Philippe,2017,1
62466,ARTHAUD,Nathalie,2017,1
62466,ASSELINEAU,François,2017,2
62466,CHEMINADE,Jacques,2017,0
62466,DUPONT-AIGNAN,Nicolas,2017,9
62466,FILLON,François,2017,27
62466,HAMON,Benoît,2017,4
62466,LASSALLE,Jean,2017,0
62466,LE PEN,Marine,2017,45
62466,MACRON,Emmanuel,2017,45
62466,MÉLENCHON,Jean-Luc,2017,20
62466,POUTOU,Philippe,2017,5
62467,ARTHAUD,Nathalie,2017,1
62467,ASSELINEAU,François,2017,0
62467,CHEMINADE,Jacques,2017,0
62467,DUPONT-AIGNAN,Nicolas,2017,6
62467,FILLON,François,2017,31
62467,HAMON,Benoît,2017,4
62467,LASSALLE,Jean,2017,1
62467,LE PEN,Marine,2017,35
62467,MACRON,Emmanuel,2017,5
62467,MÉLENCHON,Jean-Luc,2017,13
62467,POUTOU,Philippe,2017,2
62468,ARTHAUD,Nathalie,2017,1
62468,ASSELINEAU,François,2017,1
62468,CHEMINADE,Jacques,2017,1
62468,DUPONT-AIGNAN,Nicolas,2017,10
62468,FILLON,François,2017,50
62468,HAMON,Benoît,2017,7
62468,LASSALLE,Jean,2017,2
62468,LE PEN,Marine,2017,53
62468,MACRON,Emmanuel,2017,36
62468,MÉLENCHON,Jean-Luc,2017,14
62468,POUTOU,Philippe,2017,0
62469,ARTHAUD,Nathalie,2017,5
62469,ASSELINEAU,François,2017,1
62469,CHEMINADE,Jacques,2017,0
62469,DUPONT-AIGNAN,Nicolas,2017,19
62469,FILLON,François,2017,94
62469,HAMON,Benoît,2017,11
62469,LASSALLE,Jean,2017,4
62469,LE PEN,Marine,2017,106
62469,MACRON,Emmanuel,2017,46
62469,MÉLENCHON,Jean-Luc,2017,49
62469,POUTOU,Philippe,2017,1
62470,ARTHAUD,Nathalie,2017,0
62470,ASSELINEAU,François,2017,0
62470,CHEMINADE,Jacques,2017,0
62470,DUPONT-AIGNAN,Nicolas,2017,4
62470,FILLON,François,2017,21
62470,HAMON,Benoît,2017,1
62470,LASSALLE,Jean,2017,0
62470,LE PEN,Marine,2017,10
62470,MACRON,Emmanuel,2017,10
62470,MÉLENCHON,Jean-Luc,2017,7
62470,POUTOU,Philippe,2017,0
62471,ARTHAUD,Nathalie,2017,8
62471,ASSELINEAU,François,2017,6
62471,CHEMINADE,Jacques,2017,2
62471,DUPONT-AIGNAN,Nicolas,2017,40
62471,FILLON,François,2017,97
62471,HAMON,Benoît,2017,33
62471,LASSALLE,Jean,2017,5
62471,LE PEN,Marine,2017,240
62471,MACRON,Emmanuel,2017,153
62471,MÉLENCHON,Jean-Luc,2017,114
62471,POUTOU,Philippe,2017,4
62472,ARTHAUD,Nathalie,2017,0
62472,ASSELINEAU,François,2017,0
62472,CHEMINADE,Jacques,2017,0
62472,DUPONT-AIGNAN,Nicolas,2017,7
62472,FILLON,François,2017,29
62472,HAMON,Benoît,2017,5
62472,LASSALLE,Jean,2017,2
62472,LE PEN,Marine,2017,24
62472,MACRON,Emmanuel,2017,30
62472,MÉLENCHON,Jean-Luc,2017,12
62472,POUTOU,Philippe,2017,3
62473,ARTHAUD,Nathalie,2017,75
62473,ASSELINEAU,François,2017,33
62473,CHEMINADE,Jacques,2017,14
62473,DUPONT-AIGNAN,Nicolas,2017,210
62473,FILLON,François,2017,453
62473,HAMON,Benoît,2017,431
62473,LASSALLE,Jean,2017,32
62473,LE PEN,Marine,2017,1752
62473,MACRON,Emmanuel,2017,1003
62473,MÉLENCHON,Jean-Luc,2017,1192
62473,POUTOU,Philippe,2017,70
62474,ARTHAUD,Nathalie,2017,13
62474,ASSELINEAU,François,2017,4
62474,CHEMINADE,Jacques,2017,1
62474,DUPONT-AIGNAN,Nicolas,2017,42
62474,FILLON,François,2017,125
62474,HAMON,Benoît,2017,38
62474,LASSALLE,Jean,2017,6
62474,LE PEN,Marine,2017,251
62474,MACRON,Emmanuel,2017,179
62474,MÉLENCHON,Jean-Luc,2017,124
62474,POUTOU,Philippe,2017,8
62475,ARTHAUD,Nathalie,2017,2
62475,ASSELINEAU,François,2017,1
62475,CHEMINADE,Jacques,2017,0
62475,DUPONT-AIGNAN,Nicolas,2017,7
62475,FILLON,François,2017,26
62475,HAMON,Benoît,2017,9
62475,LASSALLE,Jean,2017,4
62475,LE PEN,Marine,2017,68
62475,MACRON,Emmanuel,2017,22
62475,MÉLENCHON,Jean-Luc,2017,22
62475,POUTOU,Philippe,2017,3
62476,ARTHAUD,Nathalie,2017,3
62476,ASSELINEAU,François,2017,9
62476,CHEMINADE,Jacques,2017,3
62476,DUPONT-AIGNAN,Nicolas,2017,37
62476,FILLON,François,2017,133
62476,HAMON,Benoît,2017,14
62476,LASSALLE,Jean,2017,1
62476,LE PEN,Marine,2017,257
62476,MACRON,Emmanuel,2017,120
62476,MÉLENCHON,Jean-Luc,2017,89
62476,POUTOU,Philippe,2017,7
62477,ARTHAUD,Nathalie,2017,4
62477,ASSELINEAU,François,2017,8
62477,CHEMINADE,Jacques,2017,0
62477,DUPONT-AIGNAN,Nicolas,2017,41
62477,FILLON,François,2017,71
62477,HAMON,Benoît,2017,24
62477,LASSALLE,Jean,2017,4
62477,LE PEN,Marine,2017,129
62477,MACRON,Emmanuel,2017,110
62477,MÉLENCHON,Jean-Luc,2017,83
62477,POUTOU,Philippe,2017,6
62478,ARTHAUD,Nathalie,2017,1
62478,ASSELINEAU,François,2017,0
62478,CHEMINADE,Jacques,2017,0
62478,DUPONT-AIGNAN,Nicolas,2017,10
62478,FILLON,François,2017,47
62478,HAMON,Benoît,2017,7
62478,LASSALLE,Jean,2017,3
62478,LE PEN,Marine,2017,46
62478,MACRON,Emmanuel,2017,41
62478,MÉLENCHON,Jean-Luc,2017,16
62478,POUTOU,Philippe,2017,4
62479,ARTHAUD,Nathalie,2017,12
62479,ASSELINEAU,François,2017,2
62479,CHEMINADE,Jacques,2017,1
62479,DUPONT-AIGNAN,Nicolas,2017,72
62479,FILLON,François,2017,128
62479,HAMON,Benoît,2017,49
62479,LASSALLE,Jean,2017,7
62479,LE PEN,Marine,2017,383
62479,MACRON,Emmanuel,2017,175
62479,MÉLENCHON,Jean-Luc,2017,187
62479,POUTOU,Philippe,2017,11
62480,ARTHAUD,Nathalie,2017,16
62480,ASSELINEAU,François,2017,9
62480,CHEMINADE,Jacques,2017,1
62480,DUPONT-AIGNAN,Nicolas,2017,81
62480,FILLON,François,2017,143
62480,HAMON,Benoît,2017,71
62480,LASSALLE,Jean,2017,12
62480,LE PEN,Marine,2017,684
62480,MACRON,Emmanuel,2017,261
62480,MÉLENCHON,Jean-Luc,2017,318
62480,POUTOU,Philippe,2017,20
62481,ARTHAUD,Nathalie,2017,1
62481,ASSELINEAU,François,2017,0
62481,CHEMINADE,Jacques,2017,0
62481,DUPONT-AIGNAN,Nicolas,2017,4
62481,FILLON,François,2017,10
62481,HAMON,Benoît,2017,4
62481,LASSALLE,Jean,2017,1
62481,LE PEN,Marine,2017,50
62481,MACRON,Emmanuel,2017,29
62481,MÉLENCHON,Jean-Luc,2017,11
62481,POUTOU,Philippe,2017,0
62483,ARTHAUD,Nathalie,2017,1
62483,ASSELINEAU,François,2017,2
62483,CHEMINADE,Jacques,2017,0
62483,DUPONT-AIGNAN,Nicolas,2017,11
62483,FILLON,François,2017,32
62483,HAMON,Benoît,2017,2
62483,LASSALLE,Jean,2017,0
62483,LE PEN,Marine,2017,46
62483,MACRON,Emmanuel,2017,24
62483,MÉLENCHON,Jean-Luc,2017,23
62483,POUTOU,Philippe,2017,3
62484,ARTHAUD,Nathalie,2017,2
62484,ASSELINEAU,François,2017,1
62484,CHEMINADE,Jacques,2017,0
62484,DUPONT-AIGNAN,Nicolas,2017,8
62484,FILLON,François,2017,54
62484,HAMON,Benoît,2017,10
62484,LASSALLE,Jean,2017,3
62484,LE PEN,Marine,2017,90
62484,MACRON,Emmanuel,2017,33
62484,MÉLENCHON,Jean-Luc,2017,9
62484,POUTOU,Philippe,2017,4
62485,ARTHAUD,Nathalie,2017,4
62485,ASSELINEAU,François,2017,1
62485,CHEMINADE,Jacques,2017,0
62485,DUPONT-AIGNAN,Nicolas,2017,17
62485,FILLON,François,2017,47
62485,HAMON,Benoît,2017,1
62485,LASSALLE,Jean,2017,1
62485,LE PEN,Marine,2017,82
62485,MACRON,Emmanuel,2017,24
62485,MÉLENCHON,Jean-Luc,2017,19
62485,POUTOU,Philippe,2017,1
62486,ARTHAUD,Nathalie,2017,6
62486,ASSELINEAU,François,2017,5
62486,CHEMINADE,Jacques,2017,2
62486,DUPONT-AIGNAN,Nicolas,2017,26
62486,FILLON,François,2017,84
62486,HAMON,Benoît,2017,37
62486,LASSALLE,Jean,2017,7
62486,LE PEN,Marine,2017,214
62486,MACRON,Emmanuel,2017,120
62486,MÉLENCHON,Jean-Luc,2017,129
62486,POUTOU,Philippe,2017,3
62487,ARTHAUD,Nathalie,2017,4
62487,ASSELINEAU,François,2017,3
62487,CHEMINADE,Jacques,2017,0
62487,DUPONT-AIGNAN,Nicolas,2017,41
62487,FILLON,François,2017,99
62487,HAMON,Benoît,2017,22
62487,LASSALLE,Jean,2017,6
62487,LE PEN,Marine,2017,257
62487,MACRON,Emmanuel,2017,147
62487,MÉLENCHON,Jean-Luc,2017,149
62487,POUTOU,Philippe,2017,7
62488,ARTHAUD,Nathalie,2017,2
62488,ASSELINEAU,François,2017,3
62488,CHEMINADE,Jacques,2017,0
62488,DUPONT-AIGNAN,Nicolas,2017,46
62488,FILLON,François,2017,96
62488,HAMON,Benoît,2017,14
62488,LASSALLE,Jean,2017,4
62488,LE PEN,Marine,2017,167
62488,MACRON,Emmanuel,2017,83
62488,MÉLENCHON,Jean-Luc,2017,70
62488,POUTOU,Philippe,2017,3
62489,ARTHAUD,Nathalie,2017,25
62489,ASSELINEAU,François,2017,7
62489,CHEMINADE,Jacques,2017,7
62489,DUPONT-AIGNAN,Nicolas,2017,105
62489,FILLON,François,2017,271
62489,HAMON,Benoît,2017,102
62489,LASSALLE,Jean,2017,15
62489,LE PEN,Marine,2017,888
62489,MACRON,Emmanuel,2017,317
62489,MÉLENCHON,Jean-Luc,2017,394
62489,POUTOU,Philippe,2017,9
62490,ARTHAUD,Nathalie,2017,2
62490,ASSELINEAU,François,2017,1
62490,CHEMINADE,Jacques,2017,0
62490,DUPONT-AIGNAN,Nicolas,2017,11
62490,FILLON,François,2017,33
62490,HAMON,Benoît,2017,15
62490,LASSALLE,Jean,2017,3
62490,LE PEN,Marine,2017,53
62490,MACRON,Emmanuel,2017,24
62490,MÉLENCHON,Jean-Luc,2017,22
62490,POUTOU,Philippe,2017,4
62491,ARTHAUD,Nathalie,2017,25
62491,ASSELINEAU,François,2017,16
62491,CHEMINADE,Jacques,2017,4
62491,DUPONT-AIGNAN,Nicolas,2017,212
62491,FILLON,François,2017,686
62491,HAMON,Benoît,2017,149
62491,LASSALLE,Jean,2017,23
62491,LE PEN,Marine,2017,887
62491,MACRON,Emmanuel,2017,681
62491,MÉLENCHON,Jean-Luc,2017,489
62491,POUTOU,Philippe,2017,23
62492,ARTHAUD,Nathalie,2017,1
62492,ASSELINEAU,François,2017,1
62492,CHEMINADE,Jacques,2017,0
62492,DUPONT-AIGNAN,Nicolas,2017,7
62492,FILLON,François,2017,34
62492,HAMON,Benoît,2017,10
62492,LASSALLE,Jean,2017,2
62492,LE PEN,Marine,2017,37
62492,MACRON,Emmanuel,2017,20
62492,MÉLENCHON,Jean-Luc,2017,27
62492,POUTOU,Philippe,2017,1
62493,ARTHAUD,Nathalie,2017,1
62493,ASSELINEAU,François,2017,1
62493,CHEMINADE,Jacques,2017,0
62493,DUPONT-AIGNAN,Nicolas,2017,11
62493,FILLON,François,2017,33
62493,HAMON,Benoît,2017,6
62493,LASSALLE,Jean,2017,0
62493,LE PEN,Marine,2017,52
62493,MACRON,Emmanuel,2017,26
62493,MÉLENCHON,Jean-Luc,2017,16
62493,POUTOU,Philippe,2017,4
62494,ARTHAUD,Nathalie,2017,0
62494,ASSELINEAU,François,2017,0
62494,CHEMINADE,Jacques,2017,0
62494,DUPONT-AIGNAN,Nicolas,2017,5
62494,FILLON,François,2017,10
62494,HAMON,Benoît,2017,1
62494,LASSALLE,Jean,2017,2
62494,LE PEN,Marine,2017,13
62494,MACRON,Emmanuel,2017,3
62494,MÉLENCHON,Jean-Luc,2017,5
62494,POUTOU,Philippe,2017,0
62495,ARTHAUD,Nathalie,2017,1
62495,ASSELINEAU,François,2017,2
62495,CHEMINADE,Jacques,2017,1
62495,DUPONT-AIGNAN,Nicolas,2017,15
62495,FILLON,François,2017,42
62495,HAMON,Benoît,2017,15
62495,LASSALLE,Jean,2017,1
62495,LE PEN,Marine,2017,56
62495,MACRON,Emmanuel,2017,28
62495,MÉLENCHON,Jean-Luc,2017,25
62495,POUTOU,Philippe,2017,1
62496,ARTHAUD,Nathalie,2017,3
62496,ASSELINEAU,François,2017,0
62496,CHEMINADE,Jacques,2017,0
62496,DUPONT-AIGNAN,Nicolas,2017,8
62496,FILLON,François,2017,38
62496,HAMON,Benoît,2017,4
62496,LASSALLE,Jean,2017,0
62496,LE PEN,Marine,2017,55
62496,MACRON,Emmanuel,2017,41
62496,MÉLENCHON,Jean-Luc,2017,33
62496,POUTOU,Philippe,2017,0
62497,ARTHAUD,Nathalie,2017,32
62497,ASSELINEAU,François,2017,31
62497,CHEMINADE,Jacques,2017,6
62497,DUPONT-AIGNAN,Nicolas,2017,173
62497,FILLON,François,2017,283
62497,HAMON,Benoît,2017,252
62497,LASSALLE,Jean,2017,31
62497,LE PEN,Marine,2017,1564
62497,MACRON,Emmanuel,2017,632
62497,MÉLENCHON,Jean-Luc,2017,934
62497,POUTOU,Philippe,2017,28
62498,ARTHAUD,Nathalie,2017,160
62498,ASSELINEAU,François,2017,132
62498,CHEMINADE,Jacques,2017,26
62498,DUPONT-AIGNAN,Nicolas,2017,505
62498,FILLON,François,2017,1529
62498,HAMON,Benoît,2017,1020
62498,LASSALLE,Jean,2017,74
62498,LE PEN,Marine,2017,5621
62498,MACRON,Emmanuel,2017,2588
62498,MÉLENCHON,Jean-Luc,2017,3479
62498,POUTOU,Philippe,2017,180
62499,ARTHAUD,Nathalie,2017,4
62499,ASSELINEAU,François,2017,1
62499,CHEMINADE,Jacques,2017,0
62499,DUPONT-AIGNAN,Nicolas,2017,23
62499,FILLON,François,2017,57
62499,HAMON,Benoît,2017,4
62499,LASSALLE,Jean,2017,9
62499,LE PEN,Marine,2017,52
62499,MACRON,Emmanuel,2017,43
62499,MÉLENCHON,Jean-Luc,2017,12
62499,POUTOU,Philippe,2017,1
62500,ARTHAUD,Nathalie,2017,3
62500,ASSELINEAU,François,2017,0
62500,CHEMINADE,Jacques,2017,0
62500,DUPONT-AIGNAN,Nicolas,2017,10
62500,FILLON,François,2017,35
62500,HAMON,Benoît,2017,24
62500,LASSALLE,Jean,2017,0
62500,LE PEN,Marine,2017,85
62500,MACRON,Emmanuel,2017,64
62500,MÉLENCHON,Jean-Luc,2017,55
62500,POUTOU,Philippe,2017,3
62501,ARTHAUD,Nathalie,2017,4
62501,ASSELINEAU,François,2017,1
62501,CHEMINADE,Jacques,2017,1
62501,DUPONT-AIGNAN,Nicolas,2017,5
62501,FILLON,François,2017,30
62501,HAMON,Benoît,2017,11
62501,LASSALLE,Jean,2017,1
62501,LE PEN,Marine,2017,43
62501,MACRON,Emmanuel,2017,32
62501,MÉLENCHON,Jean-Luc,2017,23
62501,POUTOU,Philippe,2017,3
62502,ARTHAUD,Nathalie,2017,20
62502,ASSELINEAU,François,2017,12
62502,CHEMINADE,Jacques,2017,12
62502,DUPONT-AIGNAN,Nicolas,2017,197
62502,FILLON,François,2017,548
62502,HAMON,Benoît,2017,101
62502,LASSALLE,Jean,2017,36
62502,LE PEN,Marine,2017,840
62502,MACRON,Emmanuel,2017,593
62502,MÉLENCHON,Jean-Luc,2017,444
62502,POUTOU,Philippe,2017,35
62503,ARTHAUD,Nathalie,2017,1
62503,ASSELINEAU,François,2017,0
62503,CHEMINADE,Jacques,2017,0
62503,DUPONT-AIGNAN,Nicolas,2017,12
62503,FILLON,François,2017,55
62503,HAMON,Benoît,2017,10
62503,LASSALLE,Jean,2017,6
62503,LE PEN,Marine,2017,56
62503,MACRON,Emmanuel,2017,45
62503,MÉLENCHON,Jean-Luc,2017,29
62503,POUTOU,Philippe,2017,2
62504,ARTHAUD,Nathalie,2017,2
62504,ASSELINEAU,François,2017,0
62504,CHEMINADE,Jacques,2017,0
62504,DUPONT-AIGNAN,Nicolas,2017,8
62504,FILLON,François,2017,37
62504,HAMON,Benoît,2017,5
62504,LASSALLE,Jean,2017,0
62504,LE PEN,Marine,2017,54
62504,MACRON,Emmanuel,2017,19
62504,MÉLENCHON,Jean-Luc,2017,27
62504,POUTOU,Philippe,2017,0
62505,ARTHAUD,Nathalie,2017,5
62505,ASSELINEAU,François,2017,2
62505,CHEMINADE,Jacques,2017,4
62505,DUPONT-AIGNAN,Nicolas,2017,9
62505,FILLON,François,2017,54
62505,HAMON,Benoît,2017,11
62505,LASSALLE,Jean,2017,6
62505,LE PEN,Marine,2017,99
62505,MACRON,Emmanuel,2017,53
62505,MÉLENCHON,Jean-Luc,2017,42
62505,POUTOU,Philippe,2017,4
62506,ARTHAUD,Nathalie,2017,18
62506,ASSELINEAU,François,2017,2
62506,CHEMINADE,Jacques,2017,0
62506,DUPONT-AIGNAN,Nicolas,2017,71
62506,FILLON,François,2017,216
62506,HAMON,Benoît,2017,45
62506,LASSALLE,Jean,2017,6
62506,LE PEN,Marine,2017,370
62506,MACRON,Emmanuel,2017,156
62506,MÉLENCHON,Jean-Luc,2017,107
62506,POUTOU,Philippe,2017,10
62507,ARTHAUD,Nathalie,2017,1
62507,ASSELINEAU,François,2017,0
62507,CHEMINADE,Jacques,2017,0
62507,DUPONT-AIGNAN,Nicolas,2017,11
62507,FILLON,François,2017,23
62507,HAMON,Benoît,2017,8
62507,LASSALLE,Jean,2017,1
62507,LE PEN,Marine,2017,72
62507,MACRON,Emmanuel,2017,44
62507,MÉLENCHON,Jean-Luc,2017,19
62507,POUTOU,Philippe,2017,6
62508,ARTHAUD,Nathalie,2017,2
62508,ASSELINEAU,François,2017,1
62508,CHEMINADE,Jacques,2017,1
62508,DUPONT-AIGNAN,Nicolas,2017,12
62508,FILLON,François,2017,29
62508,HAMON,Benoît,2017,21
62508,LASSALLE,Jean,2017,0
62508,LE PEN,Marine,2017,82
62508,MACRON,Emmanuel,2017,39
62508,MÉLENCHON,Jean-Luc,2017,48
62508,POUTOU,Philippe,2017,1
62509,ARTHAUD,Nathalie,2017,2
62509,ASSELINEAU,François,2017,1
62509,CHEMINADE,Jacques,2017,2
62509,DUPONT-AIGNAN,Nicolas,2017,12
62509,FILLON,François,2017,34
62509,HAMON,Benoît,2017,7
62509,LASSALLE,Jean,2017,3
62509,LE PEN,Marine,2017,84
62509,MACRON,Emmanuel,2017,26
62509,MÉLENCHON,Jean-Luc,2017,25
62509,POUTOU,Philippe,2017,1
62510,ARTHAUD,Nathalie,2017,193
62510,ASSELINEAU,François,2017,100
62510,CHEMINADE,Jacques,2017,22
62510,DUPONT-AIGNAN,Nicolas,2017,536
62510,FILLON,François,2017,1000
62510,HAMON,Benoît,2017,1218
62510,LASSALLE,Jean,2017,65
62510,LE PEN,Marine,2017,6321
62510,MACRON,Emmanuel,2017,2347
62510,MÉLENCHON,Jean-Luc,2017,3198
62510,POUTOU,Philippe,2017,177
62511,ARTHAUD,Nathalie,2017,0
62511,ASSELINEAU,François,2017,1
62511,CHEMINADE,Jacques,2017,0
62511,DUPONT-AIGNAN,Nicolas,2017,5
62511,FILLON,François,2017,29
62511,HAMON,Benoît,2017,4
62511,LASSALLE,Jean,2017,1
62511,LE PEN,Marine,2017,16
62511,MACRON,Emmanuel,2017,6
62511,MÉLENCHON,Jean-Luc,2017,12
62511,POUTOU,Philippe,2017,0
62512,ARTHAUD,Nathalie,2017,6
62512,ASSELINEAU,François,2017,1
62512,CHEMINADE,Jacques,2017,0
62512,DUPONT-AIGNAN,Nicolas,2017,25
62512,FILLON,François,2017,70
62512,HAMON,Benoît,2017,16
62512,LASSALLE,Jean,2017,3
62512,LE PEN,Marine,2017,129
62512,MACRON,Emmanuel,2017,65
62512,MÉLENCHON,Jean-Luc,2017,66
62512,POUTOU,Philippe,2017,2
62513,ARTHAUD,Nathalie,2017,2
62513,ASSELINEAU,François,2017,0
62513,CHEMINADE,Jacques,2017,0
62513,DUPONT-AIGNAN,Nicolas,2017,2
62513,FILLON,François,2017,30
62513,HAMON,Benoît,2017,9
62513,LASSALLE,Jean,2017,1
62513,LE PEN,Marine,2017,47
62513,MACRON,Emmanuel,2017,21
62513,MÉLENCHON,Jean-Luc,2017,22
62513,POUTOU,Philippe,2017,0
62514,ARTHAUD,Nathalie,2017,2
62514,ASSELINEAU,François,2017,5
62514,CHEMINADE,Jacques,2017,1
62514,DUPONT-AIGNAN,Nicolas,2017,2
62514,FILLON,François,2017,28
62514,HAMON,Benoît,2017,4
62514,LASSALLE,Jean,2017,1
62514,LE PEN,Marine,2017,69
62514,MACRON,Emmanuel,2017,32
62514,MÉLENCHON,Jean-Luc,2017,12
62514,POUTOU,Philippe,2017,1
62515,ARTHAUD,Nathalie,2017,2
62515,ASSELINEAU,François,2017,4
62515,CHEMINADE,Jacques,2017,0
62515,DUPONT-AIGNAN,Nicolas,2017,22
62515,FILLON,François,2017,63
62515,HAMON,Benoît,2017,21
62515,LASSALLE,Jean,2017,2
62515,LE PEN,Marine,2017,129
62515,MACRON,Emmanuel,2017,75
62515,MÉLENCHON,Jean-Luc,2017,61
62515,POUTOU,Philippe,2017,2
62516,ARTHAUD,Nathalie,2017,59
62516,ASSELINEAU,François,2017,21
62516,CHEMINADE,Jacques,2017,5
62516,DUPONT-AIGNAN,Nicolas,2017,251
62516,FILLON,François,2017,580
62516,HAMON,Benoît,2017,236
62516,LASSALLE,Jean,2017,32
62516,LE PEN,Marine,2017,1837
62516,MACRON,Emmanuel,2017,796
62516,MÉLENCHON,Jean-Luc,2017,1243
62516,POUTOU,Philippe,2017,46
62517,ARTHAUD,Nathalie,2017,5
62517,ASSELINEAU,François,2017,0
62517,CHEMINADE,Jacques,2017,0
62517,DUPONT-AIGNAN,Nicolas,2017,10
62517,FILLON,François,2017,22
62517,HAMON,Benoît,2017,9
62517,LASSALLE,Jean,2017,2
62517,LE PEN,Marine,2017,74
62517,MACRON,Emmanuel,2017,28
62517,MÉLENCHON,Jean-Luc,2017,19
62517,POUTOU,Philippe,2017,1
62518,ARTHAUD,Nathalie,2017,0
62518,ASSELINEAU,François,2017,0
62518,CHEMINADE,Jacques,2017,0
62518,DUPONT-AIGNAN,Nicolas,2017,7
62518,FILLON,François,2017,25
62518,HAMON,Benoît,2017,1
62518,LASSALLE,Jean,2017,1
62518,LE PEN,Marine,2017,43
62518,MACRON,Emmanuel,2017,15
62518,MÉLENCHON,Jean-Luc,2017,19
62518,POUTOU,Philippe,2017,0
62519,ARTHAUD,Nathalie,2017,1
62519,ASSELINEAU,François,2017,1
62519,CHEMINADE,Jacques,2017,0
62519,DUPONT-AIGNAN,Nicolas,2017,41
62519,FILLON,François,2017,98
62519,HAMON,Benoît,2017,13
62519,LASSALLE,Jean,2017,10
62519,LE PEN,Marine,2017,149
62519,MACRON,Emmanuel,2017,49
62519,MÉLENCHON,Jean-Luc,2017,33
62519,POUTOU,Philippe,2017,4
62520,ARTHAUD,Nathalie,2017,9
62520,ASSELINEAU,François,2017,10
62520,CHEMINADE,Jacques,2017,3
62520,DUPONT-AIGNAN,Nicolas,2017,110
62520,FILLON,François,2017,394
62520,HAMON,Benoît,2017,58
62520,LASSALLE,Jean,2017,13
62520,LE PEN,Marine,2017,465
62520,MACRON,Emmanuel,2017,342
62520,MÉLENCHON,Jean-Luc,2017,233
62520,POUTOU,Philippe,2017,14
62521,ARTHAUD,Nathalie,2017,0
62521,ASSELINEAU,François,2017,3
62521,CHEMINADE,Jacques,2017,0
62521,DUPONT-AIGNAN,Nicolas,2017,9
62521,FILLON,François,2017,12
62521,HAMON,Benoît,2017,3
62521,LASSALLE,Jean,2017,1
62521,LE PEN,Marine,2017,62
62521,MACRON,Emmanuel,2017,25
62521,MÉLENCHON,Jean-Luc,2017,21
62521,POUTOU,Philippe,2017,0
62522,ARTHAUD,Nathalie,2017,0
62522,ASSELINEAU,François,2017,0
62522,CHEMINADE,Jacques,2017,0
62522,DUPONT-AIGNAN,Nicolas,2017,16
62522,FILLON,François,2017,37
62522,HAMON,Benoît,2017,2
62522,LASSALLE,Jean,2017,2
62522,LE PEN,Marine,2017,43
62522,MACRON,Emmanuel,2017,51
62522,MÉLENCHON,Jean-Luc,2017,31
62522,POUTOU,Philippe,2017,2
62523,ARTHAUD,Nathalie,2017,30
62523,ASSELINEAU,François,2017,19
62523,CHEMINADE,Jacques,2017,5
62523,DUPONT-AIGNAN,Nicolas,2017,126
62523,FILLON,François,2017,212
62523,HAMON,Benoît,2017,185
62523,LASSALLE,Jean,2017,15
62523,LE PEN,Marine,2017,1264
62523,MACRON,Emmanuel,2017,437
62523,MÉLENCHON,Jean-Luc,2017,589
62523,POUTOU,Philippe,2017,40
62524,ARTHAUD,Nathalie,2017,9
62524,ASSELINEAU,François,2017,3
62524,CHEMINADE,Jacques,2017,1
62524,DUPONT-AIGNAN,Nicolas,2017,57
62524,FILLON,François,2017,161
62524,HAMON,Benoît,2017,48
62524,LASSALLE,Jean,2017,9
62524,LE PEN,Marine,2017,275
62524,MACRON,Emmanuel,2017,180
62524,MÉLENCHON,Jean-Luc,2017,147
62524,POUTOU,Philippe,2017,6
62525,ARTHAUD,Nathalie,2017,72
62525,ASSELINEAU,François,2017,39
62525,CHEMINADE,Jacques,2017,11
62525,DUPONT-AIGNAN,Nicolas,2017,241
62525,FILLON,François,2017,875
62525,HAMON,Benoît,2017,276
62525,LASSALLE,Jean,2017,51
62525,LE PEN,Marine,2017,1616
62525,MACRON,Emmanuel,2017,1296
62525,MÉLENCHON,Jean-Luc,2017,968
62525,POUTOU,Philippe,2017,60
62526,ARTHAUD,Nathalie,2017,1
62526,ASSELINEAU,François,2017,0
62526,CHEMINADE,Jacques,2017,2
62526,DUPONT-AIGNAN,Nicolas,2017,5
62526,FILLON,François,2017,22
62526,HAMON,Benoît,2017,3
62526,LASSALLE,Jean,2017,1
62526,LE PEN,Marine,2017,32
62526,MACRON,Emmanuel,2017,14
62526,MÉLENCHON,Jean-Luc,2017,10
62526,POUTOU,Philippe,2017,0
62527,ARTHAUD,Nathalie,2017,1
62527,ASSELINEAU,François,2017,3
62527,CHEMINADE,Jacques,2017,0
62527,DUPONT-AIGNAN,Nicolas,2017,8
62527,FILLON,François,2017,40
62527,HAMON,Benoît,2017,2
62527,LASSALLE,Jean,2017,3
62527,LE PEN,Marine,2017,45
62527,MACRON,Emmanuel,2017,32
62527,MÉLENCHON,Jean-Luc,2017,15
62527,POUTOU,Philippe,2017,2
62528,ARTHAUD,Nathalie,2017,39
62528,ASSELINEAU,François,2017,23
62528,CHEMINADE,Jacques,2017,13
62528,DUPONT-AIGNAN,Nicolas,2017,186
62528,FILLON,François,2017,404
62528,HAMON,Benoît,2017,275
62528,LASSALLE,Jean,2017,30
62528,LE PEN,Marine,2017,1591
62528,MACRON,Emmanuel,2017,659
62528,MÉLENCHON,Jean-Luc,2017,816
62528,POUTOU,Philippe,2017,43
62529,ARTHAUD,Nathalie,2017,4
62529,ASSELINEAU,François,2017,11
62529,CHEMINADE,Jacques,2017,1
62529,DUPONT-AIGNAN,Nicolas,2017,66
62529,FILLON,François,2017,219
62529,HAMON,Benoît,2017,41
62529,LASSALLE,Jean,2017,7
62529,LE PEN,Marine,2017,293
62529,MACRON,Emmanuel,2017,249
62529,MÉLENCHON,Jean-Luc,2017,136
62529,POUTOU,Philippe,2017,11
62530,ARTHAUD,Nathalie,2017,1
62530,ASSELINEAU,François,2017,2
62530,CHEMINADE,Jacques,2017,2
62530,DUPONT-AIGNAN,Nicolas,2017,17
62530,FILLON,François,2017,98
62530,HAMON,Benoît,2017,15
62530,LASSALLE,Jean,2017,2
62530,LE PEN,Marine,2017,115
62530,MACRON,Emmanuel,2017,50
62530,MÉLENCHON,Jean-Luc,2017,42
62530,POUTOU,Philippe,2017,5
62531,ARTHAUD,Nathalie,2017,8
62531,ASSELINEAU,François,2017,3
62531,CHEMINADE,Jacques,2017,1
62531,DUPONT-AIGNAN,Nicolas,2017,39
62531,FILLON,François,2017,102
62531,HAMON,Benoît,2017,25
62531,LASSALLE,Jean,2017,4
62531,LE PEN,Marine,2017,186
62531,MACRON,Emmanuel,2017,113
62531,MÉLENCHON,Jean-Luc,2017,83
62531,POUTOU,Philippe,2017,4
62532,ARTHAUD,Nathalie,2017,4
62532,ASSELINEAU,François,2017,3
62532,CHEMINADE,Jacques,2017,2
62532,DUPONT-AIGNAN,Nicolas,2017,25
62532,FILLON,François,2017,59
62532,HAMON,Benoît,2017,29
62532,LASSALLE,Jean,2017,7
62532,LE PEN,Marine,2017,366
62532,MACRON,Emmanuel,2017,99
62532,MÉLENCHON,Jean-Luc,2017,153
62532,POUTOU,Philippe,2017,4
62533,ARTHAUD,Nathalie,2017,2
62533,ASSELINEAU,François,2017,1
62533,CHEMINADE,Jacques,2017,0
62533,DUPONT-AIGNAN,Nicolas,2017,3
62533,FILLON,François,2017,16
62533,HAMON,Benoît,2017,0
62533,LASSALLE,Jean,2017,1
62533,LE PEN,Marine,2017,40
62533,MACRON,Emmanuel,2017,10
62533,MÉLENCHON,Jean-Luc,2017,21
62533,POUTOU,Philippe,2017,2
62534,ARTHAUD,Nathalie,2017,24
62534,ASSELINEAU,François,2017,13
62534,CHEMINADE,Jacques,2017,5
62534,DUPONT-AIGNAN,Nicolas,2017,108
62534,FILLON,François,2017,275
62534,HAMON,Benoît,2017,193
62534,LASSALLE,Jean,2017,15
62534,LE PEN,Marine,2017,651
62534,MACRON,Emmanuel,2017,450
62534,MÉLENCHON,Jean-Luc,2017,377
62534,POUTOU,Philippe,2017,30
62535,ARTHAUD,Nathalie,2017,1
62535,ASSELINEAU,François,2017,0
62535,CHEMINADE,Jacques,2017,0
62535,DUPONT-AIGNAN,Nicolas,2017,6
62535,FILLON,François,2017,38
62535,HAMON,Benoît,2017,9
62535,LASSALLE,Jean,2017,2
62535,LE PEN,Marine,2017,15
62535,MACRON,Emmanuel,2017,28
62535,MÉLENCHON,Jean-Luc,2017,18
62535,POUTOU,Philippe,2017,0
62536,ARTHAUD,Nathalie,2017,2
62536,ASSELINEAU,François,2017,4
62536,CHEMINADE,Jacques,2017,0
62536,DUPONT-AIGNAN,Nicolas,2017,26
62536,FILLON,François,2017,82
62536,HAMON,Benoît,2017,18
62536,LASSALLE,Jean,2017,4
62536,LE PEN,Marine,2017,132
62536,MACRON,Emmanuel,2017,55
62536,MÉLENCHON,Jean-Luc,2017,62
62536,POUTOU,Philippe,2017,2
62537,ARTHAUD,Nathalie,2017,1
62537,ASSELINEAU,François,2017,2
62537,CHEMINADE,Jacques,2017,0
62537,DUPONT-AIGNAN,Nicolas,2017,5
62537,FILLON,François,2017,8
62537,HAMON,Benoît,2017,2
62537,LASSALLE,Jean,2017,1
62537,LE PEN,Marine,2017,36
62537,MACRON,Emmanuel,2017,14
62537,MÉLENCHON,Jean-Luc,2017,10
62537,POUTOU,Philippe,2017,1
62538,ARTHAUD,Nathalie,2017,3
62538,ASSELINEAU,François,2017,0
62538,CHEMINADE,Jacques,2017,0
62538,DUPONT-AIGNAN,Nicolas,2017,13
62538,FILLON,François,2017,58
62538,HAMON,Benoît,2017,13
62538,LASSALLE,Jean,2017,3
62538,LE PEN,Marine,2017,94
62538,MACRON,Emmanuel,2017,49
62538,MÉLENCHON,Jean-Luc,2017,31
62538,POUTOU,Philippe,2017,1
62539,ARTHAUD,Nathalie,2017,5
62539,ASSELINEAU,François,2017,1
62539,CHEMINADE,Jacques,2017,0
62539,DUPONT-AIGNAN,Nicolas,2017,13
62539,FILLON,François,2017,43
62539,HAMON,Benoît,2017,2
62539,LASSALLE,Jean,2017,0
62539,LE PEN,Marine,2017,64
62539,MACRON,Emmanuel,2017,21
62539,MÉLENCHON,Jean-Luc,2017,18
62539,POUTOU,Philippe,2017,0
62540,ARTHAUD,Nathalie,2017,2
62540,ASSELINEAU,François,2017,9
62540,CHEMINADE,Jacques,2017,1
62540,DUPONT-AIGNAN,Nicolas,2017,59
62540,FILLON,François,2017,73
62540,HAMON,Benoît,2017,66
62540,LASSALLE,Jean,2017,7
62540,LE PEN,Marine,2017,362
62540,MACRON,Emmanuel,2017,159
62540,MÉLENCHON,Jean-Luc,2017,215
62540,POUTOU,Philippe,2017,15
62541,ARTHAUD,Nathalie,2017,0
62541,ASSELINEAU,François,2017,1
62541,CHEMINADE,Jacques,2017,0
62541,DUPONT-AIGNAN,Nicolas,2017,8
62541,FILLON,François,2017,30
62541,HAMON,Benoît,2017,5
62541,LASSALLE,Jean,2017,1
62541,LE PEN,Marine,2017,20
62541,MACRON,Emmanuel,2017,7
62541,MÉLENCHON,Jean-Luc,2017,14
62541,POUTOU,Philippe,2017,2
62542,ARTHAUD,Nathalie,2017,1
62542,ASSELINEAU,François,2017,0
62542,CHEMINADE,Jacques,2017,0
62542,DUPONT-AIGNAN,Nicolas,2017,8
62542,FILLON,François,2017,29
62542,HAMON,Benoît,2017,4
62542,LASSALLE,Jean,2017,0
62542,LE PEN,Marine,2017,54
62542,MACRON,Emmanuel,2017,14
62542,MÉLENCHON,Jean-Luc,2017,19
62542,POUTOU,Philippe,2017,1
62543,ARTHAUD,Nathalie,2017,15
62543,ASSELINEAU,François,2017,4
62543,CHEMINADE,Jacques,2017,3
62543,DUPONT-AIGNAN,Nicolas,2017,108
62543,FILLON,François,2017,169
62543,HAMON,Benoît,2017,53
62543,LASSALLE,Jean,2017,10
62543,LE PEN,Marine,2017,428
62543,MACRON,Emmanuel,2017,221
62543,MÉLENCHON,Jean-Luc,2017,262
62543,POUTOU,Philippe,2017,10
62544,ARTHAUD,Nathalie,2017,1
62544,ASSELINEAU,François,2017,0
62544,CHEMINADE,Jacques,2017,0
62544,DUPONT-AIGNAN,Nicolas,2017,7
62544,FILLON,François,2017,35
62544,HAMON,Benoît,2017,10
62544,LASSALLE,Jean,2017,1
62544,LE PEN,Marine,2017,30
62544,MACRON,Emmanuel,2017,19
62544,MÉLENCHON,Jean-Luc,2017,10
62544,POUTOU,Philippe,2017,1
62545,ARTHAUD,Nathalie,2017,0
62545,ASSELINEAU,François,2017,1
62545,CHEMINADE,Jacques,2017,0
62545,DUPONT-AIGNAN,Nicolas,2017,2
62545,FILLON,François,2017,33
62545,HAMON,Benoît,2017,2
62545,LASSALLE,Jean,2017,0
62545,LE PEN,Marine,2017,27
62545,MACRON,Emmanuel,2017,21
62545,MÉLENCHON,Jean-Luc,2017,9
62545,POUTOU,Philippe,2017,0
62546,ARTHAUD,Nathalie,2017,2
62546,ASSELINEAU,François,2017,0
62546,CHEMINADE,Jacques,2017,0
62546,DUPONT-AIGNAN,Nicolas,2017,9
62546,FILLON,François,2017,74
62546,HAMON,Benoît,2017,9
62546,LASSALLE,Jean,2017,2
62546,LE PEN,Marine,2017,34
62546,MACRON,Emmanuel,2017,71
62546,MÉLENCHON,Jean-Luc,2017,38
62546,POUTOU,Philippe,2017,1
62547,ARTHAUD,Nathalie,2017,2
62547,ASSELINEAU,François,2017,1
62547,CHEMINADE,Jacques,2017,0
62547,DUPONT-AIGNAN,Nicolas,2017,9
62547,FILLON,François,2017,8
62547,HAMON,Benoît,2017,1
62547,LASSALLE,Jean,2017,0
62547,LE PEN,Marine,2017,16
62547,MACRON,Emmanuel,2017,12
62547,MÉLENCHON,Jean-Luc,2017,5
62547,POUTOU,Philippe,2017,0
62548,ARTHAUD,Nathalie,2017,64
62548,ASSELINEAU,François,2017,41
62548,CHEMINADE,Jacques,2017,7
62548,DUPONT-AIGNAN,Nicolas,2017,332
62548,FILLON,François,2017,768
62548,HAMON,Benoît,2017,290
62548,LASSALLE,Jean,2017,48
62548,LE PEN,Marine,2017,2232
62548,MACRON,Emmanuel,2017,1106
62548,MÉLENCHON,Jean-Luc,2017,1185
62548,POUTOU,Philippe,2017,63
62549,ARTHAUD,Nathalie,2017,10
62549,ASSELINEAU,François,2017,3
62549,CHEMINADE,Jacques,2017,0
62549,DUPONT-AIGNAN,Nicolas,2017,42
62549,FILLON,François,2017,149
62549,HAMON,Benoît,2017,23
62549,LASSALLE,Jean,2017,3
62549,LE PEN,Marine,2017,192
62549,MACRON,Emmanuel,2017,152
62549,MÉLENCHON,Jean-Luc,2017,89
62549,POUTOU,Philippe,2017,7
62550,ARTHAUD,Nathalie,2017,17
62550,ASSELINEAU,François,2017,4
62550,CHEMINADE,Jacques,2017,2
62550,DUPONT-AIGNAN,Nicolas,2017,41
62550,FILLON,François,2017,114
62550,HAMON,Benoît,2017,30
62550,LASSALLE,Jean,2017,4
62550,LE PEN,Marine,2017,197
62550,MACRON,Emmanuel,2017,144
62550,MÉLENCHON,Jean-Luc,2017,117
62550,POUTOU,Philippe,2017,12
62551,ARTHAUD,Nathalie,2017,2
62551,ASSELINEAU,François,2017,6
62551,CHEMINADE,Jacques,2017,0
62551,DUPONT-AIGNAN,Nicolas,2017,13
62551,FILLON,François,2017,29
62551,HAMON,Benoît,2017,14
62551,LASSALLE,Jean,2017,0
62551,LE PEN,Marine,2017,43
62551,MACRON,Emmanuel,2017,30
62551,MÉLENCHON,Jean-Luc,2017,27
62551,POUTOU,Philippe,2017,4
62552,ARTHAUD,Nathalie,2017,8
62552,ASSELINEAU,François,2017,2
62552,CHEMINADE,Jacques,2017,0
62552,DUPONT-AIGNAN,Nicolas,2017,34
62552,FILLON,François,2017,73
62552,HAMON,Benoît,2017,22
62552,LASSALLE,Jean,2017,2
62552,LE PEN,Marine,2017,186
62552,MACRON,Emmanuel,2017,148
62552,MÉLENCHON,Jean-Luc,2017,119
62552,POUTOU,Philippe,2017,7
62553,ARTHAUD,Nathalie,2017,6
62553,ASSELINEAU,François,2017,1
62553,CHEMINADE,Jacques,2017,0
62553,DUPONT-AIGNAN,Nicolas,2017,15
62553,FILLON,François,2017,44
62553,HAMON,Benoît,2017,9
62553,LASSALLE,Jean,2017,3
62553,LE PEN,Marine,2017,70
62553,MACRON,Emmanuel,2017,32
62553,MÉLENCHON,Jean-Luc,2017,35
62553,POUTOU,Philippe,2017,0
62554,ARTHAUD,Nathalie,2017,1
62554,ASSELINEAU,François,2017,0
62554,CHEMINADE,Jacques,2017,0
62554,DUPONT-AIGNAN,Nicolas,2017,1
62554,FILLON,François,2017,30
62554,HAMON,Benoît,2017,8
62554,LASSALLE,Jean,2017,1
62554,LE PEN,Marine,2017,8
62554,MACRON,Emmanuel,2017,13
62554,MÉLENCHON,Jean-Luc,2017,5
62554,POUTOU,Philippe,2017,0
62555,ARTHAUD,Nathalie,2017,37
62555,ASSELINEAU,François,2017,12
62555,CHEMINADE,Jacques,2017,3
62555,DUPONT-AIGNAN,Nicolas,2017,89
62555,FILLON,François,2017,181
62555,HAMON,Benoît,2017,149
62555,LASSALLE,Jean,2017,12
62555,LE PEN,Marine,2017,1308
62555,MACRON,Emmanuel,2017,307
62555,MÉLENCHON,Jean-Luc,2017,739
62555,POUTOU,Philippe,2017,29
62556,ARTHAUD,Nathalie,2017,1
62556,ASSELINEAU,François,2017,0
62556,CHEMINADE,Jacques,2017,0
62556,DUPONT-AIGNAN,Nicolas,2017,10
62556,FILLON,François,2017,31
62556,HAMON,Benoît,2017,9
62556,LASSALLE,Jean,2017,2
62556,LE PEN,Marine,2017,64
62556,MACRON,Emmanuel,2017,51
62556,MÉLENCHON,Jean-Luc,2017,29
62556,POUTOU,Philippe,2017,3
62557,ARTHAUD,Nathalie,2017,16
62557,ASSELINEAU,François,2017,13
62557,CHEMINADE,Jacques,2017,2
62557,DUPONT-AIGNAN,Nicolas,2017,103
62557,FILLON,François,2017,355
62557,HAMON,Benoît,2017,100
62557,LASSALLE,Jean,2017,13
62557,LE PEN,Marine,2017,442
62557,MACRON,Emmanuel,2017,474
62557,MÉLENCHON,Jean-Luc,2017,307
62557,POUTOU,Philippe,2017,14
62558,ARTHAUD,Nathalie,2017,4
62558,ASSELINEAU,François,2017,0
62558,CHEMINADE,Jacques,2017,0
62558,DUPONT-AIGNAN,Nicolas,2017,5
62558,FILLON,François,2017,29
62558,HAMON,Benoît,2017,4
62558,LASSALLE,Jean,2017,3
62558,LE PEN,Marine,2017,48
62558,MACRON,Emmanuel,2017,17
62558,MÉLENCHON,Jean-Luc,2017,14
62558,POUTOU,Philippe,2017,2
62559,ARTHAUD,Nathalie,2017,4
62559,ASSELINEAU,François,2017,7
62559,CHEMINADE,Jacques,2017,0
62559,DUPONT-AIGNAN,Nicolas,2017,36
62559,FILLON,François,2017,119
62559,HAMON,Benoît,2017,28
62559,LASSALLE,Jean,2017,2
62559,LE PEN,Marine,2017,204
62559,MACRON,Emmanuel,2017,111
62559,MÉLENCHON,Jean-Luc,2017,67
62559,POUTOU,Philippe,2017,5
62560,ARTHAUD,Nathalie,2017,26
62560,ASSELINEAU,François,2017,23
62560,CHEMINADE,Jacques,2017,4
62560,DUPONT-AIGNAN,Nicolas,2017,173
62560,FILLON,François,2017,447
62560,HAMON,Benoît,2017,172
62560,LASSALLE,Jean,2017,23
62560,LE PEN,Marine,2017,828
62560,MACRON,Emmanuel,2017,566
62560,MÉLENCHON,Jean-Luc,2017,575
62560,POUTOU,Philippe,2017,30
62561,ARTHAUD,Nathalie,2017,3
62561,ASSELINEAU,François,2017,0
62561,CHEMINADE,Jacques,2017,0
62561,DUPONT-AIGNAN,Nicolas,2017,4
62561,FILLON,François,2017,57
62561,HAMON,Benoît,2017,2
62561,LASSALLE,Jean,2017,4
62561,LE PEN,Marine,2017,36
62561,MACRON,Emmanuel,2017,22
62561,MÉLENCHON,Jean-Luc,2017,6
62561,POUTOU,Philippe,2017,2
62562,ARTHAUD,Nathalie,2017,1
62562,ASSELINEAU,François,2017,9
62562,CHEMINADE,Jacques,2017,0
62562,DUPONT-AIGNAN,Nicolas,2017,3
62562,FILLON,François,2017,12
62562,HAMON,Benoît,2017,6
62562,LASSALLE,Jean,2017,3
62562,LE PEN,Marine,2017,46
62562,MACRON,Emmanuel,2017,18
62562,MÉLENCHON,Jean-Luc,2017,15
62562,POUTOU,Philippe,2017,0
62563,ARTHAUD,Nathalie,2017,55
62563,ASSELINEAU,François,2017,17
62563,CHEMINADE,Jacques,2017,10
62563,DUPONT-AIGNAN,Nicolas,2017,129
62563,FILLON,François,2017,272
62563,HAMON,Benoît,2017,158
62563,LASSALLE,Jean,2017,18
62563,LE PEN,Marine,2017,2059
62563,MACRON,Emmanuel,2017,495
62563,MÉLENCHON,Jean-Luc,2017,684
62563,POUTOU,Philippe,2017,51
62564,ARTHAUD,Nathalie,2017,3
62564,ASSELINEAU,François,2017,2
62564,CHEMINADE,Jacques,2017,0
62564,DUPONT-AIGNAN,Nicolas,2017,17
62564,FILLON,François,2017,45
62564,HAMON,Benoît,2017,17
62564,LASSALLE,Jean,2017,3
62564,LE PEN,Marine,2017,99
62564,MACRON,Emmanuel,2017,62
62564,MÉLENCHON,Jean-Luc,2017,43
62564,POUTOU,Philippe,2017,3
62565,ARTHAUD,Nathalie,2017,0
62565,ASSELINEAU,François,2017,0
62565,CHEMINADE,Jacques,2017,0
62565,DUPONT-AIGNAN,Nicolas,2017,1
62565,FILLON,François,2017,13
62565,HAMON,Benoît,2017,1
62565,LASSALLE,Jean,2017,1
62565,LE PEN,Marine,2017,26
62565,MACRON,Emmanuel,2017,12
62565,MÉLENCHON,Jean-Luc,2017,6
62565,POUTOU,Philippe,2017,0
62566,ARTHAUD,Nathalie,2017,7
62566,ASSELINEAU,François,2017,1
62566,CHEMINADE,Jacques,2017,0
62566,DUPONT-AIGNAN,Nicolas,2017,36
62566,FILLON,François,2017,79
62566,HAMON,Benoît,2017,12
62566,LASSALLE,Jean,2017,2
62566,LE PEN,Marine,2017,135
62566,MACRON,Emmanuel,2017,84
62566,MÉLENCHON,Jean-Luc,2017,106
62566,POUTOU,Philippe,2017,4
62567,ARTHAUD,Nathalie,2017,3
62567,ASSELINEAU,François,2017,1
62567,CHEMINADE,Jacques,2017,0
62567,DUPONT-AIGNAN,Nicolas,2017,34
62567,FILLON,François,2017,64
62567,HAMON,Benoît,2017,15
62567,LASSALLE,Jean,2017,9
62567,LE PEN,Marine,2017,147
62567,MACRON,Emmanuel,2017,69
62567,MÉLENCHON,Jean-Luc,2017,41
62567,POUTOU,Philippe,2017,7
62568,ARTHAUD,Nathalie,2017,4
62568,ASSELINEAU,François,2017,7
62568,CHEMINADE,Jacques,2017,3
62568,DUPONT-AIGNAN,Nicolas,2017,30
62568,FILLON,François,2017,71
62568,HAMON,Benoît,2017,18
62568,LASSALLE,Jean,2017,3
62568,LE PEN,Marine,2017,140
62568,MACRON,Emmanuel,2017,87
62568,MÉLENCHON,Jean-Luc,2017,54
62568,POUTOU,Philippe,2017,5
62569,ARTHAUD,Nathalie,2017,0
62569,ASSELINEAU,François,2017,4
62569,CHEMINADE,Jacques,2017,0
62569,DUPONT-AIGNAN,Nicolas,2017,28
62569,FILLON,François,2017,62
62569,HAMON,Benoît,2017,22
62569,LASSALLE,Jean,2017,2
62569,LE PEN,Marine,2017,145
62569,MACRON,Emmanuel,2017,67
62569,MÉLENCHON,Jean-Luc,2017,42
62569,POUTOU,Philippe,2017,2
62570,ARTHAUD,Nathalie,2017,68
62570,ASSELINEAU,François,2017,37
62570,CHEMINADE,Jacques,2017,6
62570,DUPONT-AIGNAN,Nicolas,2017,262
62570,FILLON,François,2017,400
62570,HAMON,Benoît,2017,231
62570,LASSALLE,Jean,2017,34
62570,LE PEN,Marine,2017,2452
62570,MACRON,Emmanuel,2017,760
62570,MÉLENCHON,Jean-Luc,2017,1909
62570,POUTOU,Philippe,2017,65
62571,ARTHAUD,Nathalie,2017,18
62571,ASSELINEAU,François,2017,17
62571,CHEMINADE,Jacques,2017,3
62571,DUPONT-AIGNAN,Nicolas,2017,125
62571,FILLON,François,2017,560
62571,HAMON,Benoît,2017,69
62571,LASSALLE,Jean,2017,20
62571,LE PEN,Marine,2017,603
62571,MACRON,Emmanuel,2017,613
62571,MÉLENCHON,Jean-Luc,2017,312
62571,POUTOU,Philippe,2017,19
62572,ARTHAUD,Nathalie,2017,7
62572,ASSELINEAU,François,2017,2
62572,CHEMINADE,Jacques,2017,0
62572,DUPONT-AIGNAN,Nicolas,2017,17
62572,FILLON,François,2017,48
62572,HAMON,Benoît,2017,19
62572,LASSALLE,Jean,2017,1
62572,LE PEN,Marine,2017,179
62572,MACRON,Emmanuel,2017,61
62572,MÉLENCHON,Jean-Luc,2017,51
62572,POUTOU,Philippe,2017,5
62573,ARTHAUD,Nathalie,2017,16
62573,ASSELINEAU,François,2017,13
62573,CHEMINADE,Jacques,2017,0
62573,DUPONT-AIGNAN,Nicolas,2017,107
62573,FILLON,François,2017,191
62573,HAMON,Benoît,2017,90
62573,LASSALLE,Jean,2017,9
62573,LE PEN,Marine,2017,953
62573,MACRON,Emmanuel,2017,333
62573,MÉLENCHON,Jean-Luc,2017,422
62573,POUTOU,Philippe,2017,28
62574,ARTHAUD,Nathalie,2017,2
62574,ASSELINEAU,François,2017,0
62574,CHEMINADE,Jacques,2017,1
62574,DUPONT-AIGNAN,Nicolas,2017,9
62574,FILLON,François,2017,28
62574,HAMON,Benoît,2017,5
62574,LASSALLE,Jean,2017,2
62574,LE PEN,Marine,2017,42
62574,MACRON,Emmanuel,2017,30
62574,MÉLENCHON,Jean-Luc,2017,27
62574,POUTOU,Philippe,2017,1
62576,ARTHAUD,Nathalie,2017,2
62576,ASSELINEAU,François,2017,0
62576,CHEMINADE,Jacques,2017,0
62576,DUPONT-AIGNAN,Nicolas,2017,7
62576,FILLON,François,2017,19
62576,HAMON,Benoît,2017,2
62576,LASSALLE,Jean,2017,1
62576,LE PEN,Marine,2017,27
62576,MACRON,Emmanuel,2017,8
62576,MÉLENCHON,Jean-Luc,2017,11
62576,POUTOU,Philippe,2017,0
62577,ARTHAUD,Nathalie,2017,0
62577,ASSELINEAU,François,2017,2
62577,CHEMINADE,Jacques,2017,1
62577,DUPONT-AIGNAN,Nicolas,2017,7
62577,FILLON,François,2017,12
62577,HAMON,Benoît,2017,0
62577,LASSALLE,Jean,2017,0
62577,LE PEN,Marine,2017,20
62577,MACRON,Emmanuel,2017,4
62577,MÉLENCHON,Jean-Luc,2017,5
62577,POUTOU,Philippe,2017,1
62578,ARTHAUD,Nathalie,2017,2
62578,ASSELINEAU,François,2017,1
62578,CHEMINADE,Jacques,2017,0
62578,DUPONT-AIGNAN,Nicolas,2017,8
62578,FILLON,François,2017,28
62578,HAMON,Benoît,2017,4
62578,LASSALLE,Jean,2017,0
62578,LE PEN,Marine,2017,16
62578,MACRON,Emmanuel,2017,11
62578,MÉLENCHON,Jean-Luc,2017,10
62578,POUTOU,Philippe,2017,1
62579,ARTHAUD,Nathalie,2017,3
62579,ASSELINEAU,François,2017,1
62579,CHEMINADE,Jacques,2017,0
62579,DUPONT-AIGNAN,Nicolas,2017,22
62579,FILLON,François,2017,69
62579,HAMON,Benoît,2017,35
62579,LASSALLE,Jean,2017,3
62579,LE PEN,Marine,2017,121
62579,MACRON,Emmanuel,2017,60
62579,MÉLENCHON,Jean-Luc,2017,38
62579,POUTOU,Philippe,2017,1
62580,ARTHAUD,Nathalie,2017,2
62580,ASSELINEAU,François,2017,0
62580,CHEMINADE,Jacques,2017,0
62580,DUPONT-AIGNAN,Nicolas,2017,18
62580,FILLON,François,2017,56
62580,HAMON,Benoît,2017,7
62580,LASSALLE,Jean,2017,1
62580,LE PEN,Marine,2017,75
62580,MACRON,Emmanuel,2017,56
62580,MÉLENCHON,Jean-Luc,2017,56
62580,POUTOU,Philippe,2017,2
62581,ARTHAUD,Nathalie,2017,2
62581,ASSELINEAU,François,2017,1
62581,CHEMINADE,Jacques,2017,1
62581,DUPONT-AIGNAN,Nicolas,2017,6
62581,FILLON,François,2017,51
62581,HAMON,Benoît,2017,9
62581,LASSALLE,Jean,2017,1
62581,LE PEN,Marine,2017,49
62581,MACRON,Emmanuel,2017,40
62581,MÉLENCHON,Jean-Luc,2017,27
62581,POUTOU,Philippe,2017,1
62582,ARTHAUD,Nathalie,2017,3
62582,ASSELINEAU,François,2017,4
62582,CHEMINADE,Jacques,2017,1
62582,DUPONT-AIGNAN,Nicolas,2017,37
62582,FILLON,François,2017,95
62582,HAMON,Benoît,2017,18
62582,LASSALLE,Jean,2017,0
62582,LE PEN,Marine,2017,97
62582,MACRON,Emmanuel,2017,108
62582,MÉLENCHON,Jean-Luc,2017,58
62582,POUTOU,Philippe,2017,2
62583,ARTHAUD,Nathalie,2017,1
62583,ASSELINEAU,François,2017,4
62583,CHEMINADE,Jacques,2017,0
62583,DUPONT-AIGNAN,Nicolas,2017,25
62583,FILLON,François,2017,53
62583,HAMON,Benoît,2017,29
62583,LASSALLE,Jean,2017,1
62583,LE PEN,Marine,2017,147
62583,MACRON,Emmanuel,2017,62
62583,MÉLENCHON,Jean-Luc,2017,40
62583,POUTOU,Philippe,2017,2
62584,ARTHAUD,Nathalie,2017,7
62584,ASSELINEAU,François,2017,4
62584,CHEMINADE,Jacques,2017,2
62584,DUPONT-AIGNAN,Nicolas,2017,79
62584,FILLON,François,2017,138
62584,HAMON,Benoît,2017,35
62584,LASSALLE,Jean,2017,10
62584,LE PEN,Marine,2017,312
62584,MACRON,Emmanuel,2017,161
62584,MÉLENCHON,Jean-Luc,2017,159
62584,POUTOU,Philippe,2017,10
62585,ARTHAUD,Nathalie,2017,2
62585,ASSELINEAU,François,2017,3
62585,CHEMINADE,Jacques,2017,0
62585,DUPONT-AIGNAN,Nicolas,2017,15
62585,FILLON,François,2017,79
62585,HAMON,Benoît,2017,14
62585,LASSALLE,Jean,2017,1
62585,LE PEN,Marine,2017,56
62585,MACRON,Emmanuel,2017,51
62585,MÉLENCHON,Jean-Luc,2017,22
62585,POUTOU,Philippe,2017,4
62586,ARTHAUD,Nathalie,2017,1
62586,ASSELINEAU,François,2017,7
62586,CHEMINADE,Jacques,2017,0
62586,DUPONT-AIGNAN,Nicolas,2017,18
62586,FILLON,François,2017,81
62586,HAMON,Benoît,2017,11
62586,LASSALLE,Jean,2017,4
62586,LE PEN,Marine,2017,64
62586,MACRON,Emmanuel,2017,77
62586,MÉLENCHON,Jean-Luc,2017,41
62586,POUTOU,Philippe,2017,1
62587,ARTHAUD,Nathalie,2017,47
62587,ASSELINEAU,François,2017,32
62587,CHEMINADE,Jacques,2017,7
62587,DUPONT-AIGNAN,Nicolas,2017,158
62587,FILLON,François,2017,312
62587,HAMON,Benoît,2017,257
62587,LASSALLE,Jean,2017,24
62587,LE PEN,Marine,2017,1969
62587,MACRON,Emmanuel,2017,670
62587,MÉLENCHON,Jean-Luc,2017,1110
62587,POUTOU,Philippe,2017,58
62588,ARTHAUD,Nathalie,2017,17
62588,ASSELINEAU,François,2017,4
62588,CHEMINADE,Jacques,2017,2
62588,DUPONT-AIGNAN,Nicolas,2017,47
62588,FILLON,François,2017,283
62588,HAMON,Benoît,2017,71
62588,LASSALLE,Jean,2017,12
62588,LE PEN,Marine,2017,202
62588,MACRON,Emmanuel,2017,314
62588,MÉLENCHON,Jean-Luc,2017,196
62588,POUTOU,Philippe,2017,17
62589,ARTHAUD,Nathalie,2017,7
62589,ASSELINEAU,François,2017,3
62589,CHEMINADE,Jacques,2017,0
62589,DUPONT-AIGNAN,Nicolas,2017,34
62589,FILLON,François,2017,203
62589,HAMON,Benoît,2017,35
62589,LASSALLE,Jean,2017,2
62589,LE PEN,Marine,2017,142
62589,MACRON,Emmanuel,2017,154
62589,MÉLENCHON,Jean-Luc,2017,115
62589,POUTOU,Philippe,2017,8
62590,ARTHAUD,Nathalie,2017,0
62590,ASSELINEAU,François,2017,0
62590,CHEMINADE,Jacques,2017,0
62590,DUPONT-AIGNAN,Nicolas,2017,2
62590,FILLON,François,2017,8
62590,HAMON,Benoît,2017,1
62590,LASSALLE,Jean,2017,3
62590,LE PEN,Marine,2017,8
62590,MACRON,Emmanuel,2017,4
62590,MÉLENCHON,Jean-Luc,2017,4
62590,POUTOU,Philippe,2017,0
62591,ARTHAUD,Nathalie,2017,0
62591,ASSELINEAU,François,2017,0
62591,CHEMINADE,Jacques,2017,0
62591,DUPONT-AIGNAN,Nicolas,2017,5
62591,FILLON,François,2017,24
62591,HAMON,Benoît,2017,5
62591,LASSALLE,Jean,2017,0
62591,LE PEN,Marine,2017,45
62591,MACRON,Emmanuel,2017,20
62591,MÉLENCHON,Jean-Luc,2017,11
62591,POUTOU,Philippe,2017,1
62592,ARTHAUD,Nathalie,2017,4
62592,ASSELINEAU,François,2017,3
62592,CHEMINADE,Jacques,2017,1
62592,DUPONT-AIGNAN,Nicolas,2017,24
62592,FILLON,François,2017,56
62592,HAMON,Benoît,2017,9
62592,LASSALLE,Jean,2017,2
62592,LE PEN,Marine,2017,122
62592,MACRON,Emmanuel,2017,65
62592,MÉLENCHON,Jean-Luc,2017,46
62592,POUTOU,Philippe,2017,2
62593,ARTHAUD,Nathalie,2017,1
62593,ASSELINEAU,François,2017,0
62593,CHEMINADE,Jacques,2017,0
62593,DUPONT-AIGNAN,Nicolas,2017,2
62593,FILLON,François,2017,18
62593,HAMON,Benoît,2017,0
62593,LASSALLE,Jean,2017,2
62593,LE PEN,Marine,2017,24
62593,MACRON,Emmanuel,2017,7
62593,MÉLENCHON,Jean-Luc,2017,13
62593,POUTOU,Philippe,2017,1
62594,ARTHAUD,Nathalie,2017,3
62594,ASSELINEAU,François,2017,1
62594,CHEMINADE,Jacques,2017,0
62594,DUPONT-AIGNAN,Nicolas,2017,10
62594,FILLON,François,2017,24
62594,HAMON,Benoît,2017,5
62594,LASSALLE,Jean,2017,1
62594,LE PEN,Marine,2017,96
62594,MACRON,Emmanuel,2017,38
62594,MÉLENCHON,Jean-Luc,2017,25
62594,POUTOU,Philippe,2017,2
62595,ARTHAUD,Nathalie,2017,15
62595,ASSELINEAU,François,2017,2
62595,CHEMINADE,Jacques,2017,0
62595,DUPONT-AIGNAN,Nicolas,2017,45
62595,FILLON,François,2017,154
62595,HAMON,Benoît,2017,36
62595,LASSALLE,Jean,2017,4
62595,LE PEN,Marine,2017,187
62595,MACRON,Emmanuel,2017,170
62595,MÉLENCHON,Jean-Luc,2017,101
62595,POUTOU,Philippe,2017,8
62596,ARTHAUD,Nathalie,2017,0
62596,ASSELINEAU,François,2017,1
62596,CHEMINADE,Jacques,2017,0
62596,DUPONT-AIGNAN,Nicolas,2017,8
62596,FILLON,François,2017,47
62596,HAMON,Benoît,2017,18
62596,LASSALLE,Jean,2017,4
62596,LE PEN,Marine,2017,32
62596,MACRON,Emmanuel,2017,36
62596,MÉLENCHON,Jean-Luc,2017,30
62596,POUTOU,Philippe,2017,1
62597,ARTHAUD,Nathalie,2017,0
62597,ASSELINEAU,François,2017,1
62597,CHEMINADE,Jacques,2017,0
62597,DUPONT-AIGNAN,Nicolas,2017,12
62597,FILLON,François,2017,29
62597,HAMON,Benoît,2017,8
62597,LASSALLE,Jean,2017,1
62597,LE PEN,Marine,2017,62
62597,MACRON,Emmanuel,2017,33
62597,MÉLENCHON,Jean-Luc,2017,26
62597,POUTOU,Philippe,2017,1
62598,ARTHAUD,Nathalie,2017,2
62598,ASSELINEAU,François,2017,4
62598,CHEMINADE,Jacques,2017,0
62598,DUPONT-AIGNAN,Nicolas,2017,22
62598,FILLON,François,2017,60
62598,HAMON,Benoît,2017,6
62598,LASSALLE,Jean,2017,5
62598,LE PEN,Marine,2017,168
62598,MACRON,Emmanuel,2017,78
62598,MÉLENCHON,Jean-Luc,2017,67
62598,POUTOU,Philippe,2017,4
62599,ARTHAUD,Nathalie,2017,3
62599,ASSELINEAU,François,2017,0
62599,CHEMINADE,Jacques,2017,0
62599,DUPONT-AIGNAN,Nicolas,2017,8
62599,FILLON,François,2017,37
62599,HAMON,Benoît,2017,4
62599,LASSALLE,Jean,2017,2
62599,LE PEN,Marine,2017,27
62599,MACRON,Emmanuel,2017,22
62599,MÉLENCHON,Jean-Luc,2017,30
62599,POUTOU,Philippe,2017,4
62600,ARTHAUD,Nathalie,2017,1
62600,ASSELINEAU,François,2017,0
62600,CHEMINADE,Jacques,2017,0
62600,DUPONT-AIGNAN,Nicolas,2017,3
62600,FILLON,François,2017,24
62600,HAMON,Benoît,2017,4
62600,LASSALLE,Jean,2017,3
62600,LE PEN,Marine,2017,31
62600,MACRON,Emmanuel,2017,31
62600,MÉLENCHON,Jean-Luc,2017,16
62600,POUTOU,Philippe,2017,2
62601,ARTHAUD,Nathalie,2017,0
62601,ASSELINEAU,François,2017,1
62601,CHEMINADE,Jacques,2017,0
62601,DUPONT-AIGNAN,Nicolas,2017,9
62601,FILLON,François,2017,27
62601,HAMON,Benoît,2017,4
62601,LASSALLE,Jean,2017,0
62601,LE PEN,Marine,2017,50
62601,MACRON,Emmanuel,2017,10
62601,MÉLENCHON,Jean-Luc,2017,9
62601,POUTOU,Philippe,2017,2
62602,ARTHAUD,Nathalie,2017,1
62602,ASSELINEAU,François,2017,2
62602,CHEMINADE,Jacques,2017,0
62602,DUPONT-AIGNAN,Nicolas,2017,4
62602,FILLON,François,2017,28
62602,HAMON,Benoît,2017,0
62602,LASSALLE,Jean,2017,1
62602,LE PEN,Marine,2017,36
62602,MACRON,Emmanuel,2017,33
62602,MÉLENCHON,Jean-Luc,2017,11
62602,POUTOU,Philippe,2017,0
62603,ARTHAUD,Nathalie,2017,13
62603,ASSELINEAU,François,2017,3
62603,CHEMINADE,Jacques,2017,1
62603,DUPONT-AIGNAN,Nicolas,2017,32
62603,FILLON,François,2017,52
62603,HAMON,Benoît,2017,31
62603,LASSALLE,Jean,2017,4
62603,LE PEN,Marine,2017,203
62603,MACRON,Emmanuel,2017,128
62603,MÉLENCHON,Jean-Luc,2017,114
62603,POUTOU,Philippe,2017,6
62604,ARTHAUD,Nathalie,2017,17
62604,ASSELINEAU,François,2017,15
62604,CHEMINADE,Jacques,2017,4
62604,DUPONT-AIGNAN,Nicolas,2017,129
62604,FILLON,François,2017,997
62604,HAMON,Benoît,2017,97
62604,LASSALLE,Jean,2017,19
62604,LE PEN,Marine,2017,611
62604,MACRON,Emmanuel,2017,591
62604,MÉLENCHON,Jean-Luc,2017,296
62604,POUTOU,Philippe,2017,24
62605,ARTHAUD,Nathalie,2017,0
62605,ASSELINEAU,François,2017,0
62605,CHEMINADE,Jacques,2017,0
62605,DUPONT-AIGNAN,Nicolas,2017,1
62605,FILLON,François,2017,13
62605,HAMON,Benoît,2017,0
62605,LASSALLE,Jean,2017,0
62605,LE PEN,Marine,2017,5
62605,MACRON,Emmanuel,2017,5
62605,MÉLENCHON,Jean-Luc,2017,3
62605,POUTOU,Philippe,2017,0
62606,ARTHAUD,Nathalie,2017,6
62606,ASSELINEAU,François,2017,2
62606,CHEMINADE,Jacques,2017,0
62606,DUPONT-AIGNAN,Nicolas,2017,80
62606,FILLON,François,2017,172
62606,HAMON,Benoît,2017,35
62606,LASSALLE,Jean,2017,8
62606,LE PEN,Marine,2017,321
62606,MACRON,Emmanuel,2017,194
62606,MÉLENCHON,Jean-Luc,2017,120
62606,POUTOU,Philippe,2017,4
62607,ARTHAUD,Nathalie,2017,1
62607,ASSELINEAU,François,2017,1
62607,CHEMINADE,Jacques,2017,0
62607,DUPONT-AIGNAN,Nicolas,2017,0
62607,FILLON,François,2017,14
62607,HAMON,Benoît,2017,6
62607,LASSALLE,Jean,2017,1
62607,LE PEN,Marine,2017,6
62607,MACRON,Emmanuel,2017,12
62607,MÉLENCHON,Jean-Luc,2017,2
62607,POUTOU,Philippe,2017,0
62608,ARTHAUD,Nathalie,2017,2
62608,ASSELINEAU,François,2017,1
62608,CHEMINADE,Jacques,2017,0
62608,DUPONT-AIGNAN,Nicolas,2017,8
62608,FILLON,François,2017,32
62608,HAMON,Benoît,2017,3
62608,LASSALLE,Jean,2017,1
62608,LE PEN,Marine,2017,50
62608,MACRON,Emmanuel,2017,11
62608,MÉLENCHON,Jean-Luc,2017,6
62608,POUTOU,Philippe,2017,1
62609,ARTHAUD,Nathalie,2017,2
62609,ASSELINEAU,François,2017,3
62609,CHEMINADE,Jacques,2017,0
62609,DUPONT-AIGNAN,Nicolas,2017,75
62609,FILLON,François,2017,297
62609,HAMON,Benoît,2017,47
62609,LASSALLE,Jean,2017,9
62609,LE PEN,Marine,2017,192
62609,MACRON,Emmanuel,2017,280
62609,MÉLENCHON,Jean-Luc,2017,153
62609,POUTOU,Philippe,2017,8
62610,ARTHAUD,Nathalie,2017,2
62610,ASSELINEAU,François,2017,3
62610,CHEMINADE,Jacques,2017,0
62610,DUPONT-AIGNAN,Nicolas,2017,17
62610,FILLON,François,2017,94
62610,HAMON,Benoît,2017,6
62610,LASSALLE,Jean,2017,1
62610,LE PEN,Marine,2017,106
62610,MACRON,Emmanuel,2017,82
62610,MÉLENCHON,Jean-Luc,2017,51
62610,POUTOU,Philippe,2017,9
62611,ARTHAUD,Nathalie,2017,1
62611,ASSELINEAU,François,2017,3
62611,CHEMINADE,Jacques,2017,0
62611,DUPONT-AIGNAN,Nicolas,2017,19
62611,FILLON,François,2017,73
62611,HAMON,Benoît,2017,16
62611,LASSALLE,Jean,2017,4
62611,LE PEN,Marine,2017,104
62611,MACRON,Emmanuel,2017,66
62611,MÉLENCHON,Jean-Luc,2017,56
62611,POUTOU,Philippe,2017,3
62612,ARTHAUD,Nathalie,2017,2
62612,ASSELINEAU,François,2017,3
62612,CHEMINADE,Jacques,2017,0
62612,DUPONT-AIGNAN,Nicolas,2017,25
62612,FILLON,François,2017,76
62612,HAMON,Benoît,2017,11
62612,LASSALLE,Jean,2017,1
62612,LE PEN,Marine,2017,126
62612,MACRON,Emmanuel,2017,94
62612,MÉLENCHON,Jean-Luc,2017,61
62612,POUTOU,Philippe,2017,2
62613,ARTHAUD,Nathalie,2017,7
62613,ASSELINEAU,François,2017,3
62613,CHEMINADE,Jacques,2017,3
62613,DUPONT-AIGNAN,Nicolas,2017,29
62613,FILLON,François,2017,104
62613,HAMON,Benoît,2017,23
62613,LASSALLE,Jean,2017,10
62613,LE PEN,Marine,2017,173
62613,MACRON,Emmanuel,2017,125
62613,MÉLENCHON,Jean-Luc,2017,49
62613,POUTOU,Philippe,2017,4
62614,ARTHAUD,Nathalie,2017,4
62614,ASSELINEAU,François,2017,5
62614,CHEMINADE,Jacques,2017,2
62614,DUPONT-AIGNAN,Nicolas,2017,27
62614,FILLON,François,2017,58
62614,HAMON,Benoît,2017,19
62614,LASSALLE,Jean,2017,3
62614,LE PEN,Marine,2017,122
62614,MACRON,Emmanuel,2017,95
62614,MÉLENCHON,Jean-Luc,2017,65
62614,POUTOU,Philippe,2017,4
62615,ARTHAUD,Nathalie,2017,1
62615,ASSELINEAU,François,2017,0
62615,CHEMINADE,Jacques,2017,0
62615,DUPONT-AIGNAN,Nicolas,2017,16
62615,FILLON,François,2017,35
62615,HAMON,Benoît,2017,11
62615,LASSALLE,Jean,2017,1
62615,LE PEN,Marine,2017,37
62615,MACRON,Emmanuel,2017,48
62615,MÉLENCHON,Jean-Luc,2017,31
62615,POUTOU,Philippe,2017,2
62616,ARTHAUD,Nathalie,2017,0
62616,ASSELINEAU,François,2017,1
62616,CHEMINADE,Jacques,2017,0
62616,DUPONT-AIGNAN,Nicolas,2017,6
62616,FILLON,François,2017,37
62616,HAMON,Benoît,2017,7
62616,LASSALLE,Jean,2017,2
62616,LE PEN,Marine,2017,48
62616,MACRON,Emmanuel,2017,14
62616,MÉLENCHON,Jean-Luc,2017,10
62616,POUTOU,Philippe,2017,1
62617,ARTHAUD,Nathalie,2017,96
62617,ASSELINEAU,François,2017,43
62617,CHEMINADE,Jacques,2017,15
62617,DUPONT-AIGNAN,Nicolas,2017,268
62617,FILLON,François,2017,545
62617,HAMON,Benoît,2017,473
62617,LASSALLE,Jean,2017,45
62617,LE PEN,Marine,2017,2550
62617,MACRON,Emmanuel,2017,900
62617,MÉLENCHON,Jean-Luc,2017,1269
62617,POUTOU,Philippe,2017,85
62618,ARTHAUD,Nathalie,2017,1
62618,ASSELINEAU,François,2017,5
62618,CHEMINADE,Jacques,2017,1
62618,DUPONT-AIGNAN,Nicolas,2017,34
62618,FILLON,François,2017,113
62618,HAMON,Benoît,2017,14
62618,LASSALLE,Jean,2017,7
62618,LE PEN,Marine,2017,312
62618,MACRON,Emmanuel,2017,115
62618,MÉLENCHON,Jean-Luc,2017,84
62618,POUTOU,Philippe,2017,7
62619,ARTHAUD,Nathalie,2017,1
62619,ASSELINEAU,François,2017,0
62619,CHEMINADE,Jacques,2017,0
62619,DUPONT-AIGNAN,Nicolas,2017,4
62619,FILLON,François,2017,24
62619,HAMON,Benoît,2017,3
62619,LASSALLE,Jean,2017,0
62619,LE PEN,Marine,2017,33
62619,MACRON,Emmanuel,2017,19
62619,MÉLENCHON,Jean-Luc,2017,14
62619,POUTOU,Philippe,2017,1
62620,ARTHAUD,Nathalie,2017,11
62620,ASSELINEAU,François,2017,6
62620,CHEMINADE,Jacques,2017,1
62620,DUPONT-AIGNAN,Nicolas,2017,28
62620,FILLON,François,2017,156
62620,HAMON,Benoît,2017,56
62620,LASSALLE,Jean,2017,8
62620,LE PEN,Marine,2017,331
62620,MACRON,Emmanuel,2017,145
62620,MÉLENCHON,Jean-Luc,2017,169
62620,POUTOU,Philippe,2017,7
62621,ARTHAUD,Nathalie,2017,7
62621,ASSELINEAU,François,2017,6
62621,CHEMINADE,Jacques,2017,1
62621,DUPONT-AIGNAN,Nicolas,2017,69
62621,FILLON,François,2017,183
62621,HAMON,Benoît,2017,28
62621,LASSALLE,Jean,2017,7
62621,LE PEN,Marine,2017,346
62621,MACRON,Emmanuel,2017,175
62621,MÉLENCHON,Jean-Luc,2017,160
62621,POUTOU,Philippe,2017,11
62622,ARTHAUD,Nathalie,2017,0
62622,ASSELINEAU,François,2017,1
62622,CHEMINADE,Jacques,2017,0
62622,DUPONT-AIGNAN,Nicolas,2017,12
62622,FILLON,François,2017,22
62622,HAMON,Benoît,2017,1
62622,LASSALLE,Jean,2017,0
62622,LE PEN,Marine,2017,60
62622,MACRON,Emmanuel,2017,10
62622,MÉLENCHON,Jean-Luc,2017,24
62622,POUTOU,Philippe,2017,1
62623,ARTHAUD,Nathalie,2017,3
62623,ASSELINEAU,François,2017,1
62623,CHEMINADE,Jacques,2017,0
62623,DUPONT-AIGNAN,Nicolas,2017,30
62623,FILLON,François,2017,60
62623,HAMON,Benoît,2017,14
62623,LASSALLE,Jean,2017,5
62623,LE PEN,Marine,2017,150
62623,MACRON,Emmanuel,2017,66
62623,MÉLENCHON,Jean-Luc,2017,47
62623,POUTOU,Philippe,2017,4
62624,ARTHAUD,Nathalie,2017,37
62624,ASSELINEAU,François,2017,32
62624,CHEMINADE,Jacques,2017,6
62624,DUPONT-AIGNAN,Nicolas,2017,122
62624,FILLON,François,2017,253
62624,HAMON,Benoît,2017,114
62624,LASSALLE,Jean,2017,19
62624,LE PEN,Marine,2017,1271
62624,MACRON,Emmanuel,2017,492
62624,MÉLENCHON,Jean-Luc,2017,605
62624,POUTOU,Philippe,2017,19
62625,ARTHAUD,Nathalie,2017,0
62625,ASSELINEAU,François,2017,1
62625,CHEMINADE,Jacques,2017,0
62625,DUPONT-AIGNAN,Nicolas,2017,3
62625,FILLON,François,2017,8
62625,HAMON,Benoît,2017,2
62625,LASSALLE,Jean,2017,0
62625,LE PEN,Marine,2017,20
62625,MACRON,Emmanuel,2017,1
62625,MÉLENCHON,Jean-Luc,2017,4
62625,POUTOU,Philippe,2017,0
62626,ARTHAUD,Nathalie,2017,15
62626,ASSELINEAU,François,2017,10
62626,CHEMINADE,Jacques,2017,6
62626,DUPONT-AIGNAN,Nicolas,2017,69
62626,FILLON,François,2017,136
62626,HAMON,Benoît,2017,58
62626,LASSALLE,Jean,2017,5
62626,LE PEN,Marine,2017,501
62626,MACRON,Emmanuel,2017,227
62626,MÉLENCHON,Jean-Luc,2017,239
62626,POUTOU,Philippe,2017,8
62627,ARTHAUD,Nathalie,2017,4
62627,ASSELINEAU,François,2017,5
62627,CHEMINADE,Jacques,2017,0
62627,DUPONT-AIGNAN,Nicolas,2017,37
62627,FILLON,François,2017,88
62627,HAMON,Benoît,2017,19
62627,LASSALLE,Jean,2017,3
62627,LE PEN,Marine,2017,154
62627,MACRON,Emmanuel,2017,109
62627,MÉLENCHON,Jean-Luc,2017,96
62627,POUTOU,Philippe,2017,3
62628,ARTHAUD,Nathalie,2017,45
62628,ASSELINEAU,François,2017,32
62628,CHEMINADE,Jacques,2017,2
62628,DUPONT-AIGNAN,Nicolas,2017,149
62628,FILLON,François,2017,246
62628,HAMON,Benoît,2017,200
62628,LASSALLE,Jean,2017,21
62628,LE PEN,Marine,2017,1419
62628,MACRON,Emmanuel,2017,477
62628,MÉLENCHON,Jean-Luc,2017,834
62628,POUTOU,Philippe,2017,32
62629,ARTHAUD,Nathalie,2017,0
62629,ASSELINEAU,François,2017,1
62629,CHEMINADE,Jacques,2017,0
62629,DUPONT-AIGNAN,Nicolas,2017,10
62629,FILLON,François,2017,20
62629,HAMON,Benoît,2017,6
62629,LASSALLE,Jean,2017,0
62629,LE PEN,Marine,2017,30
62629,MACRON,Emmanuel,2017,28
62629,MÉLENCHON,Jean-Luc,2017,14
62629,POUTOU,Philippe,2017,0
62630,ARTHAUD,Nathalie,2017,0
62630,ASSELINEAU,François,2017,0
62630,CHEMINADE,Jacques,2017,0
62630,DUPONT-AIGNAN,Nicolas,2017,8
62630,FILLON,François,2017,39
62630,HAMON,Benoît,2017,11
62630,LASSALLE,Jean,2017,2
62630,LE PEN,Marine,2017,54
62630,MACRON,Emmanuel,2017,32
62630,MÉLENCHON,Jean-Luc,2017,43
62630,POUTOU,Philippe,2017,5
62631,ARTHAUD,Nathalie,2017,7
62631,ASSELINEAU,François,2017,2
62631,CHEMINADE,Jacques,2017,3
62631,DUPONT-AIGNAN,Nicolas,2017,11
62631,FILLON,François,2017,71
62631,HAMON,Benoît,2017,6
62631,LASSALLE,Jean,2017,0
62631,LE PEN,Marine,2017,103
62631,MACRON,Emmanuel,2017,30
62631,MÉLENCHON,Jean-Luc,2017,39
62631,POUTOU,Philippe,2017,4
62632,ARTHAUD,Nathalie,2017,1
62632,ASSELINEAU,François,2017,3
62632,CHEMINADE,Jacques,2017,0
62632,DUPONT-AIGNAN,Nicolas,2017,7
62632,FILLON,François,2017,30
62632,HAMON,Benoît,2017,9
62632,LASSALLE,Jean,2017,2
62632,LE PEN,Marine,2017,77
62632,MACRON,Emmanuel,2017,29
62632,MÉLENCHON,Jean-Luc,2017,41
62632,POUTOU,Philippe,2017,4
62633,ARTHAUD,Nathalie,2017,0
62633,ASSELINEAU,François,2017,1
62633,CHEMINADE,Jacques,2017,0
62633,DUPONT-AIGNAN,Nicolas,2017,5
62633,FILLON,François,2017,67
62633,HAMON,Benoît,2017,5
62633,LASSALLE,Jean,2017,0
62633,LE PEN,Marine,2017,46
62633,MACRON,Emmanuel,2017,21
62633,MÉLENCHON,Jean-Luc,2017,24
62633,POUTOU,Philippe,2017,0
62634,ARTHAUD,Nathalie,2017,5
62634,ASSELINEAU,François,2017,6
62634,CHEMINADE,Jacques,2017,2
62634,DUPONT-AIGNAN,Nicolas,2017,39
62634,FILLON,François,2017,110
62634,HAMON,Benoît,2017,22
62634,LASSALLE,Jean,2017,8
62634,LE PEN,Marine,2017,298
62634,MACRON,Emmanuel,2017,100
62634,MÉLENCHON,Jean-Luc,2017,127
62634,POUTOU,Philippe,2017,4
62635,ARTHAUD,Nathalie,2017,1
62635,ASSELINEAU,François,2017,0
62635,CHEMINADE,Jacques,2017,0
62635,DUPONT-AIGNAN,Nicolas,2017,8
62635,FILLON,François,2017,25
62635,HAMON,Benoît,2017,3
62635,LASSALLE,Jean,2017,1
62635,LE PEN,Marine,2017,42
62635,MACRON,Emmanuel,2017,46
62635,MÉLENCHON,Jean-Luc,2017,20
62635,POUTOU,Philippe,2017,3
62636,ARTHAUD,Nathalie,2017,0
62636,ASSELINEAU,François,2017,1
62636,CHEMINADE,Jacques,2017,0
62636,DUPONT-AIGNAN,Nicolas,2017,13
62636,FILLON,François,2017,68
62636,HAMON,Benoît,2017,6
62636,LASSALLE,Jean,2017,2
62636,LE PEN,Marine,2017,47
62636,MACRON,Emmanuel,2017,36
62636,MÉLENCHON,Jean-Luc,2017,21
62636,POUTOU,Philippe,2017,0
62637,ARTHAUD,Nathalie,2017,61
62637,ASSELINEAU,François,2017,64
62637,CHEMINADE,Jacques,2017,9
62637,DUPONT-AIGNAN,Nicolas,2017,185
62637,FILLON,François,2017,409
62637,HAMON,Benoît,2017,317
62637,LASSALLE,Jean,2017,25
62637,LE PEN,Marine,2017,1976
62637,MACRON,Emmanuel,2017,741
62637,MÉLENCHON,Jean-Luc,2017,1169
62637,POUTOU,Philippe,2017,52
62638,ARTHAUD,Nathalie,2017,6
62638,ASSELINEAU,François,2017,4
62638,CHEMINADE,Jacques,2017,1
62638,DUPONT-AIGNAN,Nicolas,2017,32
62638,FILLON,François,2017,90
62638,HAMON,Benoît,2017,30
62638,LASSALLE,Jean,2017,3
62638,LE PEN,Marine,2017,329
62638,MACRON,Emmanuel,2017,115
62638,MÉLENCHON,Jean-Luc,2017,116
62638,POUTOU,Philippe,2017,12
62639,ARTHAUD,Nathalie,2017,2
62639,ASSELINEAU,François,2017,1
62639,CHEMINADE,Jacques,2017,0
62639,DUPONT-AIGNAN,Nicolas,2017,15
62639,FILLON,François,2017,69
62639,HAMON,Benoît,2017,11
62639,LASSALLE,Jean,2017,1
62639,LE PEN,Marine,2017,75
62639,MACRON,Emmanuel,2017,56
62639,MÉLENCHON,Jean-Luc,2017,35
62639,POUTOU,Philippe,2017,4
62640,ARTHAUD,Nathalie,2017,0
62640,ASSELINEAU,François,2017,1
62640,CHEMINADE,Jacques,2017,0
62640,DUPONT-AIGNAN,Nicolas,2017,19
62640,FILLON,François,2017,33
62640,HAMON,Benoît,2017,10
62640,LASSALLE,Jean,2017,0
62640,LE PEN,Marine,2017,83
62640,MACRON,Emmanuel,2017,50
62640,MÉLENCHON,Jean-Luc,2017,37
62640,POUTOU,Philippe,2017,3
62641,ARTHAUD,Nathalie,2017,3
62641,ASSELINEAU,François,2017,0
62641,CHEMINADE,Jacques,2017,0
62641,DUPONT-AIGNAN,Nicolas,2017,14
62641,FILLON,François,2017,43
62641,HAMON,Benoît,2017,6
62641,LASSALLE,Jean,2017,5
62641,LE PEN,Marine,2017,50
62641,MACRON,Emmanuel,2017,30
62641,MÉLENCHON,Jean-Luc,2017,13
62641,POUTOU,Philippe,2017,2
62642,ARTHAUD,Nathalie,2017,1
62642,ASSELINEAU,François,2017,1
62642,CHEMINADE,Jacques,2017,0
62642,DUPONT-AIGNAN,Nicolas,2017,38
62642,FILLON,François,2017,91
62642,HAMON,Benoît,2017,13
62642,LASSALLE,Jean,2017,2
62642,LE PEN,Marine,2017,168
62642,MACRON,Emmanuel,2017,58
62642,MÉLENCHON,Jean-Luc,2017,87
62642,POUTOU,Philippe,2017,3
62643,ARTHAUD,Nathalie,2017,85
62643,ASSELINEAU,François,2017,33
62643,CHEMINADE,Jacques,2017,9
62643,DUPONT-AIGNAN,Nicolas,2017,317
62643,FILLON,François,2017,651
62643,HAMON,Benoît,2017,669
62643,LASSALLE,Jean,2017,49
62643,LE PEN,Marine,2017,2643
62643,MACRON,Emmanuel,2017,1312
62643,MÉLENCHON,Jean-Luc,2017,1828
62643,POUTOU,Philippe,2017,123
62644,ARTHAUD,Nathalie,2017,0
62644,ASSELINEAU,François,2017,0
62644,CHEMINADE,Jacques,2017,0
62644,DUPONT-AIGNAN,Nicolas,2017,18
62644,FILLON,François,2017,49
62644,HAMON,Benoît,2017,13
62644,LASSALLE,Jean,2017,1
62644,LE PEN,Marine,2017,123
62644,MACRON,Emmanuel,2017,65
62644,MÉLENCHON,Jean-Luc,2017,40
62644,POUTOU,Philippe,2017,3
62645,ARTHAUD,Nathalie,2017,27
62645,ASSELINEAU,François,2017,21
62645,CHEMINADE,Jacques,2017,2
62645,DUPONT-AIGNAN,Nicolas,2017,200
62645,FILLON,François,2017,444
62645,HAMON,Benoît,2017,129
62645,LASSALLE,Jean,2017,42
62645,LE PEN,Marine,2017,1207
62645,MACRON,Emmanuel,2017,641
62645,MÉLENCHON,Jean-Luc,2017,572
62645,POUTOU,Philippe,2017,39
62646,ARTHAUD,Nathalie,2017,6
62646,ASSELINEAU,François,2017,4
62646,CHEMINADE,Jacques,2017,1
62646,DUPONT-AIGNAN,Nicolas,2017,15
62646,FILLON,François,2017,42
62646,HAMON,Benoît,2017,11
62646,LASSALLE,Jean,2017,3
62646,LE PEN,Marine,2017,190
62646,MACRON,Emmanuel,2017,50
62646,MÉLENCHON,Jean-Luc,2017,54
62646,POUTOU,Philippe,2017,4
62647,ARTHAUD,Nathalie,2017,4
62647,ASSELINEAU,François,2017,2
62647,CHEMINADE,Jacques,2017,3
62647,DUPONT-AIGNAN,Nicolas,2017,30
62647,FILLON,François,2017,82
62647,HAMON,Benoît,2017,18
62647,LASSALLE,Jean,2017,2
62647,LE PEN,Marine,2017,134
62647,MACRON,Emmanuel,2017,132
62647,MÉLENCHON,Jean-Luc,2017,65
62647,POUTOU,Philippe,2017,6
62648,ARTHAUD,Nathalie,2017,2
62648,ASSELINEAU,François,2017,1
62648,CHEMINADE,Jacques,2017,1
62648,DUPONT-AIGNAN,Nicolas,2017,21
62648,FILLON,François,2017,78
62648,HAMON,Benoît,2017,19
62648,LASSALLE,Jean,2017,1
62648,LE PEN,Marine,2017,92
62648,MACRON,Emmanuel,2017,64
62648,MÉLENCHON,Jean-Luc,2017,37
62648,POUTOU,Philippe,2017,1
62649,ARTHAUD,Nathalie,2017,3
62649,ASSELINEAU,François,2017,0
62649,CHEMINADE,Jacques,2017,0
62649,DUPONT-AIGNAN,Nicolas,2017,26
62649,FILLON,François,2017,52
62649,HAMON,Benoît,2017,21
62649,LASSALLE,Jean,2017,3
62649,LE PEN,Marine,2017,191
62649,MACRON,Emmanuel,2017,105
62649,MÉLENCHON,Jean-Luc,2017,104
62649,POUTOU,Philippe,2017,8
62650,ARTHAUD,Nathalie,2017,3
62650,ASSELINEAU,François,2017,4
62650,CHEMINADE,Jacques,2017,1
62650,DUPONT-AIGNAN,Nicolas,2017,32
62650,FILLON,François,2017,75
62650,HAMON,Benoît,2017,26
62650,LASSALLE,Jean,2017,6
62650,LE PEN,Marine,2017,167
62650,MACRON,Emmanuel,2017,92
62650,MÉLENCHON,Jean-Luc,2017,82
62650,POUTOU,Philippe,2017,6
62651,ARTHAUD,Nathalie,2017,2
62651,ASSELINEAU,François,2017,0
62651,CHEMINADE,Jacques,2017,0
62651,DUPONT-AIGNAN,Nicolas,2017,21
62651,FILLON,François,2017,53
62651,HAMON,Benoît,2017,6
62651,LASSALLE,Jean,2017,1
62651,LE PEN,Marine,2017,110
62651,MACRON,Emmanuel,2017,44
62651,MÉLENCHON,Jean-Luc,2017,36
62651,POUTOU,Philippe,2017,5
62652,ARTHAUD,Nathalie,2017,11
62652,ASSELINEAU,François,2017,1
62652,CHEMINADE,Jacques,2017,0
62652,DUPONT-AIGNAN,Nicolas,2017,42
62652,FILLON,François,2017,158
62652,HAMON,Benoît,2017,56
62652,LASSALLE,Jean,2017,10
62652,LE PEN,Marine,2017,334
62652,MACRON,Emmanuel,2017,155
62652,MÉLENCHON,Jean-Luc,2017,173
62652,POUTOU,Philippe,2017,8
62653,ARTHAUD,Nathalie,2017,0
62653,ASSELINEAU,François,2017,1
62653,CHEMINADE,Jacques,2017,1
62653,DUPONT-AIGNAN,Nicolas,2017,17
62653,FILLON,François,2017,112
62653,HAMON,Benoît,2017,15
62653,LASSALLE,Jean,2017,5
62653,LE PEN,Marine,2017,54
62653,MACRON,Emmanuel,2017,58
62653,MÉLENCHON,Jean-Luc,2017,32
62653,POUTOU,Philippe,2017,3
62654,ARTHAUD,Nathalie,2017,3
62654,ASSELINEAU,François,2017,4
62654,CHEMINADE,Jacques,2017,2
62654,DUPONT-AIGNAN,Nicolas,2017,33
62654,FILLON,François,2017,115
62654,HAMON,Benoît,2017,26
62654,LASSALLE,Jean,2017,3
62654,LE PEN,Marine,2017,106
62654,MACRON,Emmanuel,2017,90
62654,MÉLENCHON,Jean-Luc,2017,93
62654,POUTOU,Philippe,2017,2
62655,ARTHAUD,Nathalie,2017,2
62655,ASSELINEAU,François,2017,1
62655,CHEMINADE,Jacques,2017,0
62655,DUPONT-AIGNAN,Nicolas,2017,10
62655,FILLON,François,2017,52
62655,HAMON,Benoît,2017,10
62655,LASSALLE,Jean,2017,2
62655,LE PEN,Marine,2017,66
62655,MACRON,Emmanuel,2017,39
62655,MÉLENCHON,Jean-Luc,2017,19
62655,POUTOU,Philippe,2017,3
62656,ARTHAUD,Nathalie,2017,4
62656,ASSELINEAU,François,2017,8
62656,CHEMINADE,Jacques,2017,2
62656,DUPONT-AIGNAN,Nicolas,2017,45
62656,FILLON,François,2017,98
62656,HAMON,Benoît,2017,31
62656,LASSALLE,Jean,2017,3
62656,LE PEN,Marine,2017,166
62656,MACRON,Emmanuel,2017,169
62656,MÉLENCHON,Jean-Luc,2017,90
62656,POUTOU,Philippe,2017,4
62657,ARTHAUD,Nathalie,2017,0
62657,ASSELINEAU,François,2017,1
62657,CHEMINADE,Jacques,2017,0
62657,DUPONT-AIGNAN,Nicolas,2017,24
62657,FILLON,François,2017,76
62657,HAMON,Benoît,2017,17
62657,LASSALLE,Jean,2017,2
62657,LE PEN,Marine,2017,83
62657,MACRON,Emmanuel,2017,66
62657,MÉLENCHON,Jean-Luc,2017,56
62657,POUTOU,Philippe,2017,0
62658,ARTHAUD,Nathalie,2017,0
62658,ASSELINEAU,François,2017,0
62658,CHEMINADE,Jacques,2017,0
62658,DUPONT-AIGNAN,Nicolas,2017,4
62658,FILLON,François,2017,50
62658,HAMON,Benoît,2017,5
62658,LASSALLE,Jean,2017,0
62658,LE PEN,Marine,2017,13
62658,MACRON,Emmanuel,2017,22
62658,MÉLENCHON,Jean-Luc,2017,7
62658,POUTOU,Philippe,2017,0
62659,ARTHAUD,Nathalie,2017,1
62659,ASSELINEAU,François,2017,0
62659,CHEMINADE,Jacques,2017,0
62659,DUPONT-AIGNAN,Nicolas,2017,5
62659,FILLON,François,2017,25
62659,HAMON,Benoît,2017,2
62659,LASSALLE,Jean,2017,0
62659,LE PEN,Marine,2017,11
62659,MACRON,Emmanuel,2017,8
62659,MÉLENCHON,Jean-Luc,2017,8
62659,POUTOU,Philippe,2017,0
62660,ARTHAUD,Nathalie,2017,1
62660,ASSELINEAU,François,2017,4
62660,CHEMINADE,Jacques,2017,0
62660,DUPONT-AIGNAN,Nicolas,2017,15
62660,FILLON,François,2017,53
62660,HAMON,Benoît,2017,21
62660,LASSALLE,Jean,2017,6
62660,LE PEN,Marine,2017,116
62660,MACRON,Emmanuel,2017,62
62660,MÉLENCHON,Jean-Luc,2017,52
62660,POUTOU,Philippe,2017,4
62661,ARTHAUD,Nathalie,2017,3
62661,ASSELINEAU,François,2017,1
62661,CHEMINADE,Jacques,2017,0
62661,DUPONT-AIGNAN,Nicolas,2017,16
62661,FILLON,François,2017,51
62661,HAMON,Benoît,2017,10
62661,LASSALLE,Jean,2017,2
62661,LE PEN,Marine,2017,93
62661,MACRON,Emmanuel,2017,67
62661,MÉLENCHON,Jean-Luc,2017,65
62661,POUTOU,Philippe,2017,5
62662,ARTHAUD,Nathalie,2017,6
62662,ASSELINEAU,François,2017,1
62662,CHEMINADE,Jacques,2017,1
62662,DUPONT-AIGNAN,Nicolas,2017,37
62662,FILLON,François,2017,65
62662,HAMON,Benoît,2017,34
62662,LASSALLE,Jean,2017,3
62662,LE PEN,Marine,2017,177
62662,MACRON,Emmanuel,2017,113
62662,MÉLENCHON,Jean-Luc,2017,89
62662,POUTOU,Philippe,2017,5
62663,ARTHAUD,Nathalie,2017,3
62663,ASSELINEAU,François,2017,0
62663,CHEMINADE,Jacques,2017,0
62663,DUPONT-AIGNAN,Nicolas,2017,8
62663,FILLON,François,2017,30
62663,HAMON,Benoît,2017,5
62663,LASSALLE,Jean,2017,1
62663,LE PEN,Marine,2017,86
62663,MACRON,Emmanuel,2017,30
62663,MÉLENCHON,Jean-Luc,2017,17
62663,POUTOU,Philippe,2017,4
62664,ARTHAUD,Nathalie,2017,1
62664,ASSELINEAU,François,2017,3
62664,CHEMINADE,Jacques,2017,0
62664,DUPONT-AIGNAN,Nicolas,2017,11
62664,FILLON,François,2017,55
62664,HAMON,Benoît,2017,7
62664,LASSALLE,Jean,2017,0
62664,LE PEN,Marine,2017,57
62664,MACRON,Emmanuel,2017,25
62664,MÉLENCHON,Jean-Luc,2017,5
62664,POUTOU,Philippe,2017,2
62665,ARTHAUD,Nathalie,2017,4
62665,ASSELINEAU,François,2017,0
62665,CHEMINADE,Jacques,2017,0
62665,DUPONT-AIGNAN,Nicolas,2017,6
62665,FILLON,François,2017,16
62665,HAMON,Benoît,2017,8
62665,LASSALLE,Jean,2017,2
62665,LE PEN,Marine,2017,64
62665,MACRON,Emmanuel,2017,27
62665,MÉLENCHON,Jean-Luc,2017,21
62665,POUTOU,Philippe,2017,2
62666,ARTHAUD,Nathalie,2017,23
62666,ASSELINEAU,François,2017,4
62666,CHEMINADE,Jacques,2017,3
62666,DUPONT-AIGNAN,Nicolas,2017,71
62666,FILLON,François,2017,108
62666,HAMON,Benoît,2017,79
62666,LASSALLE,Jean,2017,7
62666,LE PEN,Marine,2017,859
62666,MACRON,Emmanuel,2017,233
62666,MÉLENCHON,Jean-Luc,2017,313
62666,POUTOU,Philippe,2017,19
62667,ARTHAUD,Nathalie,2017,63
62667,ASSELINEAU,François,2017,26
62667,CHEMINADE,Jacques,2017,9
62667,DUPONT-AIGNAN,Nicolas,2017,223
62667,FILLON,François,2017,613
62667,HAMON,Benoît,2017,367
62667,LASSALLE,Jean,2017,32
62667,LE PEN,Marine,2017,1799
62667,MACRON,Emmanuel,2017,757
62667,MÉLENCHON,Jean-Luc,2017,1058
62667,POUTOU,Philippe,2017,58
62668,ARTHAUD,Nathalie,2017,0
62668,ASSELINEAU,François,2017,0
62668,CHEMINADE,Jacques,2017,2
62668,DUPONT-AIGNAN,Nicolas,2017,10
62668,FILLON,François,2017,21
62668,HAMON,Benoît,2017,6
62668,LASSALLE,Jean,2017,3
62668,LE PEN,Marine,2017,44
62668,MACRON,Emmanuel,2017,18
62668,MÉLENCHON,Jean-Luc,2017,9
62668,POUTOU,Philippe,2017,5
62669,ARTHAUD,Nathalie,2017,0
62669,ASSELINEAU,François,2017,0
62669,CHEMINADE,Jacques,2017,1
62669,DUPONT-AIGNAN,Nicolas,2017,7
62669,FILLON,François,2017,55
62669,HAMON,Benoît,2017,6
62669,LASSALLE,Jean,2017,3
62669,LE PEN,Marine,2017,69
62669,MACRON,Emmanuel,2017,35
62669,MÉLENCHON,Jean-Luc,2017,26
62669,POUTOU,Philippe,2017,0
62670,ARTHAUD,Nathalie,2017,2
62670,ASSELINEAU,François,2017,4
62670,CHEMINADE,Jacques,2017,1
62670,DUPONT-AIGNAN,Nicolas,2017,16
62670,FILLON,François,2017,109
62670,HAMON,Benoît,2017,9
62670,LASSALLE,Jean,2017,6
62670,LE PEN,Marine,2017,97
62670,MACRON,Emmanuel,2017,82
62670,MÉLENCHON,Jean-Luc,2017,50
62670,POUTOU,Philippe,2017,6
62671,ARTHAUD,Nathalie,2017,3
62671,ASSELINEAU,François,2017,0
62671,CHEMINADE,Jacques,2017,0
62671,DUPONT-AIGNAN,Nicolas,2017,16
62671,FILLON,François,2017,36
62671,HAMON,Benoît,2017,2
62671,LASSALLE,Jean,2017,2
62671,LE PEN,Marine,2017,69
62671,MACRON,Emmanuel,2017,19
62671,MÉLENCHON,Jean-Luc,2017,26
62671,POUTOU,Philippe,2017,2
62672,ARTHAUD,Nathalie,2017,6
62672,ASSELINEAU,François,2017,0
62672,CHEMINADE,Jacques,2017,1
62672,DUPONT-AIGNAN,Nicolas,2017,26
62672,FILLON,François,2017,77
62672,HAMON,Benoît,2017,17
62672,LASSALLE,Jean,2017,3
62672,LE PEN,Marine,2017,150
62672,MACRON,Emmanuel,2017,63
62672,MÉLENCHON,Jean-Luc,2017,57
62672,POUTOU,Philippe,2017,2
62673,ARTHAUD,Nathalie,2017,4
62673,ASSELINEAU,François,2017,1
62673,CHEMINADE,Jacques,2017,1
62673,DUPONT-AIGNAN,Nicolas,2017,21
62673,FILLON,François,2017,75
62673,HAMON,Benoît,2017,20
62673,LASSALLE,Jean,2017,1
62673,LE PEN,Marine,2017,191
62673,MACRON,Emmanuel,2017,49
62673,MÉLENCHON,Jean-Luc,2017,37
62673,POUTOU,Philippe,2017,6
62674,ARTHAUD,Nathalie,2017,4
62674,ASSELINEAU,François,2017,2
62674,CHEMINADE,Jacques,2017,0
62674,DUPONT-AIGNAN,Nicolas,2017,20
62674,FILLON,François,2017,79
62674,HAMON,Benoît,2017,25
62674,LASSALLE,Jean,2017,1
62674,LE PEN,Marine,2017,114
62674,MACRON,Emmanuel,2017,70
62674,MÉLENCHON,Jean-Luc,2017,49
62674,POUTOU,Philippe,2017,1
62675,ARTHAUD,Nathalie,2017,1
62675,ASSELINEAU,François,2017,1
62675,CHEMINADE,Jacques,2017,0
62675,DUPONT-AIGNAN,Nicolas,2017,4
62675,FILLON,François,2017,26
62675,HAMON,Benoît,2017,3
62675,LASSALLE,Jean,2017,2
62675,LE PEN,Marine,2017,63
62675,MACRON,Emmanuel,2017,34
62675,MÉLENCHON,Jean-Luc,2017,24
62675,POUTOU,Philippe,2017,1
62676,ARTHAUD,Nathalie,2017,3
62676,ASSELINEAU,François,2017,3
62676,CHEMINADE,Jacques,2017,0
62676,DUPONT-AIGNAN,Nicolas,2017,13
62676,FILLON,François,2017,33
62676,HAMON,Benoît,2017,15
62676,LASSALLE,Jean,2017,3
62676,LE PEN,Marine,2017,125
62676,MACRON,Emmanuel,2017,57
62676,MÉLENCHON,Jean-Luc,2017,57
62676,POUTOU,Philippe,2017,1
62677,ARTHAUD,Nathalie,2017,7
62677,ASSELINEAU,François,2017,0
62677,CHEMINADE,Jacques,2017,0
62677,DUPONT-AIGNAN,Nicolas,2017,8
62677,FILLON,François,2017,48
62677,HAMON,Benoît,2017,14
62677,LASSALLE,Jean,2017,2
62677,LE PEN,Marine,2017,62
62677,MACRON,Emmanuel,2017,37
62677,MÉLENCHON,Jean-Luc,2017,25
62677,POUTOU,Philippe,2017,9
62678,ARTHAUD,Nathalie,2017,4
62678,ASSELINEAU,François,2017,3
62678,CHEMINADE,Jacques,2017,0
62678,DUPONT-AIGNAN,Nicolas,2017,37
62678,FILLON,François,2017,124
62678,HAMON,Benoît,2017,16
62678,LASSALLE,Jean,2017,5
62678,LE PEN,Marine,2017,109
62678,MACRON,Emmanuel,2017,75
62678,MÉLENCHON,Jean-Luc,2017,38
62678,POUTOU,Philippe,2017,9
62679,ARTHAUD,Nathalie,2017,2
62679,ASSELINEAU,François,2017,3
62679,CHEMINADE,Jacques,2017,0
62679,DUPONT-AIGNAN,Nicolas,2017,14
62679,FILLON,François,2017,45
62679,HAMON,Benoît,2017,10
62679,LASSALLE,Jean,2017,1
62679,LE PEN,Marine,2017,70
62679,MACRON,Emmanuel,2017,54
62679,MÉLENCHON,Jean-Luc,2017,31
62679,POUTOU,Philippe,2017,1
62680,ARTHAUD,Nathalie,2017,6
62680,ASSELINEAU,François,2017,5
62680,CHEMINADE,Jacques,2017,1
62680,DUPONT-AIGNAN,Nicolas,2017,26
62680,FILLON,François,2017,90
62680,HAMON,Benoît,2017,16
62680,LASSALLE,Jean,2017,5
62680,LE PEN,Marine,2017,173
62680,MACRON,Emmanuel,2017,98
62680,MÉLENCHON,Jean-Luc,2017,58
62680,POUTOU,Philippe,2017,4
62681,ARTHAUD,Nathalie,2017,7
62681,ASSELINEAU,François,2017,1
62681,CHEMINADE,Jacques,2017,0
62681,DUPONT-AIGNAN,Nicolas,2017,31
62681,FILLON,François,2017,65
62681,HAMON,Benoît,2017,27
62681,LASSALLE,Jean,2017,4
62681,LE PEN,Marine,2017,128
62681,MACRON,Emmanuel,2017,83
62681,MÉLENCHON,Jean-Luc,2017,57
62681,POUTOU,Philippe,2017,2
62682,ARTHAUD,Nathalie,2017,0
62682,ASSELINEAU,François,2017,0
62682,CHEMINADE,Jacques,2017,0
62682,DUPONT-AIGNAN,Nicolas,2017,3
62682,FILLON,François,2017,16
62682,HAMON,Benoît,2017,1
62682,LASSALLE,Jean,2017,0
62682,LE PEN,Marine,2017,13
62682,MACRON,Emmanuel,2017,7
62682,MÉLENCHON,Jean-Luc,2017,1
62682,POUTOU,Philippe,2017,0
62683,ARTHAUD,Nathalie,2017,1
62683,ASSELINEAU,François,2017,0
62683,CHEMINADE,Jacques,2017,0
62683,DUPONT-AIGNAN,Nicolas,2017,15
62683,FILLON,François,2017,44
62683,HAMON,Benoît,2017,7
62683,LASSALLE,Jean,2017,1
62683,LE PEN,Marine,2017,43
62683,MACRON,Emmanuel,2017,27
62683,MÉLENCHON,Jean-Luc,2017,18
62683,POUTOU,Philippe,2017,1
62684,ARTHAUD,Nathalie,2017,22
62684,ASSELINEAU,François,2017,8
62684,CHEMINADE,Jacques,2017,3
62684,DUPONT-AIGNAN,Nicolas,2017,69
62684,FILLON,François,2017,160
62684,HAMON,Benoît,2017,55
62684,LASSALLE,Jean,2017,5
62684,LE PEN,Marine,2017,562
62684,MACRON,Emmanuel,2017,299
62684,MÉLENCHON,Jean-Luc,2017,254
62684,POUTOU,Philippe,2017,21
62685,ARTHAUD,Nathalie,2017,1
62685,ASSELINEAU,François,2017,0
62685,CHEMINADE,Jacques,2017,0
62685,DUPONT-AIGNAN,Nicolas,2017,8
62685,FILLON,François,2017,28
62685,HAMON,Benoît,2017,3
62685,LASSALLE,Jean,2017,0
62685,LE PEN,Marine,2017,72
62685,MACRON,Emmanuel,2017,28
62685,MÉLENCHON,Jean-Luc,2017,16
62685,POUTOU,Philippe,2017,0
62686,ARTHAUD,Nathalie,2017,3
62686,ASSELINEAU,François,2017,1
62686,CHEMINADE,Jacques,2017,0
62686,DUPONT-AIGNAN,Nicolas,2017,13
62686,FILLON,François,2017,41
62686,HAMON,Benoît,2017,17
62686,LASSALLE,Jean,2017,3
62686,LE PEN,Marine,2017,63
62686,MACRON,Emmanuel,2017,46
62686,MÉLENCHON,Jean-Luc,2017,36
62686,POUTOU,Philippe,2017,1
62688,ARTHAUD,Nathalie,2017,25
62688,ASSELINEAU,François,2017,15
62688,CHEMINADE,Jacques,2017,2
62688,DUPONT-AIGNAN,Nicolas,2017,153
62688,FILLON,François,2017,430
62688,HAMON,Benoît,2017,92
62688,LASSALLE,Jean,2017,20
62688,LE PEN,Marine,2017,853
62688,MACRON,Emmanuel,2017,619
62688,MÉLENCHON,Jean-Luc,2017,403
62688,POUTOU,Philippe,2017,34
62689,ARTHAUD,Nathalie,2017,3
62689,ASSELINEAU,François,2017,1
62689,CHEMINADE,Jacques,2017,3
62689,DUPONT-AIGNAN,Nicolas,2017,23
62689,FILLON,François,2017,49
62689,HAMON,Benoît,2017,11
62689,LASSALLE,Jean,2017,3
62689,LE PEN,Marine,2017,66
62689,MACRON,Emmanuel,2017,54
62689,MÉLENCHON,Jean-Luc,2017,34
62689,POUTOU,Philippe,2017,6
62690,ARTHAUD,Nathalie,2017,0
62690,ASSELINEAU,François,2017,0
62690,CHEMINADE,Jacques,2017,0
62690,DUPONT-AIGNAN,Nicolas,2017,5
62690,FILLON,François,2017,22
62690,HAMON,Benoît,2017,1
62690,LASSALLE,Jean,2017,2
62690,LE PEN,Marine,2017,67
62690,MACRON,Emmanuel,2017,32
62690,MÉLENCHON,Jean-Luc,2017,23
62690,POUTOU,Philippe,2017,1
62691,ARTHAUD,Nathalie,2017,9
62691,ASSELINEAU,François,2017,1
62691,CHEMINADE,Jacques,2017,1
62691,DUPONT-AIGNAN,Nicolas,2017,33
62691,FILLON,François,2017,82
62691,HAMON,Benoît,2017,18
62691,LASSALLE,Jean,2017,7
62691,LE PEN,Marine,2017,162
62691,MACRON,Emmanuel,2017,135
62691,MÉLENCHON,Jean-Luc,2017,89
62691,POUTOU,Philippe,2017,8
62692,ARTHAUD,Nathalie,2017,3
62692,ASSELINEAU,François,2017,0
62692,CHEMINADE,Jacques,2017,0
62692,DUPONT-AIGNAN,Nicolas,2017,15
62692,FILLON,François,2017,16
62692,HAMON,Benoît,2017,5
62692,LASSALLE,Jean,2017,2
62692,LE PEN,Marine,2017,99
62692,MACRON,Emmanuel,2017,35
62692,MÉLENCHON,Jean-Luc,2017,19
62692,POUTOU,Philippe,2017,3
62693,ARTHAUD,Nathalie,2017,5
62693,ASSELINEAU,François,2017,11
62693,CHEMINADE,Jacques,2017,3
62693,DUPONT-AIGNAN,Nicolas,2017,50
62693,FILLON,François,2017,145
62693,HAMON,Benoît,2017,38
62693,LASSALLE,Jean,2017,9
62693,LE PEN,Marine,2017,211
62693,MACRON,Emmanuel,2017,175
62693,MÉLENCHON,Jean-Luc,2017,122
62693,POUTOU,Philippe,2017,8
62694,ARTHAUD,Nathalie,2017,0
62694,ASSELINEAU,François,2017,0
62694,CHEMINADE,Jacques,2017,3
62694,DUPONT-AIGNAN,Nicolas,2017,13
62694,FILLON,François,2017,26
62694,HAMON,Benoît,2017,2
62694,LASSALLE,Jean,2017,1
62694,LE PEN,Marine,2017,55
62694,MACRON,Emmanuel,2017,20
62694,MÉLENCHON,Jean-Luc,2017,18
62694,POUTOU,Philippe,2017,3
62695,ARTHAUD,Nathalie,2017,1
62695,ASSELINEAU,François,2017,0
62695,CHEMINADE,Jacques,2017,1
62695,DUPONT-AIGNAN,Nicolas,2017,7
62695,FILLON,François,2017,41
62695,HAMON,Benoît,2017,5
62695,LASSALLE,Jean,2017,0
62695,LE PEN,Marine,2017,71
62695,MACRON,Emmanuel,2017,33
62695,MÉLENCHON,Jean-Luc,2017,17
62695,POUTOU,Philippe,2017,2
62696,ARTHAUD,Nathalie,2017,0
62696,ASSELINEAU,François,2017,1
62696,CHEMINADE,Jacques,2017,0
62696,DUPONT-AIGNAN,Nicolas,2017,13
62696,FILLON,François,2017,22
62696,HAMON,Benoît,2017,7
62696,LASSALLE,Jean,2017,1
62696,LE PEN,Marine,2017,55
62696,MACRON,Emmanuel,2017,17
62696,MÉLENCHON,Jean-Luc,2017,23
62696,POUTOU,Philippe,2017,0
62697,ARTHAUD,Nathalie,2017,1
62697,ASSELINEAU,François,2017,0
62697,CHEMINADE,Jacques,2017,0
62697,DUPONT-AIGNAN,Nicolas,2017,4
62697,FILLON,François,2017,19
62697,HAMON,Benoît,2017,7
62697,LASSALLE,Jean,2017,0
62697,LE PEN,Marine,2017,64
62697,MACRON,Emmanuel,2017,20
62697,MÉLENCHON,Jean-Luc,2017,23
62697,POUTOU,Philippe,2017,1
62698,ARTHAUD,Nathalie,2017,1
62698,ASSELINEAU,François,2017,1
62698,CHEMINADE,Jacques,2017,0
62698,DUPONT-AIGNAN,Nicolas,2017,10
62698,FILLON,François,2017,51
62698,HAMON,Benoît,2017,8
62698,LASSALLE,Jean,2017,0
62698,LE PEN,Marine,2017,37
62698,MACRON,Emmanuel,2017,59
62698,MÉLENCHON,Jean-Luc,2017,14
62698,POUTOU,Philippe,2017,2
62699,ARTHAUD,Nathalie,2017,1
62699,ASSELINEAU,François,2017,3
62699,CHEMINADE,Jacques,2017,3
62699,DUPONT-AIGNAN,Nicolas,2017,33
62699,FILLON,François,2017,39
62699,HAMON,Benoît,2017,16
62699,LASSALLE,Jean,2017,1
62699,LE PEN,Marine,2017,167
62699,MACRON,Emmanuel,2017,75
62699,MÉLENCHON,Jean-Luc,2017,57
62699,POUTOU,Philippe,2017,6
62700,ARTHAUD,Nathalie,2017,1
62700,ASSELINEAU,François,2017,0
62700,CHEMINADE,Jacques,2017,0
62700,DUPONT-AIGNAN,Nicolas,2017,3
62700,FILLON,François,2017,32
62700,HAMON,Benoît,2017,4
62700,LASSALLE,Jean,2017,5
62700,LE PEN,Marine,2017,53
62700,MACRON,Emmanuel,2017,37
62700,MÉLENCHON,Jean-Luc,2017,18
62700,POUTOU,Philippe,2017,1
62701,ARTHAUD,Nathalie,2017,1
62701,ASSELINEAU,François,2017,2
62701,CHEMINADE,Jacques,2017,0
62701,DUPONT-AIGNAN,Nicolas,2017,14
62701,FILLON,François,2017,51
62701,HAMON,Benoît,2017,16
62701,LASSALLE,Jean,2017,1
62701,LE PEN,Marine,2017,86
62701,MACRON,Emmanuel,2017,56
62701,MÉLENCHON,Jean-Luc,2017,40
62701,POUTOU,Philippe,2017,1
62702,ARTHAUD,Nathalie,2017,3
62702,ASSELINEAU,François,2017,1
62702,CHEMINADE,Jacques,2017,0
62702,DUPONT-AIGNAN,Nicolas,2017,15
62702,FILLON,François,2017,37
62702,HAMON,Benoît,2017,13
62702,LASSALLE,Jean,2017,5
62702,LE PEN,Marine,2017,75
62702,MACRON,Emmanuel,2017,43
62702,MÉLENCHON,Jean-Luc,2017,33
62702,POUTOU,Philippe,2017,1
62703,ARTHAUD,Nathalie,2017,0
62703,ASSELINEAU,François,2017,2
62703,CHEMINADE,Jacques,2017,0
62703,DUPONT-AIGNAN,Nicolas,2017,20
62703,FILLON,François,2017,36
62703,HAMON,Benoît,2017,13
62703,LASSALLE,Jean,2017,0
62703,LE PEN,Marine,2017,75
62703,MACRON,Emmanuel,2017,50
62703,MÉLENCHON,Jean-Luc,2017,27
62703,POUTOU,Philippe,2017,5
62704,ARTHAUD,Nathalie,2017,1
62704,ASSELINEAU,François,2017,2
62704,CHEMINADE,Jacques,2017,1
62704,DUPONT-AIGNAN,Nicolas,2017,34
62704,FILLON,François,2017,100
62704,HAMON,Benoît,2017,22
62704,LASSALLE,Jean,2017,4
62704,LE PEN,Marine,2017,117
62704,MACRON,Emmanuel,2017,63
62704,MÉLENCHON,Jean-Luc,2017,49
62704,POUTOU,Philippe,2017,5
62705,ARTHAUD,Nathalie,2017,18
62705,ASSELINEAU,François,2017,12
62705,CHEMINADE,Jacques,2017,2
62705,DUPONT-AIGNAN,Nicolas,2017,66
62705,FILLON,François,2017,159
62705,HAMON,Benoît,2017,81
62705,LASSALLE,Jean,2017,12
62705,LE PEN,Marine,2017,425
62705,MACRON,Emmanuel,2017,187
62705,MÉLENCHON,Jean-Luc,2017,220
62705,POUTOU,Philippe,2017,8
62706,ARTHAUD,Nathalie,2017,8
62706,ASSELINEAU,François,2017,18
62706,CHEMINADE,Jacques,2017,2
62706,DUPONT-AIGNAN,Nicolas,2017,114
62706,FILLON,François,2017,397
62706,HAMON,Benoît,2017,79
62706,LASSALLE,Jean,2017,17
62706,LE PEN,Marine,2017,460
62706,MACRON,Emmanuel,2017,373
62706,MÉLENCHON,Jean-Luc,2017,273
62706,POUTOU,Philippe,2017,13
62708,ARTHAUD,Nathalie,2017,0
62708,ASSELINEAU,François,2017,0
62708,CHEMINADE,Jacques,2017,0
62708,DUPONT-AIGNAN,Nicolas,2017,1
62708,FILLON,François,2017,5
62708,HAMON,Benoît,2017,1
62708,LASSALLE,Jean,2017,3
62708,LE PEN,Marine,2017,10
62708,MACRON,Emmanuel,2017,2
62708,MÉLENCHON,Jean-Luc,2017,2
62708,POUTOU,Philippe,2017,0
62709,ARTHAUD,Nathalie,2017,0
62709,ASSELINEAU,François,2017,0
62709,CHEMINADE,Jacques,2017,0
62709,DUPONT-AIGNAN,Nicolas,2017,11
62709,FILLON,François,2017,45
62709,HAMON,Benoît,2017,7
62709,LASSALLE,Jean,2017,0
62709,LE PEN,Marine,2017,57
62709,MACRON,Emmanuel,2017,28
62709,MÉLENCHON,Jean-Luc,2017,25
62709,POUTOU,Philippe,2017,1
62710,ARTHAUD,Nathalie,2017,2
62710,ASSELINEAU,François,2017,2
62710,CHEMINADE,Jacques,2017,0
62710,DUPONT-AIGNAN,Nicolas,2017,9
62710,FILLON,François,2017,24
62710,HAMON,Benoît,2017,1
62710,LASSALLE,Jean,2017,1
62710,LE PEN,Marine,2017,33
62710,MACRON,Emmanuel,2017,12
62710,MÉLENCHON,Jean-Luc,2017,7
62710,POUTOU,Philippe,2017,1
62711,ARTHAUD,Nathalie,2017,26
62711,ASSELINEAU,François,2017,7
62711,CHEMINADE,Jacques,2017,3
62711,DUPONT-AIGNAN,Nicolas,2017,111
62711,FILLON,François,2017,151
62711,HAMON,Benoît,2017,132
62711,LASSALLE,Jean,2017,15
62711,LE PEN,Marine,2017,604
62711,MACRON,Emmanuel,2017,390
62711,MÉLENCHON,Jean-Luc,2017,356
62711,POUTOU,Philippe,2017,25
62712,ARTHAUD,Nathalie,2017,8
62712,ASSELINEAU,François,2017,1
62712,CHEMINADE,Jacques,2017,1
62712,DUPONT-AIGNAN,Nicolas,2017,45
62712,FILLON,François,2017,173
62712,HAMON,Benoît,2017,47
62712,LASSALLE,Jean,2017,8
62712,LE PEN,Marine,2017,193
62712,MACRON,Emmanuel,2017,225
62712,MÉLENCHON,Jean-Luc,2017,113
62712,POUTOU,Philippe,2017,8
62713,ARTHAUD,Nathalie,2017,11
62713,ASSELINEAU,François,2017,6
62713,CHEMINADE,Jacques,2017,2
62713,DUPONT-AIGNAN,Nicolas,2017,61
62713,FILLON,François,2017,138
62713,HAMON,Benoît,2017,41
62713,LASSALLE,Jean,2017,8
62713,LE PEN,Marine,2017,311
62713,MACRON,Emmanuel,2017,184
62713,MÉLENCHON,Jean-Luc,2017,129
62713,POUTOU,Philippe,2017,12
62714,ARTHAUD,Nathalie,2017,3
62714,ASSELINEAU,François,2017,4
62714,CHEMINADE,Jacques,2017,0
62714,DUPONT-AIGNAN,Nicolas,2017,27
62714,FILLON,François,2017,135
62714,HAMON,Benoît,2017,34
62714,LASSALLE,Jean,2017,4
62714,LE PEN,Marine,2017,148
62714,MACRON,Emmanuel,2017,142
62714,MÉLENCHON,Jean-Luc,2017,77
62714,POUTOU,Philippe,2017,2
62715,ARTHAUD,Nathalie,2017,1
62715,ASSELINEAU,François,2017,1
62715,CHEMINADE,Jacques,2017,0
62715,DUPONT-AIGNAN,Nicolas,2017,4
62715,FILLON,François,2017,32
62715,HAMON,Benoît,2017,3
62715,LASSALLE,Jean,2017,1
62715,LE PEN,Marine,2017,105
62715,MACRON,Emmanuel,2017,21
62715,MÉLENCHON,Jean-Luc,2017,13
62715,POUTOU,Philippe,2017,1
62716,ARTHAUD,Nathalie,2017,2
62716,ASSELINEAU,François,2017,0
62716,CHEMINADE,Jacques,2017,1
62716,DUPONT-AIGNAN,Nicolas,2017,22
62716,FILLON,François,2017,59
62716,HAMON,Benoît,2017,17
62716,LASSALLE,Jean,2017,3
62716,LE PEN,Marine,2017,100
62716,MACRON,Emmanuel,2017,53
62716,MÉLENCHON,Jean-Luc,2017,61
62716,POUTOU,Philippe,2017,3
62717,ARTHAUD,Nathalie,2017,2
62717,ASSELINEAU,François,2017,6
62717,CHEMINADE,Jacques,2017,2
62717,DUPONT-AIGNAN,Nicolas,2017,19
62717,FILLON,François,2017,116
62717,HAMON,Benoît,2017,8
62717,LASSALLE,Jean,2017,4
62717,LE PEN,Marine,2017,132
62717,MACRON,Emmanuel,2017,46
62717,MÉLENCHON,Jean-Luc,2017,34
62717,POUTOU,Philippe,2017,6
62718,ARTHAUD,Nathalie,2017,8
62718,ASSELINEAU,François,2017,8
62718,CHEMINADE,Jacques,2017,2
62718,DUPONT-AIGNAN,Nicolas,2017,57
62718,FILLON,François,2017,104
62718,HAMON,Benoît,2017,32
62718,LASSALLE,Jean,2017,9
62718,LE PEN,Marine,2017,337
62718,MACRON,Emmanuel,2017,162
62718,MÉLENCHON,Jean-Luc,2017,142
62718,POUTOU,Philippe,2017,13
62719,ARTHAUD,Nathalie,2017,4
62719,ASSELINEAU,François,2017,2
62719,CHEMINADE,Jacques,2017,0
62719,DUPONT-AIGNAN,Nicolas,2017,16
62719,FILLON,François,2017,36
62719,HAMON,Benoît,2017,3
62719,LASSALLE,Jean,2017,1
62719,LE PEN,Marine,2017,55
62719,MACRON,Emmanuel,2017,29
62719,MÉLENCHON,Jean-Luc,2017,28
62719,POUTOU,Philippe,2017,4
62720,ARTHAUD,Nathalie,2017,0
62720,ASSELINEAU,François,2017,0
62720,CHEMINADE,Jacques,2017,0
62720,DUPONT-AIGNAN,Nicolas,2017,1
62720,FILLON,François,2017,4
62720,HAMON,Benoît,2017,0
62720,LASSALLE,Jean,2017,0
62720,LE PEN,Marine,2017,20
62720,MACRON,Emmanuel,2017,7
62720,MÉLENCHON,Jean-Luc,2017,2
62720,POUTOU,Philippe,2017,0
62721,ARTHAUD,Nathalie,2017,18
62721,ASSELINEAU,François,2017,5
62721,CHEMINADE,Jacques,2017,5
62721,DUPONT-AIGNAN,Nicolas,2017,67
62721,FILLON,François,2017,258
62721,HAMON,Benoît,2017,47
62721,LASSALLE,Jean,2017,13
62721,LE PEN,Marine,2017,357
62721,MACRON,Emmanuel,2017,318
62721,MÉLENCHON,Jean-Luc,2017,226
62721,POUTOU,Philippe,2017,13
62722,ARTHAUD,Nathalie,2017,1
62722,ASSELINEAU,François,2017,0
62722,CHEMINADE,Jacques,2017,0
62722,DUPONT-AIGNAN,Nicolas,2017,1
62722,FILLON,François,2017,21
62722,HAMON,Benoît,2017,2
62722,LASSALLE,Jean,2017,3
62722,LE PEN,Marine,2017,25
62722,MACRON,Emmanuel,2017,7
62722,MÉLENCHON,Jean-Luc,2017,5
62722,POUTOU,Philippe,2017,0
62723,ARTHAUD,Nathalie,2017,1
62723,ASSELINEAU,François,2017,3
62723,CHEMINADE,Jacques,2017,0
62723,DUPONT-AIGNAN,Nicolas,2017,9
62723,FILLON,François,2017,28
62723,HAMON,Benoît,2017,5
62723,LASSALLE,Jean,2017,2
62723,LE PEN,Marine,2017,43
62723,MACRON,Emmanuel,2017,30
62723,MÉLENCHON,Jean-Luc,2017,36
62723,POUTOU,Philippe,2017,0
62724,ARTHAUD,Nathalie,2017,74
62724,ASSELINEAU,François,2017,33
62724,CHEMINADE,Jacques,2017,5
62724,DUPONT-AIGNAN,Nicolas,2017,161
62724,FILLON,François,2017,329
62724,HAMON,Benoît,2017,179
62724,LASSALLE,Jean,2017,28
62724,LE PEN,Marine,2017,2160
62724,MACRON,Emmanuel,2017,618
62724,MÉLENCHON,Jean-Luc,2017,1409
62724,POUTOU,Philippe,2017,58
62725,ARTHAUD,Nathalie,2017,1
62725,ASSELINEAU,François,2017,1
62725,CHEMINADE,Jacques,2017,0
62725,DUPONT-AIGNAN,Nicolas,2017,9
62725,FILLON,François,2017,32
62725,HAMON,Benoît,2017,6
62725,LASSALLE,Jean,2017,0
62725,LE PEN,Marine,2017,19
62725,MACRON,Emmanuel,2017,20
62725,MÉLENCHON,Jean-Luc,2017,10
62725,POUTOU,Philippe,2017,1
62726,ARTHAUD,Nathalie,2017,2
62726,ASSELINEAU,François,2017,0
62726,CHEMINADE,Jacques,2017,0
62726,DUPONT-AIGNAN,Nicolas,2017,8
62726,FILLON,François,2017,31
62726,HAMON,Benoît,2017,1
62726,LASSALLE,Jean,2017,1
62726,LE PEN,Marine,2017,31
62726,MACRON,Emmanuel,2017,25
62726,MÉLENCHON,Jean-Luc,2017,30
62726,POUTOU,Philippe,2017,1
62727,ARTHAUD,Nathalie,2017,8
62727,ASSELINEAU,François,2017,7
62727,CHEMINADE,Jacques,2017,4
62727,DUPONT-AIGNAN,Nicolas,2017,70
62727,FILLON,François,2017,118
62727,HAMON,Benoît,2017,87
62727,LASSALLE,Jean,2017,5
62727,LE PEN,Marine,2017,377
62727,MACRON,Emmanuel,2017,193
62727,MÉLENCHON,Jean-Luc,2017,238
62727,POUTOU,Philippe,2017,8
62728,ARTHAUD,Nathalie,2017,5
62728,ASSELINEAU,François,2017,1
62728,CHEMINADE,Jacques,2017,1
62728,DUPONT-AIGNAN,Nicolas,2017,28
62728,FILLON,François,2017,65
62728,HAMON,Benoît,2017,15
62728,LASSALLE,Jean,2017,4
62728,LE PEN,Marine,2017,191
62728,MACRON,Emmanuel,2017,48
62728,MÉLENCHON,Jean-Luc,2017,69
62728,POUTOU,Philippe,2017,7
62729,ARTHAUD,Nathalie,2017,2
62729,ASSELINEAU,François,2017,1
62729,CHEMINADE,Jacques,2017,0
62729,DUPONT-AIGNAN,Nicolas,2017,7
62729,FILLON,François,2017,41
62729,HAMON,Benoît,2017,6
62729,LASSALLE,Jean,2017,0
62729,LE PEN,Marine,2017,38
62729,MACRON,Emmanuel,2017,23
62729,MÉLENCHON,Jean-Luc,2017,24
62729,POUTOU,Philippe,2017,0
62730,ARTHAUD,Nathalie,2017,5
62730,ASSELINEAU,François,2017,6
62730,CHEMINADE,Jacques,2017,4
62730,DUPONT-AIGNAN,Nicolas,2017,70
62730,FILLON,François,2017,142
62730,HAMON,Benoît,2017,28
62730,LASSALLE,Jean,2017,7
62730,LE PEN,Marine,2017,356
62730,MACRON,Emmanuel,2017,128
62730,MÉLENCHON,Jean-Luc,2017,143
62730,POUTOU,Philippe,2017,6
62731,ARTHAUD,Nathalie,2017,1
62731,ASSELINEAU,François,2017,0
62731,CHEMINADE,Jacques,2017,2
62731,DUPONT-AIGNAN,Nicolas,2017,10
62731,FILLON,François,2017,28
62731,HAMON,Benoît,2017,6
62731,LASSALLE,Jean,2017,4
62731,LE PEN,Marine,2017,81
62731,MACRON,Emmanuel,2017,32
62731,MÉLENCHON,Jean-Luc,2017,15
62731,POUTOU,Philippe,2017,2
62732,ARTHAUD,Nathalie,2017,3
62732,ASSELINEAU,François,2017,1
62732,CHEMINADE,Jacques,2017,1
62732,DUPONT-AIGNAN,Nicolas,2017,13
62732,FILLON,François,2017,40
62732,HAMON,Benoît,2017,6
62732,LASSALLE,Jean,2017,3
62732,LE PEN,Marine,2017,77
62732,MACRON,Emmanuel,2017,47
62732,MÉLENCHON,Jean-Luc,2017,33
62732,POUTOU,Philippe,2017,2
62733,ARTHAUD,Nathalie,2017,3
62733,ASSELINEAU,François,2017,0
62733,CHEMINADE,Jacques,2017,0
62733,DUPONT-AIGNAN,Nicolas,2017,8
62733,FILLON,François,2017,17
62733,HAMON,Benoît,2017,5
62733,LASSALLE,Jean,2017,2
62733,LE PEN,Marine,2017,65
62733,MACRON,Emmanuel,2017,30
62733,MÉLENCHON,Jean-Luc,2017,30
62733,POUTOU,Philippe,2017,4
62734,ARTHAUD,Nathalie,2017,5
62734,ASSELINEAU,François,2017,7
62734,CHEMINADE,Jacques,2017,0
62734,DUPONT-AIGNAN,Nicolas,2017,25
62734,FILLON,François,2017,91
62734,HAMON,Benoît,2017,17
62734,LASSALLE,Jean,2017,9
62734,LE PEN,Marine,2017,161
62734,MACRON,Emmanuel,2017,72
62734,MÉLENCHON,Jean-Luc,2017,61
62734,POUTOU,Philippe,2017,9
62735,ARTHAUD,Nathalie,2017,21
62735,ASSELINEAU,François,2017,6
62735,CHEMINADE,Jacques,2017,2
62735,DUPONT-AIGNAN,Nicolas,2017,64
62735,FILLON,François,2017,131
62735,HAMON,Benoît,2017,76
62735,LASSALLE,Jean,2017,2
62735,LE PEN,Marine,2017,540
62735,MACRON,Emmanuel,2017,208
62735,MÉLENCHON,Jean-Luc,2017,270
62735,POUTOU,Philippe,2017,18
62736,ARTHAUD,Nathalie,2017,16
62736,ASSELINEAU,François,2017,19
62736,CHEMINADE,Jacques,2017,6
62736,DUPONT-AIGNAN,Nicolas,2017,156
62736,FILLON,François,2017,501
62736,HAMON,Benoît,2017,138
62736,LASSALLE,Jean,2017,15
62736,LE PEN,Marine,2017,694
62736,MACRON,Emmanuel,2017,623
62736,MÉLENCHON,Jean-Luc,2017,448
62736,POUTOU,Philippe,2017,25
62737,ARTHAUD,Nathalie,2017,34
62737,ASSELINEAU,François,2017,25
62737,CHEMINADE,Jacques,2017,4
62737,DUPONT-AIGNAN,Nicolas,2017,143
62737,FILLON,François,2017,283
62737,HAMON,Benoît,2017,197
62737,LASSALLE,Jean,2017,14
62737,LE PEN,Marine,2017,1510
62737,MACRON,Emmanuel,2017,499
62737,MÉLENCHON,Jean-Luc,2017,734
62737,POUTOU,Philippe,2017,43
62738,ARTHAUD,Nathalie,2017,0
62738,ASSELINEAU,François,2017,0
62738,CHEMINADE,Jacques,2017,1
62738,DUPONT-AIGNAN,Nicolas,2017,9
62738,FILLON,François,2017,29
62738,HAMON,Benoît,2017,0
62738,LASSALLE,Jean,2017,0
62738,LE PEN,Marine,2017,31
62738,MACRON,Emmanuel,2017,13
62738,MÉLENCHON,Jean-Luc,2017,17
62738,POUTOU,Philippe,2017,0
62739,ARTHAUD,Nathalie,2017,3
62739,ASSELINEAU,François,2017,4
62739,CHEMINADE,Jacques,2017,0
62739,DUPONT-AIGNAN,Nicolas,2017,18
62739,FILLON,François,2017,49
62739,HAMON,Benoît,2017,4
62739,LASSALLE,Jean,2017,4
62739,LE PEN,Marine,2017,79
62739,MACRON,Emmanuel,2017,39
62739,MÉLENCHON,Jean-Luc,2017,23
62739,POUTOU,Philippe,2017,3
62740,ARTHAUD,Nathalie,2017,2
62740,ASSELINEAU,François,2017,0
62740,CHEMINADE,Jacques,2017,0
62740,DUPONT-AIGNAN,Nicolas,2017,16
62740,FILLON,François,2017,44
62740,HAMON,Benoît,2017,12
62740,LASSALLE,Jean,2017,0
62740,LE PEN,Marine,2017,59
62740,MACRON,Emmanuel,2017,21
62740,MÉLENCHON,Jean-Luc,2017,26
62740,POUTOU,Philippe,2017,0
62741,ARTHAUD,Nathalie,2017,0
62741,ASSELINEAU,François,2017,0
62741,CHEMINADE,Jacques,2017,0
62741,DUPONT-AIGNAN,Nicolas,2017,7
62741,FILLON,François,2017,29
62741,HAMON,Benoît,2017,4
62741,LASSALLE,Jean,2017,0
62741,LE PEN,Marine,2017,25
62741,MACRON,Emmanuel,2017,19
62741,MÉLENCHON,Jean-Luc,2017,10
62741,POUTOU,Philippe,2017,0
62742,ARTHAUD,Nathalie,2017,0
62742,ASSELINEAU,François,2017,2
62742,CHEMINADE,Jacques,2017,1
62742,DUPONT-AIGNAN,Nicolas,2017,11
62742,FILLON,François,2017,64
62742,HAMON,Benoît,2017,5
62742,LASSALLE,Jean,2017,3
62742,LE PEN,Marine,2017,28
62742,MACRON,Emmanuel,2017,70
62742,MÉLENCHON,Jean-Luc,2017,14
62742,POUTOU,Philippe,2017,0
62743,ARTHAUD,Nathalie,2017,1
62743,ASSELINEAU,François,2017,0
62743,CHEMINADE,Jacques,2017,0
62743,DUPONT-AIGNAN,Nicolas,2017,21
62743,FILLON,François,2017,64
62743,HAMON,Benoît,2017,8
62743,LASSALLE,Jean,2017,0
62743,LE PEN,Marine,2017,68
62743,MACRON,Emmanuel,2017,73
62743,MÉLENCHON,Jean-Luc,2017,36
62743,POUTOU,Philippe,2017,2
62744,ARTHAUD,Nathalie,2017,13
62744,ASSELINEAU,François,2017,23
62744,CHEMINADE,Jacques,2017,0
62744,DUPONT-AIGNAN,Nicolas,2017,115
62744,FILLON,François,2017,495
62744,HAMON,Benoît,2017,116
62744,LASSALLE,Jean,2017,21
62744,LE PEN,Marine,2017,382
62744,MACRON,Emmanuel,2017,596
62744,MÉLENCHON,Jean-Luc,2017,321
62744,POUTOU,Philippe,2017,14
62745,ARTHAUD,Nathalie,2017,2
62745,ASSELINEAU,François,2017,0
62745,CHEMINADE,Jacques,2017,0
62745,DUPONT-AIGNAN,Nicolas,2017,4
62745,FILLON,François,2017,25
62745,HAMON,Benoît,2017,7
62745,LASSALLE,Jean,2017,1
62745,LE PEN,Marine,2017,25
62745,MACRON,Emmanuel,2017,22
62745,MÉLENCHON,Jean-Luc,2017,10
62745,POUTOU,Philippe,2017,0
62746,ARTHAUD,Nathalie,2017,33
62746,ASSELINEAU,François,2017,10
62746,CHEMINADE,Jacques,2017,8
62746,DUPONT-AIGNAN,Nicolas,2017,142
62746,FILLON,François,2017,316
62746,HAMON,Benoît,2017,179
62746,LASSALLE,Jean,2017,29
62746,LE PEN,Marine,2017,958
62746,MACRON,Emmanuel,2017,524
62746,MÉLENCHON,Jean-Luc,2017,804
62746,POUTOU,Philippe,2017,24
62747,ARTHAUD,Nathalie,2017,7
62747,ASSELINEAU,François,2017,2
62747,CHEMINADE,Jacques,2017,0
62747,DUPONT-AIGNAN,Nicolas,2017,37
62747,FILLON,François,2017,55
62747,HAMON,Benoît,2017,20
62747,LASSALLE,Jean,2017,2
62747,LE PEN,Marine,2017,90
62747,MACRON,Emmanuel,2017,78
62747,MÉLENCHON,Jean-Luc,2017,69
62747,POUTOU,Philippe,2017,1
62748,ARTHAUD,Nathalie,2017,10
62748,ASSELINEAU,François,2017,11
62748,CHEMINADE,Jacques,2017,5
62748,DUPONT-AIGNAN,Nicolas,2017,105
62748,FILLON,François,2017,277
62748,HAMON,Benoît,2017,69
62748,LASSALLE,Jean,2017,14
62748,LE PEN,Marine,2017,442
62748,MACRON,Emmanuel,2017,226
62748,MÉLENCHON,Jean-Luc,2017,240
62748,POUTOU,Philippe,2017,9
62749,ARTHAUD,Nathalie,2017,1
62749,ASSELINEAU,François,2017,1
62749,CHEMINADE,Jacques,2017,2
62749,DUPONT-AIGNAN,Nicolas,2017,11
62749,FILLON,François,2017,42
62749,HAMON,Benoît,2017,16
62749,LASSALLE,Jean,2017,0
62749,LE PEN,Marine,2017,68
62749,MACRON,Emmanuel,2017,31
62749,MÉLENCHON,Jean-Luc,2017,30
62749,POUTOU,Philippe,2017,1
62750,ARTHAUD,Nathalie,2017,5
62750,ASSELINEAU,François,2017,2
62750,CHEMINADE,Jacques,2017,1
62750,DUPONT-AIGNAN,Nicolas,2017,26
62750,FILLON,François,2017,99
62750,HAMON,Benoît,2017,23
62750,LASSALLE,Jean,2017,0
62750,LE PEN,Marine,2017,185
62750,MACRON,Emmanuel,2017,90
62750,MÉLENCHON,Jean-Luc,2017,87
62750,POUTOU,Philippe,2017,8
62751,ARTHAUD,Nathalie,2017,4
62751,ASSELINEAU,François,2017,6
62751,CHEMINADE,Jacques,2017,4
62751,DUPONT-AIGNAN,Nicolas,2017,26
62751,FILLON,François,2017,79
62751,HAMON,Benoît,2017,22
62751,LASSALLE,Jean,2017,3
62751,LE PEN,Marine,2017,148
62751,MACRON,Emmanuel,2017,109
62751,MÉLENCHON,Jean-Luc,2017,75
62751,POUTOU,Philippe,2017,3
62752,ARTHAUD,Nathalie,2017,3
62752,ASSELINEAU,François,2017,2
62752,CHEMINADE,Jacques,2017,2
62752,DUPONT-AIGNAN,Nicolas,2017,33
62752,FILLON,François,2017,224
62752,HAMON,Benoît,2017,26
62752,LASSALLE,Jean,2017,1
62752,LE PEN,Marine,2017,178
62752,MACRON,Emmanuel,2017,231
62752,MÉLENCHON,Jean-Luc,2017,78
62752,POUTOU,Philippe,2017,9
62753,ARTHAUD,Nathalie,2017,30
62753,ASSELINEAU,François,2017,30
62753,CHEMINADE,Jacques,2017,6
62753,DUPONT-AIGNAN,Nicolas,2017,184
62753,FILLON,François,2017,442
62753,HAMON,Benoît,2017,238
62753,LASSALLE,Jean,2017,30
62753,LE PEN,Marine,2017,1006
62753,MACRON,Emmanuel,2017,890
62753,MÉLENCHON,Jean-Luc,2017,840
62753,POUTOU,Philippe,2017,45
62754,ARTHAUD,Nathalie,2017,3
62754,ASSELINEAU,François,2017,1
62754,CHEMINADE,Jacques,2017,1
62754,DUPONT-AIGNAN,Nicolas,2017,25
62754,FILLON,François,2017,35
62754,HAMON,Benoît,2017,17
62754,LASSALLE,Jean,2017,4
62754,LE PEN,Marine,2017,87
62754,MACRON,Emmanuel,2017,66
62754,MÉLENCHON,Jean-Luc,2017,34
62754,POUTOU,Philippe,2017,2
62755,ARTHAUD,Nathalie,2017,18
62755,ASSELINEAU,François,2017,13
62755,CHEMINADE,Jacques,2017,3
62755,DUPONT-AIGNAN,Nicolas,2017,127
62755,FILLON,François,2017,276
62755,HAMON,Benoît,2017,108
62755,LASSALLE,Jean,2017,18
62755,LE PEN,Marine,2017,576
62755,MACRON,Emmanuel,2017,549
62755,MÉLENCHON,Jean-Luc,2017,507
62755,POUTOU,Philippe,2017,25
62756,ARTHAUD,Nathalie,2017,8
62756,ASSELINEAU,François,2017,6
62756,CHEMINADE,Jacques,2017,1
62756,DUPONT-AIGNAN,Nicolas,2017,76
62756,FILLON,François,2017,125
62756,HAMON,Benoît,2017,29
62756,LASSALLE,Jean,2017,9
62756,LE PEN,Marine,2017,431
62756,MACRON,Emmanuel,2017,131
62756,MÉLENCHON,Jean-Luc,2017,133
62756,POUTOU,Philippe,2017,8
62757,ARTHAUD,Nathalie,2017,50
62757,ASSELINEAU,François,2017,19
62757,CHEMINADE,Jacques,2017,7
62757,DUPONT-AIGNAN,Nicolas,2017,213
62757,FILLON,François,2017,641
62757,HAMON,Benoît,2017,190
62757,LASSALLE,Jean,2017,28
62757,LE PEN,Marine,2017,1021
62757,MACRON,Emmanuel,2017,955
62757,MÉLENCHON,Jean-Luc,2017,656
62757,POUTOU,Philippe,2017,45
62758,ARTHAUD,Nathalie,2017,75
62758,ASSELINEAU,François,2017,48
62758,CHEMINADE,Jacques,2017,20
62758,DUPONT-AIGNAN,Nicolas,2017,321
62758,FILLON,François,2017,1053
62758,HAMON,Benoît,2017,481
62758,LASSALLE,Jean,2017,40
62758,LE PEN,Marine,2017,1749
62758,MACRON,Emmanuel,2017,1565
62758,MÉLENCHON,Jean-Luc,2017,1406
62758,POUTOU,Philippe,2017,62
62759,ARTHAUD,Nathalie,2017,2
62759,ASSELINEAU,François,2017,2
62759,CHEMINADE,Jacques,2017,1
62759,DUPONT-AIGNAN,Nicolas,2017,13
62759,FILLON,François,2017,60
62759,HAMON,Benoît,2017,16
62759,LASSALLE,Jean,2017,4
62759,LE PEN,Marine,2017,88
62759,MACRON,Emmanuel,2017,64
62759,MÉLENCHON,Jean-Luc,2017,36
62759,POUTOU,Philippe,2017,9
62760,ARTHAUD,Nathalie,2017,0
62760,ASSELINEAU,François,2017,0
62760,CHEMINADE,Jacques,2017,0
62760,DUPONT-AIGNAN,Nicolas,2017,9
62760,FILLON,François,2017,39
62760,HAMON,Benoît,2017,4
62760,LASSALLE,Jean,2017,0
62760,LE PEN,Marine,2017,80
62760,MACRON,Emmanuel,2017,26
62760,MÉLENCHON,Jean-Luc,2017,24
62760,POUTOU,Philippe,2017,4
62761,ARTHAUD,Nathalie,2017,1
62761,ASSELINEAU,François,2017,0
62761,CHEMINADE,Jacques,2017,1
62761,DUPONT-AIGNAN,Nicolas,2017,15
62761,FILLON,François,2017,31
62761,HAMON,Benoît,2017,3
62761,LASSALLE,Jean,2017,2
62761,LE PEN,Marine,2017,57
62761,MACRON,Emmanuel,2017,20
62761,MÉLENCHON,Jean-Luc,2017,26
62761,POUTOU,Philippe,2017,0
62762,ARTHAUD,Nathalie,2017,0
62762,ASSELINEAU,François,2017,0
62762,CHEMINADE,Jacques,2017,0
62762,DUPONT-AIGNAN,Nicolas,2017,5
62762,FILLON,François,2017,31
62762,HAMON,Benoît,2017,3
62762,LASSALLE,Jean,2017,0
62762,LE PEN,Marine,2017,21
62762,MACRON,Emmanuel,2017,24
62762,MÉLENCHON,Jean-Luc,2017,10
62762,POUTOU,Philippe,2017,0
62763,ARTHAUD,Nathalie,2017,6
62763,ASSELINEAU,François,2017,3
62763,CHEMINADE,Jacques,2017,1
62763,DUPONT-AIGNAN,Nicolas,2017,35
62763,FILLON,François,2017,133
62763,HAMON,Benoît,2017,23
62763,LASSALLE,Jean,2017,5
62763,LE PEN,Marine,2017,166
62763,MACRON,Emmanuel,2017,102
62763,MÉLENCHON,Jean-Luc,2017,99
62763,POUTOU,Philippe,2017,2
62764,ARTHAUD,Nathalie,2017,37
62764,ASSELINEAU,François,2017,14
62764,CHEMINADE,Jacques,2017,3
62764,DUPONT-AIGNAN,Nicolas,2017,114
62764,FILLON,François,2017,366
62764,HAMON,Benoît,2017,203
62764,LASSALLE,Jean,2017,19
62764,LE PEN,Marine,2017,713
62764,MACRON,Emmanuel,2017,542
62764,MÉLENCHON,Jean-Luc,2017,537
62764,POUTOU,Philippe,2017,45
62765,ARTHAUD,Nathalie,2017,67
62765,ASSELINEAU,François,2017,35
62765,CHEMINADE,Jacques,2017,18
62765,DUPONT-AIGNAN,Nicolas,2017,262
62765,FILLON,François,2017,1352
62765,HAMON,Benoît,2017,390
62765,LASSALLE,Jean,2017,42
62765,LE PEN,Marine,2017,1661
62765,MACRON,Emmanuel,2017,1470
62765,MÉLENCHON,Jean-Luc,2017,1166
62765,POUTOU,Philippe,2017,73
62766,ARTHAUD,Nathalie,2017,7
62766,ASSELINEAU,François,2017,6
62766,CHEMINADE,Jacques,2017,2
62766,DUPONT-AIGNAN,Nicolas,2017,48
62766,FILLON,François,2017,111
62766,HAMON,Benoît,2017,27
62766,LASSALLE,Jean,2017,1
62766,LE PEN,Marine,2017,256
62766,MACRON,Emmanuel,2017,79
62766,MÉLENCHON,Jean-Luc,2017,101
62766,POUTOU,Philippe,2017,8
62767,ARTHAUD,Nathalie,2017,33
62767,ASSELINEAU,François,2017,16
62767,CHEMINADE,Jacques,2017,3
62767,DUPONT-AIGNAN,Nicolas,2017,118
62767,FILLON,François,2017,453
62767,HAMON,Benoît,2017,141
62767,LASSALLE,Jean,2017,16
62767,LE PEN,Marine,2017,770
62767,MACRON,Emmanuel,2017,511
62767,MÉLENCHON,Jean-Luc,2017,432
62767,POUTOU,Philippe,2017,32
62768,ARTHAUD,Nathalie,2017,0
62768,ASSELINEAU,François,2017,0
62768,CHEMINADE,Jacques,2017,0
62768,DUPONT-AIGNAN,Nicolas,2017,2
62768,FILLON,François,2017,19
62768,HAMON,Benoît,2017,5
62768,LASSALLE,Jean,2017,3
62768,LE PEN,Marine,2017,23
62768,MACRON,Emmanuel,2017,9
62768,MÉLENCHON,Jean-Luc,2017,14
62768,POUTOU,Philippe,2017,0
62769,ARTHAUD,Nathalie,2017,0
62769,ASSELINEAU,François,2017,4
62769,CHEMINADE,Jacques,2017,2
62769,DUPONT-AIGNAN,Nicolas,2017,31
62769,FILLON,François,2017,102
62769,HAMON,Benoît,2017,27
62769,LASSALLE,Jean,2017,3
62769,LE PEN,Marine,2017,153
62769,MACRON,Emmanuel,2017,108
62769,MÉLENCHON,Jean-Luc,2017,84
62769,POUTOU,Philippe,2017,4
62770,ARTHAUD,Nathalie,2017,28
62770,ASSELINEAU,François,2017,10
62770,CHEMINADE,Jacques,2017,2
62770,DUPONT-AIGNAN,Nicolas,2017,113
62770,FILLON,François,2017,303
62770,HAMON,Benoît,2017,79
62770,LASSALLE,Jean,2017,17
62770,LE PEN,Marine,2017,582
62770,MACRON,Emmanuel,2017,301
62770,MÉLENCHON,Jean-Luc,2017,323
62770,POUTOU,Philippe,2017,16
62771,ARTHAUD,Nathalie,2017,61
62771,ASSELINEAU,François,2017,45
62771,CHEMINADE,Jacques,2017,8
62771,DUPONT-AIGNAN,Nicolas,2017,168
62771,FILLON,François,2017,230
62771,HAMON,Benoît,2017,267
62771,LASSALLE,Jean,2017,17
62771,LE PEN,Marine,2017,1841
62771,MACRON,Emmanuel,2017,581
62771,MÉLENCHON,Jean-Luc,2017,1449
62771,POUTOU,Philippe,2017,52
62772,ARTHAUD,Nathalie,2017,2
62772,ASSELINEAU,François,2017,2
62772,CHEMINADE,Jacques,2017,0
62772,DUPONT-AIGNAN,Nicolas,2017,21
62772,FILLON,François,2017,68
62772,HAMON,Benoît,2017,12
62772,LASSALLE,Jean,2017,4
62772,LE PEN,Marine,2017,106
62772,MACRON,Emmanuel,2017,72
62772,MÉLENCHON,Jean-Luc,2017,57
62772,POUTOU,Philippe,2017,3
62773,ARTHAUD,Nathalie,2017,18
62773,ASSELINEAU,François,2017,5
62773,CHEMINADE,Jacques,2017,0
62773,DUPONT-AIGNAN,Nicolas,2017,118
62773,FILLON,François,2017,302
62773,HAMON,Benoît,2017,95
62773,LASSALLE,Jean,2017,11
62773,LE PEN,Marine,2017,813
62773,MACRON,Emmanuel,2017,489
62773,MÉLENCHON,Jean-Luc,2017,484
62773,POUTOU,Philippe,2017,29
62774,ARTHAUD,Nathalie,2017,17
62774,ASSELINEAU,François,2017,17
62774,CHEMINADE,Jacques,2017,7
62774,DUPONT-AIGNAN,Nicolas,2017,161
62774,FILLON,François,2017,470
62774,HAMON,Benoît,2017,177
62774,LASSALLE,Jean,2017,20
62774,LE PEN,Marine,2017,835
62774,MACRON,Emmanuel,2017,607
62774,MÉLENCHON,Jean-Luc,2017,624
62774,POUTOU,Philippe,2017,25
62775,ARTHAUD,Nathalie,2017,1
62775,ASSELINEAU,François,2017,4
62775,CHEMINADE,Jacques,2017,1
62775,DUPONT-AIGNAN,Nicolas,2017,10
62775,FILLON,François,2017,44
62775,HAMON,Benoît,2017,3
62775,LASSALLE,Jean,2017,1
62775,LE PEN,Marine,2017,97
62775,MACRON,Emmanuel,2017,14
62775,MÉLENCHON,Jean-Luc,2017,21
62775,POUTOU,Philippe,2017,3
62776,ARTHAUD,Nathalie,2017,2
62776,ASSELINEAU,François,2017,0
62776,CHEMINADE,Jacques,2017,0
62776,DUPONT-AIGNAN,Nicolas,2017,7
62776,FILLON,François,2017,22
62776,HAMON,Benoît,2017,3
62776,LASSALLE,Jean,2017,0
62776,LE PEN,Marine,2017,35
62776,MACRON,Emmanuel,2017,21
62776,MÉLENCHON,Jean-Luc,2017,23
62776,POUTOU,Philippe,2017,5
62777,ARTHAUD,Nathalie,2017,0
62777,ASSELINEAU,François,2017,0
62777,CHEMINADE,Jacques,2017,2
62777,DUPONT-AIGNAN,Nicolas,2017,9
62777,FILLON,François,2017,16
62777,HAMON,Benoît,2017,1
62777,LASSALLE,Jean,2017,0
62777,LE PEN,Marine,2017,45
62777,MACRON,Emmanuel,2017,13
62777,MÉLENCHON,Jean-Luc,2017,10
62777,POUTOU,Philippe,2017,0
62778,ARTHAUD,Nathalie,2017,0
62778,ASSELINEAU,François,2017,0
62778,CHEMINADE,Jacques,2017,0
62778,DUPONT-AIGNAN,Nicolas,2017,6
62778,FILLON,François,2017,12
62778,HAMON,Benoît,2017,0
62778,LASSALLE,Jean,2017,0
62778,LE PEN,Marine,2017,24
62778,MACRON,Emmanuel,2017,9
62778,MÉLENCHON,Jean-Luc,2017,1
62778,POUTOU,Philippe,2017,0
62779,ARTHAUD,Nathalie,2017,0
62779,ASSELINEAU,François,2017,0
62779,CHEMINADE,Jacques,2017,1
62779,DUPONT-AIGNAN,Nicolas,2017,5
62779,FILLON,François,2017,21
62779,HAMON,Benoît,2017,5
62779,LASSALLE,Jean,2017,1
62779,LE PEN,Marine,2017,55
62779,MACRON,Emmanuel,2017,20
62779,MÉLENCHON,Jean-Luc,2017,15
62779,POUTOU,Philippe,2017,1
62780,ARTHAUD,Nathalie,2017,5
62780,ASSELINEAU,François,2017,4
62780,CHEMINADE,Jacques,2017,1
62780,DUPONT-AIGNAN,Nicolas,2017,13
62780,FILLON,François,2017,15
62780,HAMON,Benoît,2017,5
62780,LASSALLE,Jean,2017,3
62780,LE PEN,Marine,2017,76
62780,MACRON,Emmanuel,2017,23
62780,MÉLENCHON,Jean-Luc,2017,62
62780,POUTOU,Philippe,2017,6
62781,ARTHAUD,Nathalie,2017,2
62781,ASSELINEAU,François,2017,0
62781,CHEMINADE,Jacques,2017,0
62781,DUPONT-AIGNAN,Nicolas,2017,4
62781,FILLON,François,2017,48
62781,HAMON,Benoît,2017,14
62781,LASSALLE,Jean,2017,1
62781,LE PEN,Marine,2017,130
62781,MACRON,Emmanuel,2017,29
62781,MÉLENCHON,Jean-Luc,2017,17
62781,POUTOU,Philippe,2017,5
62782,ARTHAUD,Nathalie,2017,3
62782,ASSELINEAU,François,2017,4
62782,CHEMINADE,Jacques,2017,0
62782,DUPONT-AIGNAN,Nicolas,2017,21
62782,FILLON,François,2017,60
62782,HAMON,Benoît,2017,16
62782,LASSALLE,Jean,2017,4
62782,LE PEN,Marine,2017,101
62782,MACRON,Emmanuel,2017,54
62782,MÉLENCHON,Jean-Luc,2017,51
62782,POUTOU,Philippe,2017,2
62783,ARTHAUD,Nathalie,2017,2
62783,ASSELINEAU,François,2017,1
62783,CHEMINADE,Jacques,2017,0
62783,DUPONT-AIGNAN,Nicolas,2017,7
62783,FILLON,François,2017,13
62783,HAMON,Benoît,2017,16
62783,LASSALLE,Jean,2017,1
62783,LE PEN,Marine,2017,60
62783,MACRON,Emmanuel,2017,39
62783,MÉLENCHON,Jean-Luc,2017,33
62783,POUTOU,Philippe,2017,4
62784,ARTHAUD,Nathalie,2017,2
62784,ASSELINEAU,François,2017,2
62784,CHEMINADE,Jacques,2017,0
62784,DUPONT-AIGNAN,Nicolas,2017,24
62784,FILLON,François,2017,100
62784,HAMON,Benoît,2017,10
62784,LASSALLE,Jean,2017,1
62784,LE PEN,Marine,2017,177
62784,MACRON,Emmanuel,2017,64
62784,MÉLENCHON,Jean-Luc,2017,66
62784,POUTOU,Philippe,2017,6
62785,ARTHAUD,Nathalie,2017,6
62785,ASSELINEAU,François,2017,4
62785,CHEMINADE,Jacques,2017,0
62785,DUPONT-AIGNAN,Nicolas,2017,36
62785,FILLON,François,2017,93
62785,HAMON,Benoît,2017,41
62785,LASSALLE,Jean,2017,2
62785,LE PEN,Marine,2017,194
62785,MACRON,Emmanuel,2017,121
62785,MÉLENCHON,Jean-Luc,2017,124
62785,POUTOU,Philippe,2017,11
62786,ARTHAUD,Nathalie,2017,1
62786,ASSELINEAU,François,2017,0
62786,CHEMINADE,Jacques,2017,0
62786,DUPONT-AIGNAN,Nicolas,2017,15
62786,FILLON,François,2017,53
62786,HAMON,Benoît,2017,8
62786,LASSALLE,Jean,2017,1
62786,LE PEN,Marine,2017,67
62786,MACRON,Emmanuel,2017,34
62786,MÉLENCHON,Jean-Luc,2017,16
62786,POUTOU,Philippe,2017,2
62787,ARTHAUD,Nathalie,2017,1
62787,ASSELINEAU,François,2017,2
62787,CHEMINADE,Jacques,2017,0
62787,DUPONT-AIGNAN,Nicolas,2017,10
62787,FILLON,François,2017,43
62787,HAMON,Benoît,2017,6
62787,LASSALLE,Jean,2017,0
62787,LE PEN,Marine,2017,72
62787,MACRON,Emmanuel,2017,22
62787,MÉLENCHON,Jean-Luc,2017,28
62787,POUTOU,Philippe,2017,1
62788,ARTHAUD,Nathalie,2017,3
62788,ASSELINEAU,François,2017,3
62788,CHEMINADE,Jacques,2017,0
62788,DUPONT-AIGNAN,Nicolas,2017,24
62788,FILLON,François,2017,75
62788,HAMON,Benoît,2017,37
62788,LASSALLE,Jean,2017,5
62788,LE PEN,Marine,2017,137
62788,MACRON,Emmanuel,2017,69
62788,MÉLENCHON,Jean-Luc,2017,79
62788,POUTOU,Philippe,2017,5
62789,ARTHAUD,Nathalie,2017,2
62789,ASSELINEAU,François,2017,0
62789,CHEMINADE,Jacques,2017,1
62789,DUPONT-AIGNAN,Nicolas,2017,4
62789,FILLON,François,2017,47
62789,HAMON,Benoît,2017,5
62789,LASSALLE,Jean,2017,0
62789,LE PEN,Marine,2017,57
62789,MACRON,Emmanuel,2017,33
62789,MÉLENCHON,Jean-Luc,2017,19
62789,POUTOU,Philippe,2017,2
62790,ARTHAUD,Nathalie,2017,2
62790,ASSELINEAU,François,2017,1
62790,CHEMINADE,Jacques,2017,0
62790,DUPONT-AIGNAN,Nicolas,2017,6
62790,FILLON,François,2017,28
62790,HAMON,Benoît,2017,6
62790,LASSALLE,Jean,2017,1
62790,LE PEN,Marine,2017,30
62790,MACRON,Emmanuel,2017,19
62790,MÉLENCHON,Jean-Luc,2017,16
62790,POUTOU,Philippe,2017,0
62791,ARTHAUD,Nathalie,2017,0
62791,ASSELINEAU,François,2017,0
62791,CHEMINADE,Jacques,2017,1
62791,DUPONT-AIGNAN,Nicolas,2017,0
62791,FILLON,François,2017,7
62791,HAMON,Benoît,2017,3
62791,LASSALLE,Jean,2017,0
62791,LE PEN,Marine,2017,13
62791,MACRON,Emmanuel,2017,6
62791,MÉLENCHON,Jean-Luc,2017,4
62791,POUTOU,Philippe,2017,0
62792,ARTHAUD,Nathalie,2017,8
62792,ASSELINEAU,François,2017,4
62792,CHEMINADE,Jacques,2017,2
62792,DUPONT-AIGNAN,Nicolas,2017,62
62792,FILLON,François,2017,148
62792,HAMON,Benoît,2017,37
62792,LASSALLE,Jean,2017,8
62792,LE PEN,Marine,2017,239
62792,MACRON,Emmanuel,2017,148
62792,MÉLENCHON,Jean-Luc,2017,115
62792,POUTOU,Philippe,2017,6
62793,ARTHAUD,Nathalie,2017,5
62793,ASSELINEAU,François,2017,0
62793,CHEMINADE,Jacques,2017,0
62793,DUPONT-AIGNAN,Nicolas,2017,46
62793,FILLON,François,2017,117
62793,HAMON,Benoît,2017,30
62793,LASSALLE,Jean,2017,3
62793,LE PEN,Marine,2017,236
62793,MACRON,Emmanuel,2017,137
62793,MÉLENCHON,Jean-Luc,2017,108
62793,POUTOU,Philippe,2017,5
62794,ARTHAUD,Nathalie,2017,8
62794,ASSELINEAU,François,2017,0
62794,CHEMINADE,Jacques,2017,0
62794,DUPONT-AIGNAN,Nicolas,2017,31
62794,FILLON,François,2017,48
62794,HAMON,Benoît,2017,15
62794,LASSALLE,Jean,2017,5
62794,LE PEN,Marine,2017,128
62794,MACRON,Emmanuel,2017,101
62794,MÉLENCHON,Jean-Luc,2017,49
62794,POUTOU,Philippe,2017,1
62795,ARTHAUD,Nathalie,2017,1
62795,ASSELINEAU,François,2017,1
62795,CHEMINADE,Jacques,2017,0
62795,DUPONT-AIGNAN,Nicolas,2017,1
62795,FILLON,François,2017,24
62795,HAMON,Benoît,2017,2
62795,LASSALLE,Jean,2017,0
62795,LE PEN,Marine,2017,22
62795,MACRON,Emmanuel,2017,14
62795,MÉLENCHON,Jean-Luc,2017,10
62795,POUTOU,Philippe,2017,0
62796,ARTHAUD,Nathalie,2017,0
62796,ASSELINEAU,François,2017,9
62796,CHEMINADE,Jacques,2017,0
62796,DUPONT-AIGNAN,Nicolas,2017,21
62796,FILLON,François,2017,94
62796,HAMON,Benoît,2017,17
62796,LASSALLE,Jean,2017,7
62796,LE PEN,Marine,2017,106
62796,MACRON,Emmanuel,2017,81
62796,MÉLENCHON,Jean-Luc,2017,41
62796,POUTOU,Philippe,2017,0
62797,ARTHAUD,Nathalie,2017,2
62797,ASSELINEAU,François,2017,2
62797,CHEMINADE,Jacques,2017,0
62797,DUPONT-AIGNAN,Nicolas,2017,13
62797,FILLON,François,2017,45
62797,HAMON,Benoît,2017,12
62797,LASSALLE,Jean,2017,2
62797,LE PEN,Marine,2017,60
62797,MACRON,Emmanuel,2017,34
62797,MÉLENCHON,Jean-Luc,2017,24
62797,POUTOU,Philippe,2017,4
62798,ARTHAUD,Nathalie,2017,2
62798,ASSELINEAU,François,2017,1
62798,CHEMINADE,Jacques,2017,0
62798,DUPONT-AIGNAN,Nicolas,2017,5
62798,FILLON,François,2017,43
62798,HAMON,Benoît,2017,6
62798,LASSALLE,Jean,2017,2
62798,LE PEN,Marine,2017,58
62798,MACRON,Emmanuel,2017,19
62798,MÉLENCHON,Jean-Luc,2017,23
62798,POUTOU,Philippe,2017,1
62799,ARTHAUD,Nathalie,2017,2
62799,ASSELINEAU,François,2017,1
62799,CHEMINADE,Jacques,2017,0
62799,DUPONT-AIGNAN,Nicolas,2017,30
62799,FILLON,François,2017,130
62799,HAMON,Benoît,2017,19
62799,LASSALLE,Jean,2017,0
62799,LE PEN,Marine,2017,106
62799,MACRON,Emmanuel,2017,150
62799,MÉLENCHON,Jean-Luc,2017,53
62799,POUTOU,Philippe,2017,5
62800,ARTHAUD,Nathalie,2017,2
62800,ASSELINEAU,François,2017,0
62800,CHEMINADE,Jacques,2017,0
62800,DUPONT-AIGNAN,Nicolas,2017,9
62800,FILLON,François,2017,30
62800,HAMON,Benoît,2017,8
62800,LASSALLE,Jean,2017,1
62800,LE PEN,Marine,2017,105
62800,MACRON,Emmanuel,2017,31
62800,MÉLENCHON,Jean-Luc,2017,48
62800,POUTOU,Philippe,2017,0
62801,ARTHAUD,Nathalie,2017,11
62801,ASSELINEAU,François,2017,13
62801,CHEMINADE,Jacques,2017,5
62801,DUPONT-AIGNAN,Nicolas,2017,140
62801,FILLON,François,2017,225
62801,HAMON,Benoît,2017,108
62801,LASSALLE,Jean,2017,13
62801,LE PEN,Marine,2017,466
62801,MACRON,Emmanuel,2017,379
62801,MÉLENCHON,Jean-Luc,2017,354
62801,POUTOU,Philippe,2017,21
62802,ARTHAUD,Nathalie,2017,0
62802,ASSELINEAU,François,2017,0
62802,CHEMINADE,Jacques,2017,0
62802,DUPONT-AIGNAN,Nicolas,2017,5
62802,FILLON,François,2017,18
62802,HAMON,Benoît,2017,2
62802,LASSALLE,Jean,2017,1
62802,LE PEN,Marine,2017,48
62802,MACRON,Emmanuel,2017,11
62802,MÉLENCHON,Jean-Luc,2017,11
62802,POUTOU,Philippe,2017,0
62803,ARTHAUD,Nathalie,2017,1
62803,ASSELINEAU,François,2017,2
62803,CHEMINADE,Jacques,2017,2
62803,DUPONT-AIGNAN,Nicolas,2017,34
62803,FILLON,François,2017,81
62803,HAMON,Benoît,2017,15
62803,LASSALLE,Jean,2017,3
62803,LE PEN,Marine,2017,134
62803,MACRON,Emmanuel,2017,44
62803,MÉLENCHON,Jean-Luc,2017,26
62803,POUTOU,Philippe,2017,2
62804,ARTHAUD,Nathalie,2017,1
62804,ASSELINEAU,François,2017,1
62804,CHEMINADE,Jacques,2017,0
62804,DUPONT-AIGNAN,Nicolas,2017,13
62804,FILLON,François,2017,54
62804,HAMON,Benoît,2017,10
62804,LASSALLE,Jean,2017,2
62804,LE PEN,Marine,2017,80
62804,MACRON,Emmanuel,2017,23
62804,MÉLENCHON,Jean-Luc,2017,19
62804,POUTOU,Philippe,2017,1
62805,ARTHAUD,Nathalie,2017,1
62805,ASSELINEAU,François,2017,2
62805,CHEMINADE,Jacques,2017,0
62805,DUPONT-AIGNAN,Nicolas,2017,15
62805,FILLON,François,2017,34
62805,HAMON,Benoît,2017,7
62805,LASSALLE,Jean,2017,5
62805,LE PEN,Marine,2017,58
62805,MACRON,Emmanuel,2017,17
62805,MÉLENCHON,Jean-Luc,2017,19
62805,POUTOU,Philippe,2017,0
62806,ARTHAUD,Nathalie,2017,0
62806,ASSELINEAU,François,2017,0
62806,CHEMINADE,Jacques,2017,0
62806,DUPONT-AIGNAN,Nicolas,2017,6
62806,FILLON,François,2017,62
62806,HAMON,Benoît,2017,3
62806,LASSALLE,Jean,2017,2
62806,LE PEN,Marine,2017,10
62806,MACRON,Emmanuel,2017,35
62806,MÉLENCHON,Jean-Luc,2017,13
62806,POUTOU,Philippe,2017,0
62808,ARTHAUD,Nathalie,2017,4
62808,ASSELINEAU,François,2017,0
62808,CHEMINADE,Jacques,2017,2
62808,DUPONT-AIGNAN,Nicolas,2017,10
62808,FILLON,François,2017,30
62808,HAMON,Benoît,2017,9
62808,LASSALLE,Jean,2017,1
62808,LE PEN,Marine,2017,70
62808,MACRON,Emmanuel,2017,21
62808,MÉLENCHON,Jean-Luc,2017,19
62808,POUTOU,Philippe,2017,2
62809,ARTHAUD,Nathalie,2017,0
62809,ASSELINEAU,François,2017,0
62809,CHEMINADE,Jacques,2017,0
62809,DUPONT-AIGNAN,Nicolas,2017,7
62809,FILLON,François,2017,31
62809,HAMON,Benoît,2017,2
62809,LASSALLE,Jean,2017,1
62809,LE PEN,Marine,2017,40
62809,MACRON,Emmanuel,2017,10
62809,MÉLENCHON,Jean-Luc,2017,5
62809,POUTOU,Philippe,2017,0
62810,ARTHAUD,Nathalie,2017,3
62810,ASSELINEAU,François,2017,2
62810,CHEMINADE,Jacques,2017,6
62810,DUPONT-AIGNAN,Nicolas,2017,46
62810,FILLON,François,2017,162
62810,HAMON,Benoît,2017,41
62810,LASSALLE,Jean,2017,6
62810,LE PEN,Marine,2017,235
62810,MACRON,Emmanuel,2017,221
62810,MÉLENCHON,Jean-Luc,2017,131
62810,POUTOU,Philippe,2017,4
62811,ARTHAUD,Nathalie,2017,8
62811,ASSELINEAU,François,2017,3
62811,CHEMINADE,Jacques,2017,3
62811,DUPONT-AIGNAN,Nicolas,2017,36
62811,FILLON,François,2017,148
62811,HAMON,Benoît,2017,28
62811,LASSALLE,Jean,2017,8
62811,LE PEN,Marine,2017,230
62811,MACRON,Emmanuel,2017,158
62811,MÉLENCHON,Jean-Luc,2017,122
62811,POUTOU,Philippe,2017,6
62812,ARTHAUD,Nathalie,2017,2
62812,ASSELINEAU,François,2017,3
62812,CHEMINADE,Jacques,2017,1
62812,DUPONT-AIGNAN,Nicolas,2017,25
62812,FILLON,François,2017,116
62812,HAMON,Benoît,2017,16
62812,LASSALLE,Jean,2017,4
62812,LE PEN,Marine,2017,192
62812,MACRON,Emmanuel,2017,78
62812,MÉLENCHON,Jean-Luc,2017,70
62812,POUTOU,Philippe,2017,3
62813,ARTHAUD,Nathalie,2017,5
62813,ASSELINEAU,François,2017,0
62813,CHEMINADE,Jacques,2017,1
62813,DUPONT-AIGNAN,Nicolas,2017,13
62813,FILLON,François,2017,60
62813,HAMON,Benoît,2017,15
62813,LASSALLE,Jean,2017,0
62813,LE PEN,Marine,2017,88
62813,MACRON,Emmanuel,2017,61
62813,MÉLENCHON,Jean-Luc,2017,54
62813,POUTOU,Philippe,2017,4
62814,ARTHAUD,Nathalie,2017,1
62814,ASSELINEAU,François,2017,1
62814,CHEMINADE,Jacques,2017,1
62814,DUPONT-AIGNAN,Nicolas,2017,6
62814,FILLON,François,2017,9
62814,HAMON,Benoît,2017,4
62814,LASSALLE,Jean,2017,0
62814,LE PEN,Marine,2017,29
62814,MACRON,Emmanuel,2017,20
62814,MÉLENCHON,Jean-Luc,2017,13
62814,POUTOU,Philippe,2017,0
62815,ARTHAUD,Nathalie,2017,1
62815,ASSELINEAU,François,2017,0
62815,CHEMINADE,Jacques,2017,0
62815,DUPONT-AIGNAN,Nicolas,2017,7
62815,FILLON,François,2017,31
62815,HAMON,Benoît,2017,7
62815,LASSALLE,Jean,2017,0
62815,LE PEN,Marine,2017,40
62815,MACRON,Emmanuel,2017,21
62815,MÉLENCHON,Jean-Luc,2017,18
62815,POUTOU,Philippe,2017,0
62816,ARTHAUD,Nathalie,2017,0
62816,ASSELINEAU,François,2017,1
62816,CHEMINADE,Jacques,2017,0
62816,DUPONT-AIGNAN,Nicolas,2017,3
62816,FILLON,François,2017,20
62816,HAMON,Benoît,2017,16
62816,LASSALLE,Jean,2017,4
62816,LE PEN,Marine,2017,51
62816,MACRON,Emmanuel,2017,33
62816,MÉLENCHON,Jean-Luc,2017,31
62816,POUTOU,Philippe,2017,0
62817,ARTHAUD,Nathalie,2017,5
62817,ASSELINEAU,François,2017,1
62817,CHEMINADE,Jacques,2017,3
62817,DUPONT-AIGNAN,Nicolas,2017,52
62817,FILLON,François,2017,142
62817,HAMON,Benoît,2017,59
62817,LASSALLE,Jean,2017,3
62817,LE PEN,Marine,2017,245
62817,MACRON,Emmanuel,2017,227
62817,MÉLENCHON,Jean-Luc,2017,148
62817,POUTOU,Philippe,2017,10
62818,ARTHAUD,Nathalie,2017,1
62818,ASSELINEAU,François,2017,3
62818,CHEMINADE,Jacques,2017,0
62818,DUPONT-AIGNAN,Nicolas,2017,4
62818,FILLON,François,2017,18
62818,HAMON,Benoît,2017,11
62818,LASSALLE,Jean,2017,0
62818,LE PEN,Marine,2017,40
62818,MACRON,Emmanuel,2017,24
62818,MÉLENCHON,Jean-Luc,2017,17
62818,POUTOU,Philippe,2017,0
62819,ARTHAUD,Nathalie,2017,9
62819,ASSELINEAU,François,2017,4
62819,CHEMINADE,Jacques,2017,0
62819,DUPONT-AIGNAN,Nicolas,2017,40
62819,FILLON,François,2017,181
62819,HAMON,Benoît,2017,30
62819,LASSALLE,Jean,2017,10
62819,LE PEN,Marine,2017,200
62819,MACRON,Emmanuel,2017,198
62819,MÉLENCHON,Jean-Luc,2017,115
62819,POUTOU,Philippe,2017,8
62820,ARTHAUD,Nathalie,2017,6
62820,ASSELINEAU,François,2017,0
62820,CHEMINADE,Jacques,2017,2
62820,DUPONT-AIGNAN,Nicolas,2017,44
62820,FILLON,François,2017,110
62820,HAMON,Benoît,2017,27
62820,LASSALLE,Jean,2017,3
62820,LE PEN,Marine,2017,158
62820,MACRON,Emmanuel,2017,137
62820,MÉLENCHON,Jean-Luc,2017,61
62820,POUTOU,Philippe,2017,1
62821,ARTHAUD,Nathalie,2017,2
62821,ASSELINEAU,François,2017,1
62821,CHEMINADE,Jacques,2017,1
62821,DUPONT-AIGNAN,Nicolas,2017,12
62821,FILLON,François,2017,49
62821,HAMON,Benoît,2017,7
62821,LASSALLE,Jean,2017,2
62821,LE PEN,Marine,2017,65
62821,MACRON,Emmanuel,2017,34
62821,MÉLENCHON,Jean-Luc,2017,19
62821,POUTOU,Philippe,2017,1
62822,ARTHAUD,Nathalie,2017,0
62822,ASSELINEAU,François,2017,0
62822,CHEMINADE,Jacques,2017,0
62822,DUPONT-AIGNAN,Nicolas,2017,3
62822,FILLON,François,2017,16
62822,HAMON,Benoît,2017,3
62822,LASSALLE,Jean,2017,1
62822,LE PEN,Marine,2017,22
62822,MACRON,Emmanuel,2017,8
62822,MÉLENCHON,Jean-Luc,2017,6
62822,POUTOU,Philippe,2017,3
62823,ARTHAUD,Nathalie,2017,3
62823,ASSELINEAU,François,2017,1
62823,CHEMINADE,Jacques,2017,0
62823,DUPONT-AIGNAN,Nicolas,2017,5
62823,FILLON,François,2017,38
62823,HAMON,Benoît,2017,5
62823,LASSALLE,Jean,2017,1
62823,LE PEN,Marine,2017,21
62823,MACRON,Emmanuel,2017,18
62823,MÉLENCHON,Jean-Luc,2017,15
62823,POUTOU,Philippe,2017,0
62824,ARTHAUD,Nathalie,2017,0
62824,ASSELINEAU,François,2017,2
62824,CHEMINADE,Jacques,2017,0
62824,DUPONT-AIGNAN,Nicolas,2017,6
62824,FILLON,François,2017,50
62824,HAMON,Benoît,2017,5
62824,LASSALLE,Jean,2017,1
62824,LE PEN,Marine,2017,30
62824,MACRON,Emmanuel,2017,32
62824,MÉLENCHON,Jean-Luc,2017,22
62824,POUTOU,Philippe,2017,2
62825,ARTHAUD,Nathalie,2017,0
62825,ASSELINEAU,François,2017,2
62825,CHEMINADE,Jacques,2017,0
62825,DUPONT-AIGNAN,Nicolas,2017,38
62825,FILLON,François,2017,39
62825,HAMON,Benoît,2017,19
62825,LASSALLE,Jean,2017,2
62825,LE PEN,Marine,2017,208
62825,MACRON,Emmanuel,2017,100
62825,MÉLENCHON,Jean-Luc,2017,86
62825,POUTOU,Philippe,2017,3
62826,ARTHAUD,Nathalie,2017,16
62826,ASSELINEAU,François,2017,20
62826,CHEMINADE,Jacques,2017,0
62826,DUPONT-AIGNAN,Nicolas,2017,93
62826,FILLON,François,2017,2158
62826,HAMON,Benoît,2017,59
62826,LASSALLE,Jean,2017,15
62826,LE PEN,Marine,2017,383
62826,MACRON,Emmanuel,2017,1291
62826,MÉLENCHON,Jean-Luc,2017,193
62826,POUTOU,Philippe,2017,20
62827,ARTHAUD,Nathalie,2017,11
62827,ASSELINEAU,François,2017,3
62827,CHEMINADE,Jacques,2017,0
62827,DUPONT-AIGNAN,Nicolas,2017,45
62827,FILLON,François,2017,147
62827,HAMON,Benoît,2017,33
62827,LASSALLE,Jean,2017,9
62827,LE PEN,Marine,2017,355
62827,MACRON,Emmanuel,2017,128
62827,MÉLENCHON,Jean-Luc,2017,107
62827,POUTOU,Philippe,2017,12
62828,ARTHAUD,Nathalie,2017,0
62828,ASSELINEAU,François,2017,0
62828,CHEMINADE,Jacques,2017,0
62828,DUPONT-AIGNAN,Nicolas,2017,3
62828,FILLON,François,2017,22
62828,HAMON,Benoît,2017,1
62828,LASSALLE,Jean,2017,0
62828,LE PEN,Marine,2017,8
62828,MACRON,Emmanuel,2017,7
62828,MÉLENCHON,Jean-Luc,2017,3
62828,POUTOU,Philippe,2017,1
62829,ARTHAUD,Nathalie,2017,6
62829,ASSELINEAU,François,2017,2
62829,CHEMINADE,Jacques,2017,1
62829,DUPONT-AIGNAN,Nicolas,2017,16
62829,FILLON,François,2017,37
62829,HAMON,Benoît,2017,6
62829,LASSALLE,Jean,2017,2
62829,LE PEN,Marine,2017,121
62829,MACRON,Emmanuel,2017,29
62829,MÉLENCHON,Jean-Luc,2017,41
62829,POUTOU,Philippe,2017,4
62830,ARTHAUD,Nathalie,2017,0
62830,ASSELINEAU,François,2017,2
62830,CHEMINADE,Jacques,2017,0
62830,DUPONT-AIGNAN,Nicolas,2017,16
62830,FILLON,François,2017,30
62830,HAMON,Benoît,2017,5
62830,LASSALLE,Jean,2017,1
62830,LE PEN,Marine,2017,49
62830,MACRON,Emmanuel,2017,8
62830,MÉLENCHON,Jean-Luc,2017,14
62830,POUTOU,Philippe,2017,3
62831,ARTHAUD,Nathalie,2017,4
62831,ASSELINEAU,François,2017,3
62831,CHEMINADE,Jacques,2017,0
62831,DUPONT-AIGNAN,Nicolas,2017,11
62831,FILLON,François,2017,38
62831,HAMON,Benoît,2017,9
62831,LASSALLE,Jean,2017,3
62831,LE PEN,Marine,2017,66
62831,MACRON,Emmanuel,2017,40
62831,MÉLENCHON,Jean-Luc,2017,24
62831,POUTOU,Philippe,2017,2
62832,ARTHAUD,Nathalie,2017,3
62832,ASSELINEAU,François,2017,4
62832,CHEMINADE,Jacques,2017,0
62832,DUPONT-AIGNAN,Nicolas,2017,26
62832,FILLON,François,2017,77
62832,HAMON,Benoît,2017,12
62832,LASSALLE,Jean,2017,4
62832,LE PEN,Marine,2017,93
62832,MACRON,Emmanuel,2017,106
62832,MÉLENCHON,Jean-Luc,2017,37
62832,POUTOU,Philippe,2017,9
62833,ARTHAUD,Nathalie,2017,0
62833,ASSELINEAU,François,2017,0
62833,CHEMINADE,Jacques,2017,0
62833,DUPONT-AIGNAN,Nicolas,2017,5
62833,FILLON,François,2017,27
62833,HAMON,Benoît,2017,2
62833,LASSALLE,Jean,2017,0
62833,LE PEN,Marine,2017,12
62833,MACRON,Emmanuel,2017,11
62833,MÉLENCHON,Jean-Luc,2017,3
62833,POUTOU,Philippe,2017,0
62834,ARTHAUD,Nathalie,2017,1
62834,ASSELINEAU,François,2017,1
62834,CHEMINADE,Jacques,2017,0
62834,DUPONT-AIGNAN,Nicolas,2017,8
62834,FILLON,François,2017,33
62834,HAMON,Benoît,2017,6
62834,LASSALLE,Jean,2017,0
62834,LE PEN,Marine,2017,53
62834,MACRON,Emmanuel,2017,26
62834,MÉLENCHON,Jean-Luc,2017,28
62834,POUTOU,Philippe,2017,1
62835,ARTHAUD,Nathalie,2017,5
62835,ASSELINEAU,François,2017,5
62835,CHEMINADE,Jacques,2017,2
62835,DUPONT-AIGNAN,Nicolas,2017,23
62835,FILLON,François,2017,90
62835,HAMON,Benoît,2017,17
62835,LASSALLE,Jean,2017,6
62835,LE PEN,Marine,2017,104
62835,MACRON,Emmanuel,2017,45
62835,MÉLENCHON,Jean-Luc,2017,44
62835,POUTOU,Philippe,2017,4
62836,ARTHAUD,Nathalie,2017,0
62836,ASSELINEAU,François,2017,3
62836,CHEMINADE,Jacques,2017,4
62836,DUPONT-AIGNAN,Nicolas,2017,30
62836,FILLON,François,2017,227
62836,HAMON,Benoît,2017,51
62836,LASSALLE,Jean,2017,4
62836,LE PEN,Marine,2017,136
62836,MACRON,Emmanuel,2017,160
62836,MÉLENCHON,Jean-Luc,2017,81
62836,POUTOU,Philippe,2017,1
62837,ARTHAUD,Nathalie,2017,4
62837,ASSELINEAU,François,2017,0
62837,CHEMINADE,Jacques,2017,0
62837,DUPONT-AIGNAN,Nicolas,2017,13
62837,FILLON,François,2017,64
62837,HAMON,Benoît,2017,18
62837,LASSALLE,Jean,2017,2
62837,LE PEN,Marine,2017,116
62837,MACRON,Emmanuel,2017,62
62837,MÉLENCHON,Jean-Luc,2017,43
62837,POUTOU,Philippe,2017,3
62838,ARTHAUD,Nathalie,2017,0
62838,ASSELINEAU,François,2017,1
62838,CHEMINADE,Jacques,2017,0
62838,DUPONT-AIGNAN,Nicolas,2017,4
62838,FILLON,François,2017,22
62838,HAMON,Benoît,2017,2
62838,LASSALLE,Jean,2017,1
62838,LE PEN,Marine,2017,21
62838,MACRON,Emmanuel,2017,4
62838,MÉLENCHON,Jean-Luc,2017,6
62838,POUTOU,Philippe,2017,0
62839,ARTHAUD,Nathalie,2017,7
62839,ASSELINEAU,François,2017,3
62839,CHEMINADE,Jacques,2017,0
62839,DUPONT-AIGNAN,Nicolas,2017,26
62839,FILLON,François,2017,128
62839,HAMON,Benoît,2017,18
62839,LASSALLE,Jean,2017,8
62839,LE PEN,Marine,2017,254
62839,MACRON,Emmanuel,2017,86
62839,MÉLENCHON,Jean-Luc,2017,77
62839,POUTOU,Philippe,2017,8
62840,ARTHAUD,Nathalie,2017,1
62840,ASSELINEAU,François,2017,0
62840,CHEMINADE,Jacques,2017,0
62840,DUPONT-AIGNAN,Nicolas,2017,2
62840,FILLON,François,2017,10
62840,HAMON,Benoît,2017,5
62840,LASSALLE,Jean,2017,1
62840,LE PEN,Marine,2017,38
62840,MACRON,Emmanuel,2017,23
62840,MÉLENCHON,Jean-Luc,2017,15
62840,POUTOU,Philippe,2017,2
62841,ARTHAUD,Nathalie,2017,18
62841,ASSELINEAU,François,2017,9
62841,CHEMINADE,Jacques,2017,1
62841,DUPONT-AIGNAN,Nicolas,2017,89
62841,FILLON,François,2017,190
62841,HAMON,Benoît,2017,101
62841,LASSALLE,Jean,2017,14
62841,LE PEN,Marine,2017,537
62841,MACRON,Emmanuel,2017,311
62841,MÉLENCHON,Jean-Luc,2017,338
62841,POUTOU,Philippe,2017,11
62842,ARTHAUD,Nathalie,2017,53
62842,ASSELINEAU,François,2017,28
62842,CHEMINADE,Jacques,2017,3
62842,DUPONT-AIGNAN,Nicolas,2017,191
62842,FILLON,François,2017,293
62842,HAMON,Benoît,2017,207
62842,LASSALLE,Jean,2017,27
62842,LE PEN,Marine,2017,2073
62842,MACRON,Emmanuel,2017,673
62842,MÉLENCHON,Jean-Luc,2017,834
62842,POUTOU,Philippe,2017,51
62843,ARTHAUD,Nathalie,2017,0
62843,ASSELINEAU,François,2017,0
62843,CHEMINADE,Jacques,2017,1
62843,DUPONT-AIGNAN,Nicolas,2017,15
62843,FILLON,François,2017,54
62843,HAMON,Benoît,2017,8
62843,LASSALLE,Jean,2017,0
62843,LE PEN,Marine,2017,38
62843,MACRON,Emmanuel,2017,21
62843,MÉLENCHON,Jean-Luc,2017,12
62843,POUTOU,Philippe,2017,1
62844,ARTHAUD,Nathalie,2017,5
62844,ASSELINEAU,François,2017,0
62844,CHEMINADE,Jacques,2017,0
62844,DUPONT-AIGNAN,Nicolas,2017,33
62844,FILLON,François,2017,117
62844,HAMON,Benoît,2017,17
62844,LASSALLE,Jean,2017,4
62844,LE PEN,Marine,2017,123
62844,MACRON,Emmanuel,2017,75
62844,MÉLENCHON,Jean-Luc,2017,44
62844,POUTOU,Philippe,2017,4
62845,ARTHAUD,Nathalie,2017,3
62845,ASSELINEAU,François,2017,1
62845,CHEMINADE,Jacques,2017,0
62845,DUPONT-AIGNAN,Nicolas,2017,18
62845,FILLON,François,2017,76
62845,HAMON,Benoît,2017,11
62845,LASSALLE,Jean,2017,3
62845,LE PEN,Marine,2017,83
62845,MACRON,Emmanuel,2017,63
62845,MÉLENCHON,Jean-Luc,2017,33
62845,POUTOU,Philippe,2017,1
62846,ARTHAUD,Nathalie,2017,31
62846,ASSELINEAU,François,2017,11
62846,CHEMINADE,Jacques,2017,2
62846,DUPONT-AIGNAN,Nicolas,2017,105
62846,FILLON,François,2017,286
62846,HAMON,Benoît,2017,120
62846,LASSALLE,Jean,2017,17
62846,LE PEN,Marine,2017,1150
62846,MACRON,Emmanuel,2017,410
62846,MÉLENCHON,Jean-Luc,2017,477
62846,POUTOU,Philippe,2017,28
62847,ARTHAUD,Nathalie,2017,11
62847,ASSELINEAU,François,2017,8
62847,CHEMINADE,Jacques,2017,3
62847,DUPONT-AIGNAN,Nicolas,2017,56
62847,FILLON,François,2017,133
62847,HAMON,Benoît,2017,41
62847,LASSALLE,Jean,2017,9
62847,LE PEN,Marine,2017,438
62847,MACRON,Emmanuel,2017,200
62847,MÉLENCHON,Jean-Luc,2017,200
62847,POUTOU,Philippe,2017,7
62848,ARTHAUD,Nathalie,2017,18
62848,ASSELINEAU,François,2017,20
62848,CHEMINADE,Jacques,2017,1
62848,DUPONT-AIGNAN,Nicolas,2017,85
62848,FILLON,François,2017,211
62848,HAMON,Benoît,2017,137
62848,LASSALLE,Jean,2017,13
62848,LE PEN,Marine,2017,696
62848,MACRON,Emmanuel,2017,362
62848,MÉLENCHON,Jean-Luc,2017,442
62848,POUTOU,Philippe,2017,14
62849,ARTHAUD,Nathalie,2017,13
62849,ASSELINEAU,François,2017,17
62849,CHEMINADE,Jacques,2017,0
62849,DUPONT-AIGNAN,Nicolas,2017,96
62849,FILLON,François,2017,300
62849,HAMON,Benoît,2017,80
62849,LASSALLE,Jean,2017,13
62849,LE PEN,Marine,2017,456
62849,MACRON,Emmanuel,2017,410
62849,MÉLENCHON,Jean-Luc,2017,223
62849,POUTOU,Philippe,2017,8
62850,ARTHAUD,Nathalie,2017,0
62850,ASSELINEAU,François,2017,2
62850,CHEMINADE,Jacques,2017,2
62850,DUPONT-AIGNAN,Nicolas,2017,8
62850,FILLON,François,2017,85
62850,HAMON,Benoît,2017,5
62850,LASSALLE,Jean,2017,0
62850,LE PEN,Marine,2017,80
62850,MACRON,Emmanuel,2017,43
62850,MÉLENCHON,Jean-Luc,2017,29
62850,POUTOU,Philippe,2017,8
62851,ARTHAUD,Nathalie,2017,7
62851,ASSELINEAU,François,2017,2
62851,CHEMINADE,Jacques,2017,0
62851,DUPONT-AIGNAN,Nicolas,2017,35
62851,FILLON,François,2017,73
62851,HAMON,Benoît,2017,25
62851,LASSALLE,Jean,2017,6
62851,LE PEN,Marine,2017,139
62851,MACRON,Emmanuel,2017,123
62851,MÉLENCHON,Jean-Luc,2017,79
62851,POUTOU,Philippe,2017,2
62852,ARTHAUD,Nathalie,2017,5
62852,ASSELINEAU,François,2017,2
62852,CHEMINADE,Jacques,2017,0
62852,DUPONT-AIGNAN,Nicolas,2017,46
62852,FILLON,François,2017,129
62852,HAMON,Benoît,2017,50
62852,LASSALLE,Jean,2017,6
62852,LE PEN,Marine,2017,328
62852,MACRON,Emmanuel,2017,141
62852,MÉLENCHON,Jean-Luc,2017,116
62852,POUTOU,Philippe,2017,11
62853,ARTHAUD,Nathalie,2017,1
62853,ASSELINEAU,François,2017,2
62853,CHEMINADE,Jacques,2017,0
62853,DUPONT-AIGNAN,Nicolas,2017,16
62853,FILLON,François,2017,40
62853,HAMON,Benoît,2017,10
62853,LASSALLE,Jean,2017,3
62853,LE PEN,Marine,2017,112
62853,MACRON,Emmanuel,2017,44
62853,MÉLENCHON,Jean-Luc,2017,41
62853,POUTOU,Philippe,2017,1
62854,ARTHAUD,Nathalie,2017,5
62854,ASSELINEAU,François,2017,2
62854,CHEMINADE,Jacques,2017,0
62854,DUPONT-AIGNAN,Nicolas,2017,38
62854,FILLON,François,2017,51
62854,HAMON,Benoît,2017,20
62854,LASSALLE,Jean,2017,6
62854,LE PEN,Marine,2017,88
62854,MACRON,Emmanuel,2017,87
62854,MÉLENCHON,Jean-Luc,2017,47
62854,POUTOU,Philippe,2017,2
62855,ARTHAUD,Nathalie,2017,1
62855,ASSELINEAU,François,2017,0
62855,CHEMINADE,Jacques,2017,0
62855,DUPONT-AIGNAN,Nicolas,2017,11
62855,FILLON,François,2017,32
62855,HAMON,Benoît,2017,2
62855,LASSALLE,Jean,2017,3
62855,LE PEN,Marine,2017,56
62855,MACRON,Emmanuel,2017,24
62855,MÉLENCHON,Jean-Luc,2017,14
62855,POUTOU,Philippe,2017,1
62856,ARTHAUD,Nathalie,2017,2
62856,ASSELINEAU,François,2017,1
62856,CHEMINADE,Jacques,2017,1
62856,DUPONT-AIGNAN,Nicolas,2017,12
62856,FILLON,François,2017,25
62856,HAMON,Benoît,2017,14
62856,LASSALLE,Jean,2017,2
62856,LE PEN,Marine,2017,83
62856,MACRON,Emmanuel,2017,58
62856,MÉLENCHON,Jean-Luc,2017,46
62856,POUTOU,Philippe,2017,5
62857,ARTHAUD,Nathalie,2017,1
62857,ASSELINEAU,François,2017,2
62857,CHEMINADE,Jacques,2017,0
62857,DUPONT-AIGNAN,Nicolas,2017,8
62857,FILLON,François,2017,20
62857,HAMON,Benoît,2017,5
62857,LASSALLE,Jean,2017,0
62857,LE PEN,Marine,2017,27
62857,MACRON,Emmanuel,2017,22
62857,MÉLENCHON,Jean-Luc,2017,15
62857,POUTOU,Philippe,2017,0
62858,ARTHAUD,Nathalie,2017,2
62858,ASSELINEAU,François,2017,1
62858,CHEMINADE,Jacques,2017,0
62858,DUPONT-AIGNAN,Nicolas,2017,12
62858,FILLON,François,2017,51
62858,HAMON,Benoît,2017,9
62858,LASSALLE,Jean,2017,1
62858,LE PEN,Marine,2017,51
62858,MACRON,Emmanuel,2017,34
62858,MÉLENCHON,Jean-Luc,2017,13
62858,POUTOU,Philippe,2017,1
62859,ARTHAUD,Nathalie,2017,3
62859,ASSELINEAU,François,2017,1
62859,CHEMINADE,Jacques,2017,0
62859,DUPONT-AIGNAN,Nicolas,2017,7
62859,FILLON,François,2017,33
62859,HAMON,Benoît,2017,9
62859,LASSALLE,Jean,2017,6
62859,LE PEN,Marine,2017,63
62859,MACRON,Emmanuel,2017,17
62859,MÉLENCHON,Jean-Luc,2017,24
62859,POUTOU,Philippe,2017,1
62860,ARTHAUD,Nathalie,2017,0
62860,ASSELINEAU,François,2017,0
62860,CHEMINADE,Jacques,2017,0
62860,DUPONT-AIGNAN,Nicolas,2017,6
62860,FILLON,François,2017,15
62860,HAMON,Benoît,2017,3
62860,LASSALLE,Jean,2017,0
62860,LE PEN,Marine,2017,22
62860,MACRON,Emmanuel,2017,13
62860,MÉLENCHON,Jean-Luc,2017,12
62860,POUTOU,Philippe,2017,1
62861,ARTHAUD,Nathalie,2017,28
62861,ASSELINEAU,François,2017,23
62861,CHEMINADE,Jacques,2017,7
62861,DUPONT-AIGNAN,Nicolas,2017,159
62861,FILLON,François,2017,513
62861,HAMON,Benoît,2017,157
62861,LASSALLE,Jean,2017,35
62861,LE PEN,Marine,2017,780
62861,MACRON,Emmanuel,2017,601
62861,MÉLENCHON,Jean-Luc,2017,481
62861,POUTOU,Philippe,2017,26
62862,ARTHAUD,Nathalie,2017,1
62862,ASSELINEAU,François,2017,0
62862,CHEMINADE,Jacques,2017,0
62862,DUPONT-AIGNAN,Nicolas,2017,3
62862,FILLON,François,2017,24
62862,HAMON,Benoît,2017,2
62862,LASSALLE,Jean,2017,1
62862,LE PEN,Marine,2017,32
62862,MACRON,Emmanuel,2017,10
62862,MÉLENCHON,Jean-Luc,2017,15
62862,POUTOU,Philippe,2017,1
62863,ARTHAUD,Nathalie,2017,25
62863,ASSELINEAU,François,2017,8
62863,CHEMINADE,Jacques,2017,5
62863,DUPONT-AIGNAN,Nicolas,2017,161
62863,FILLON,François,2017,291
62863,HAMON,Benoît,2017,115
62863,LASSALLE,Jean,2017,19
62863,LE PEN,Marine,2017,815
62863,MACRON,Emmanuel,2017,449
62863,MÉLENCHON,Jean-Luc,2017,388
62863,POUTOU,Philippe,2017,25
62864,ARTHAUD,Nathalie,2017,5
62864,ASSELINEAU,François,2017,3
62864,CHEMINADE,Jacques,2017,0
62864,DUPONT-AIGNAN,Nicolas,2017,21
62864,FILLON,François,2017,88
62864,HAMON,Benoît,2017,20
62864,LASSALLE,Jean,2017,2
62864,LE PEN,Marine,2017,134
62864,MACRON,Emmanuel,2017,76
62864,MÉLENCHON,Jean-Luc,2017,65
62864,POUTOU,Philippe,2017,2
62865,ARTHAUD,Nathalie,2017,26
62865,ASSELINEAU,François,2017,16
62865,CHEMINADE,Jacques,2017,2
62865,DUPONT-AIGNAN,Nicolas,2017,162
62865,FILLON,François,2017,397
62865,HAMON,Benoît,2017,117
62865,LASSALLE,Jean,2017,18
62865,LE PEN,Marine,2017,1138
62865,MACRON,Emmanuel,2017,525
62865,MÉLENCHON,Jean-Luc,2017,489
62865,POUTOU,Philippe,2017,26
62866,ARTHAUD,Nathalie,2017,3
62866,ASSELINEAU,François,2017,2
62866,CHEMINADE,Jacques,2017,0
62866,DUPONT-AIGNAN,Nicolas,2017,14
62866,FILLON,François,2017,47
62866,HAMON,Benoît,2017,14
62866,LASSALLE,Jean,2017,2
62866,LE PEN,Marine,2017,98
62866,MACRON,Emmanuel,2017,63
62866,MÉLENCHON,Jean-Luc,2017,33
62866,POUTOU,Philippe,2017,3
62867,ARTHAUD,Nathalie,2017,1
62867,ASSELINEAU,François,2017,0
62867,CHEMINADE,Jacques,2017,0
62867,DUPONT-AIGNAN,Nicolas,2017,15
62867,FILLON,François,2017,47
62867,HAMON,Benoît,2017,5
62867,LASSALLE,Jean,2017,3
62867,LE PEN,Marine,2017,52
62867,MACRON,Emmanuel,2017,40
62867,MÉLENCHON,Jean-Luc,2017,25
62867,POUTOU,Philippe,2017,1
62868,ARTHAUD,Nathalie,2017,3
62868,ASSELINEAU,François,2017,1
62868,CHEMINADE,Jacques,2017,0
62868,DUPONT-AIGNAN,Nicolas,2017,17
62868,FILLON,François,2017,28
62868,HAMON,Benoît,2017,11
62868,LASSALLE,Jean,2017,0
62868,LE PEN,Marine,2017,60
62868,MACRON,Emmanuel,2017,27
62868,MÉLENCHON,Jean-Luc,2017,15
62868,POUTOU,Philippe,2017,2
62869,ARTHAUD,Nathalie,2017,4
62869,ASSELINEAU,François,2017,3
62869,CHEMINADE,Jacques,2017,1
62869,DUPONT-AIGNAN,Nicolas,2017,44
62869,FILLON,François,2017,157
62869,HAMON,Benoît,2017,37
62869,LASSALLE,Jean,2017,8
62869,LE PEN,Marine,2017,159
62869,MACRON,Emmanuel,2017,175
62869,MÉLENCHON,Jean-Luc,2017,119
62869,POUTOU,Philippe,2017,6
62870,ARTHAUD,Nathalie,2017,3
62870,ASSELINEAU,François,2017,6
62870,CHEMINADE,Jacques,2017,0
62870,DUPONT-AIGNAN,Nicolas,2017,35
62870,FILLON,François,2017,119
62870,HAMON,Benoît,2017,26
62870,LASSALLE,Jean,2017,5
62870,LE PEN,Marine,2017,204
62870,MACRON,Emmanuel,2017,177
62870,MÉLENCHON,Jean-Luc,2017,90
62870,POUTOU,Philippe,2017,6
62871,ARTHAUD,Nathalie,2017,0
62871,ASSELINEAU,François,2017,0
62871,CHEMINADE,Jacques,2017,0
62871,DUPONT-AIGNAN,Nicolas,2017,13
62871,FILLON,François,2017,26
62871,HAMON,Benoît,2017,13
62871,LASSALLE,Jean,2017,1
62871,LE PEN,Marine,2017,51
62871,MACRON,Emmanuel,2017,26
62871,MÉLENCHON,Jean-Luc,2017,20
62871,POUTOU,Philippe,2017,0
62872,ARTHAUD,Nathalie,2017,1
62872,ASSELINEAU,François,2017,3
62872,CHEMINADE,Jacques,2017,0
62872,DUPONT-AIGNAN,Nicolas,2017,7
62872,FILLON,François,2017,51
62872,HAMON,Benoît,2017,7
62872,LASSALLE,Jean,2017,5
62872,LE PEN,Marine,2017,39
62872,MACRON,Emmanuel,2017,19
62872,MÉLENCHON,Jean-Luc,2017,23
62872,POUTOU,Philippe,2017,1
62873,ARTHAUD,Nathalie,2017,4
62873,ASSELINEAU,François,2017,7
62873,CHEMINADE,Jacques,2017,1
62873,DUPONT-AIGNAN,Nicolas,2017,30
62873,FILLON,François,2017,67
62873,HAMON,Benoît,2017,15
62873,LASSALLE,Jean,2017,7
62873,LE PEN,Marine,2017,132
62873,MACRON,Emmanuel,2017,65
62873,MÉLENCHON,Jean-Luc,2017,91
62873,POUTOU,Philippe,2017,5
62874,ARTHAUD,Nathalie,2017,6
62874,ASSELINEAU,François,2017,4
62874,CHEMINADE,Jacques,2017,0
62874,DUPONT-AIGNAN,Nicolas,2017,23
62874,FILLON,François,2017,85
62874,HAMON,Benoît,2017,23
62874,LASSALLE,Jean,2017,2
62874,LE PEN,Marine,2017,140
62874,MACRON,Emmanuel,2017,103
62874,MÉLENCHON,Jean-Luc,2017,83
62874,POUTOU,Philippe,2017,7
62875,ARTHAUD,Nathalie,2017,12
62875,ASSELINEAU,François,2017,6
62875,CHEMINADE,Jacques,2017,1
62875,DUPONT-AIGNAN,Nicolas,2017,55
62875,FILLON,François,2017,102
62875,HAMON,Benoît,2017,22
62875,LASSALLE,Jean,2017,8
62875,LE PEN,Marine,2017,279
62875,MACRON,Emmanuel,2017,140
62875,MÉLENCHON,Jean-Luc,2017,146
62875,POUTOU,Philippe,2017,13
62876,ARTHAUD,Nathalie,2017,2
62876,ASSELINEAU,François,2017,2
62876,CHEMINADE,Jacques,2017,1
62876,DUPONT-AIGNAN,Nicolas,2017,6
62876,FILLON,François,2017,6
62876,HAMON,Benoît,2017,8
62876,LASSALLE,Jean,2017,1
62876,LE PEN,Marine,2017,32
62876,MACRON,Emmanuel,2017,18
62876,MÉLENCHON,Jean-Luc,2017,9
62876,POUTOU,Philippe,2017,0
62877,ARTHAUD,Nathalie,2017,1
62877,ASSELINEAU,François,2017,0
62877,CHEMINADE,Jacques,2017,0
62877,DUPONT-AIGNAN,Nicolas,2017,10
62877,FILLON,François,2017,34
62877,HAMON,Benoît,2017,4
62877,LASSALLE,Jean,2017,0
62877,LE PEN,Marine,2017,45
62877,MACRON,Emmanuel,2017,18
62877,MÉLENCHON,Jean-Luc,2017,11
62877,POUTOU,Philippe,2017,0
62878,ARTHAUD,Nathalie,2017,0
62878,ASSELINEAU,François,2017,0
62878,CHEMINADE,Jacques,2017,1
62878,DUPONT-AIGNAN,Nicolas,2017,18
62878,FILLON,François,2017,76
62878,HAMON,Benoît,2017,12
62878,LASSALLE,Jean,2017,6
62878,LE PEN,Marine,2017,53
62878,MACRON,Emmanuel,2017,62
62878,MÉLENCHON,Jean-Luc,2017,22
62878,POUTOU,Philippe,2017,1
62879,ARTHAUD,Nathalie,2017,2
62879,ASSELINEAU,François,2017,4
62879,CHEMINADE,Jacques,2017,0
62879,DUPONT-AIGNAN,Nicolas,2017,5
62879,FILLON,François,2017,21
62879,HAMON,Benoît,2017,12
62879,LASSALLE,Jean,2017,1
62879,LE PEN,Marine,2017,62
62879,MACRON,Emmanuel,2017,25
62879,MÉLENCHON,Jean-Luc,2017,22
62879,POUTOU,Philippe,2017,4
62880,ARTHAUD,Nathalie,2017,1
62880,ASSELINEAU,François,2017,1
62880,CHEMINADE,Jacques,2017,0
62880,DUPONT-AIGNAN,Nicolas,2017,12
62880,FILLON,François,2017,38
62880,HAMON,Benoît,2017,4
62880,LASSALLE,Jean,2017,1
62880,LE PEN,Marine,2017,37
62880,MACRON,Emmanuel,2017,24
62880,MÉLENCHON,Jean-Luc,2017,24
62880,POUTOU,Philippe,2017,0
62881,ARTHAUD,Nathalie,2017,0
62881,ASSELINEAU,François,2017,5
62881,CHEMINADE,Jacques,2017,0
62881,DUPONT-AIGNAN,Nicolas,2017,14
62881,FILLON,François,2017,64
62881,HAMON,Benoît,2017,3
62881,LASSALLE,Jean,2017,0
62881,LE PEN,Marine,2017,68
62881,MACRON,Emmanuel,2017,59
62881,MÉLENCHON,Jean-Luc,2017,30
62881,POUTOU,Philippe,2017,1
62882,ARTHAUD,Nathalie,2017,8
62882,ASSELINEAU,François,2017,3
62882,CHEMINADE,Jacques,2017,3
62882,DUPONT-AIGNAN,Nicolas,2017,55
62882,FILLON,François,2017,100
62882,HAMON,Benoît,2017,41
62882,LASSALLE,Jean,2017,7
62882,LE PEN,Marine,2017,279
62882,MACRON,Emmanuel,2017,155
62882,MÉLENCHON,Jean-Luc,2017,139
62882,POUTOU,Philippe,2017,7
62883,ARTHAUD,Nathalie,2017,1
62883,ASSELINEAU,François,2017,0
62883,CHEMINADE,Jacques,2017,0
62883,DUPONT-AIGNAN,Nicolas,2017,7
62883,FILLON,François,2017,27
62883,HAMON,Benoît,2017,6
62883,LASSALLE,Jean,2017,0
62883,LE PEN,Marine,2017,34
62883,MACRON,Emmanuel,2017,29
62883,MÉLENCHON,Jean-Luc,2017,14
62883,POUTOU,Philippe,2017,4
62885,ARTHAUD,Nathalie,2017,0
62885,ASSELINEAU,François,2017,0
62885,CHEMINADE,Jacques,2017,0
62885,DUPONT-AIGNAN,Nicolas,2017,6
62885,FILLON,François,2017,43
62885,HAMON,Benoît,2017,3
62885,LASSALLE,Jean,2017,1
62885,LE PEN,Marine,2017,51
62885,MACRON,Emmanuel,2017,17
62885,MÉLENCHON,Jean-Luc,2017,26
62885,POUTOU,Philippe,2017,2
62886,ARTHAUD,Nathalie,2017,0
62886,ASSELINEAU,François,2017,1
62886,CHEMINADE,Jacques,2017,0
62886,DUPONT-AIGNAN,Nicolas,2017,16
62886,FILLON,François,2017,33
62886,HAMON,Benoît,2017,4
62886,LASSALLE,Jean,2017,1
62886,LE PEN,Marine,2017,47
62886,MACRON,Emmanuel,2017,36
62886,MÉLENCHON,Jean-Luc,2017,16
62886,POUTOU,Philippe,2017,2
62887,ARTHAUD,Nathalie,2017,3
62887,ASSELINEAU,François,2017,0
62887,CHEMINADE,Jacques,2017,0
62887,DUPONT-AIGNAN,Nicolas,2017,8
62887,FILLON,François,2017,51
62887,HAMON,Benoît,2017,6
62887,LASSALLE,Jean,2017,0
62887,LE PEN,Marine,2017,64
62887,MACRON,Emmanuel,2017,34
62887,MÉLENCHON,Jean-Luc,2017,15
62887,POUTOU,Philippe,2017,0
62888,ARTHAUD,Nathalie,2017,1
62888,ASSELINEAU,François,2017,2
62888,CHEMINADE,Jacques,2017,0
62888,DUPONT-AIGNAN,Nicolas,2017,13
62888,FILLON,François,2017,32
62888,HAMON,Benoît,2017,6
62888,LASSALLE,Jean,2017,0
62888,LE PEN,Marine,2017,58
62888,MACRON,Emmanuel,2017,29
62888,MÉLENCHON,Jean-Luc,2017,30
62888,POUTOU,Philippe,2017,1
62889,ARTHAUD,Nathalie,2017,3
62889,ASSELINEAU,François,2017,1
62889,CHEMINADE,Jacques,2017,2
62889,DUPONT-AIGNAN,Nicolas,2017,66
62889,FILLON,François,2017,157
62889,HAMON,Benoît,2017,16
62889,LASSALLE,Jean,2017,6
62889,LE PEN,Marine,2017,157
62889,MACRON,Emmanuel,2017,102
62889,MÉLENCHON,Jean-Luc,2017,67
62889,POUTOU,Philippe,2017,3
62890,ARTHAUD,Nathalie,2017,1
62890,ASSELINEAU,François,2017,1
62890,CHEMINADE,Jacques,2017,0
62890,DUPONT-AIGNAN,Nicolas,2017,13
62890,FILLON,François,2017,35
62890,HAMON,Benoît,2017,6
62890,LASSALLE,Jean,2017,1
62890,LE PEN,Marine,2017,31
62890,MACRON,Emmanuel,2017,23
62890,MÉLENCHON,Jean-Luc,2017,15
62890,POUTOU,Philippe,2017,2
62891,ARTHAUD,Nathalie,2017,1
62891,ASSELINEAU,François,2017,0
62891,CHEMINADE,Jacques,2017,0
62891,DUPONT-AIGNAN,Nicolas,2017,2
62891,FILLON,François,2017,12
62891,HAMON,Benoît,2017,2
62891,LASSALLE,Jean,2017,2
62891,LE PEN,Marine,2017,32
62891,MACRON,Emmanuel,2017,26
62891,MÉLENCHON,Jean-Luc,2017,17
62891,POUTOU,Philippe,2017,2
62892,ARTHAUD,Nathalie,2017,2
62892,ASSELINEAU,François,2017,2
62892,CHEMINADE,Jacques,2017,0
62892,DUPONT-AIGNAN,Nicolas,2017,32
62892,FILLON,François,2017,81
62892,HAMON,Benoît,2017,24
62892,LASSALLE,Jean,2017,4
62892,LE PEN,Marine,2017,133
62892,MACRON,Emmanuel,2017,93
62892,MÉLENCHON,Jean-Luc,2017,60
62892,POUTOU,Philippe,2017,3
62893,ARTHAUD,Nathalie,2017,25
62893,ASSELINEAU,François,2017,23
62893,CHEMINADE,Jacques,2017,9
62893,DUPONT-AIGNAN,Nicolas,2017,211
62893,FILLON,François,2017,892
62893,HAMON,Benoît,2017,234
62893,LASSALLE,Jean,2017,27
62893,LE PEN,Marine,2017,1035
62893,MACRON,Emmanuel,2017,1075
62893,MÉLENCHON,Jean-Luc,2017,929
62893,POUTOU,Philippe,2017,30
62894,ARTHAUD,Nathalie,2017,23
62894,ASSELINEAU,François,2017,10
62894,CHEMINADE,Jacques,2017,6
62894,DUPONT-AIGNAN,Nicolas,2017,122
62894,FILLON,François,2017,439
62894,HAMON,Benoît,2017,98
62894,LASSALLE,Jean,2017,20
62894,LE PEN,Marine,2017,797
62894,MACRON,Emmanuel,2017,514
62894,MÉLENCHON,Jean-Luc,2017,495
62894,POUTOU,Philippe,2017,30
62895,ARTHAUD,Nathalie,2017,49
62895,ASSELINEAU,François,2017,36
62895,CHEMINADE,Jacques,2017,11
62895,DUPONT-AIGNAN,Nicolas,2017,201
62895,FILLON,François,2017,320
62895,HAMON,Benoît,2017,243
62895,LASSALLE,Jean,2017,26
62895,LE PEN,Marine,2017,2041
62895,MACRON,Emmanuel,2017,644
62895,MÉLENCHON,Jean-Luc,2017,942
62895,POUTOU,Philippe,2017,67
62896,ARTHAUD,Nathalie,2017,1
62896,ASSELINEAU,François,2017,1
62896,CHEMINADE,Jacques,2017,0
62896,DUPONT-AIGNAN,Nicolas,2017,36
62896,FILLON,François,2017,151
62896,HAMON,Benoît,2017,22
62896,LASSALLE,Jean,2017,5
62896,LE PEN,Marine,2017,156
62896,MACRON,Emmanuel,2017,106
62896,MÉLENCHON,Jean-Luc,2017,58
62896,POUTOU,Philippe,2017,1
62897,ARTHAUD,Nathalie,2017,2
62897,ASSELINEAU,François,2017,3
62897,CHEMINADE,Jacques,2017,0
62897,DUPONT-AIGNAN,Nicolas,2017,27
62897,FILLON,François,2017,83
62897,HAMON,Benoît,2017,11
62897,LASSALLE,Jean,2017,7
62897,LE PEN,Marine,2017,85
62897,MACRON,Emmanuel,2017,61
62897,MÉLENCHON,Jean-Luc,2017,52
62897,POUTOU,Philippe,2017,0
62898,ARTHAUD,Nathalie,2017,0
62898,ASSELINEAU,François,2017,1
62898,CHEMINADE,Jacques,2017,0
62898,DUPONT-AIGNAN,Nicolas,2017,8
62898,FILLON,François,2017,67
62898,HAMON,Benoît,2017,4
62898,LASSALLE,Jean,2017,0
62898,LE PEN,Marine,2017,29
62898,MACRON,Emmanuel,2017,39
62898,MÉLENCHON,Jean-Luc,2017,26
62898,POUTOU,Philippe,2017,0
62899,ARTHAUD,Nathalie,2017,5
62899,ASSELINEAU,François,2017,3
62899,CHEMINADE,Jacques,2017,0
62899,DUPONT-AIGNAN,Nicolas,2017,52
62899,FILLON,François,2017,268
62899,HAMON,Benoît,2017,26
62899,LASSALLE,Jean,2017,4
62899,LE PEN,Marine,2017,169
62899,MACRON,Emmanuel,2017,156
62899,MÉLENCHON,Jean-Luc,2017,115
62899,POUTOU,Philippe,2017,8
62900,ARTHAUD,Nathalie,2017,10
62900,ASSELINEAU,François,2017,0
62900,CHEMINADE,Jacques,2017,1
62900,DUPONT-AIGNAN,Nicolas,2017,18
62900,FILLON,François,2017,61
62900,HAMON,Benoît,2017,16
62900,LASSALLE,Jean,2017,7
62900,LE PEN,Marine,2017,114
62900,MACRON,Emmanuel,2017,65
62900,MÉLENCHON,Jean-Luc,2017,97
62900,POUTOU,Philippe,2017,4
62901,ARTHAUD,Nathalie,2017,6
62901,ASSELINEAU,François,2017,2
62901,CHEMINADE,Jacques,2017,1
62901,DUPONT-AIGNAN,Nicolas,2017,38
62901,FILLON,François,2017,67
62901,HAMON,Benoît,2017,21
62901,LASSALLE,Jean,2017,1
62901,LE PEN,Marine,2017,210
62901,MACRON,Emmanuel,2017,109
62901,MÉLENCHON,Jean-Luc,2017,91
62901,POUTOU,Philippe,2017,7
62902,ARTHAUD,Nathalie,2017,25
62902,ASSELINEAU,François,2017,18
62902,CHEMINADE,Jacques,2017,2
62902,DUPONT-AIGNAN,Nicolas,2017,96
62902,FILLON,François,2017,224
62902,HAMON,Benoît,2017,122
62902,LASSALLE,Jean,2017,17
62902,LE PEN,Marine,2017,692
62902,MACRON,Emmanuel,2017,412
62902,MÉLENCHON,Jean-Luc,2017,445
62902,POUTOU,Philippe,2017,25
62903,ARTHAUD,Nathalie,2017,8
62903,ASSELINEAU,François,2017,1
62903,CHEMINADE,Jacques,2017,1
62903,DUPONT-AIGNAN,Nicolas,2017,16
62903,FILLON,François,2017,65
62903,HAMON,Benoît,2017,16
62903,LASSALLE,Jean,2017,3
62903,LE PEN,Marine,2017,120
62903,MACRON,Emmanuel,2017,60
62903,MÉLENCHON,Jean-Luc,2017,60
62903,POUTOU,Philippe,2017,8
62904,ARTHAUD,Nathalie,2017,1
62904,ASSELINEAU,François,2017,0
62904,CHEMINADE,Jacques,2017,2
62904,DUPONT-AIGNAN,Nicolas,2017,18
62904,FILLON,François,2017,62
62904,HAMON,Benoît,2017,20
62904,LASSALLE,Jean,2017,4
62904,LE PEN,Marine,2017,145
62904,MACRON,Emmanuel,2017,47
62904,MÉLENCHON,Jean-Luc,2017,49
62904,POUTOU,Philippe,2017,1
62905,ARTHAUD,Nathalie,2017,2
62905,ASSELINEAU,François,2017,3
62905,CHEMINADE,Jacques,2017,1
62905,DUPONT-AIGNAN,Nicolas,2017,44
62905,FILLON,François,2017,137
62905,HAMON,Benoît,2017,29
62905,LASSALLE,Jean,2017,6
62905,LE PEN,Marine,2017,113
62905,MACRON,Emmanuel,2017,133
62905,MÉLENCHON,Jean-Luc,2017,114
62905,POUTOU,Philippe,2017,7
62906,ARTHAUD,Nathalie,2017,9
62906,ASSELINEAU,François,2017,5
62906,CHEMINADE,Jacques,2017,1
62906,DUPONT-AIGNAN,Nicolas,2017,92
62906,FILLON,François,2017,182
62906,HAMON,Benoît,2017,34
62906,LASSALLE,Jean,2017,3
62906,LE PEN,Marine,2017,400
62906,MACRON,Emmanuel,2017,168
62906,MÉLENCHON,Jean-Luc,2017,150
62906,POUTOU,Philippe,2017,1
62907,ARTHAUD,Nathalie,2017,28
62907,ASSELINEAU,François,2017,30
62907,CHEMINADE,Jacques,2017,8
62907,DUPONT-AIGNAN,Nicolas,2017,176
62907,FILLON,François,2017,337
62907,HAMON,Benoît,2017,285
62907,LASSALLE,Jean,2017,13
62907,LE PEN,Marine,2017,1446
62907,MACRON,Emmanuel,2017,585
62907,MÉLENCHON,Jean-Luc,2017,1179
62907,POUTOU,Philippe,2017,61
62908,ARTHAUD,Nathalie,2017,2
62908,ASSELINEAU,François,2017,8
62908,CHEMINADE,Jacques,2017,2
62908,DUPONT-AIGNAN,Nicolas,2017,70
62908,FILLON,François,2017,305
62908,HAMON,Benoît,2017,52
62908,LASSALLE,Jean,2017,21
62908,LE PEN,Marine,2017,235
62908,MACRON,Emmanuel,2017,277
62908,MÉLENCHON,Jean-Luc,2017,154
62908,POUTOU,Philippe,2017,5
62909,ARTHAUD,Nathalie,2017,7
62909,ASSELINEAU,François,2017,1
62909,CHEMINADE,Jacques,2017,0
62909,DUPONT-AIGNAN,Nicolas,2017,15
62909,FILLON,François,2017,48
62909,HAMON,Benoît,2017,8
62909,LASSALLE,Jean,2017,0
62909,LE PEN,Marine,2017,118
62909,MACRON,Emmanuel,2017,33
62909,MÉLENCHON,Jean-Luc,2017,26
62909,POUTOU,Philippe,2017,2
62001,LE PEN,Marine,2022,493
62001,MACRON,Emmanuel,2022,604
62002,LE PEN,Marine,2022,64
62002,MACRON,Emmanuel,2022,57
62003,LE PEN,Marine,2022,198
62003,MACRON,Emmanuel,2022,197
62004,LE PEN,Marine,2022,1852
62004,MACRON,Emmanuel,2022,2253
62005,LE PEN,Marine,2022,342
62005,MACRON,Emmanuel,2022,185
62006,LE PEN,Marine,2022,114
62006,MACRON,Emmanuel,2022,94
62007,LE PEN,Marine,2022,153
62007,MACRON,Emmanuel,2022,265
62008,LE PEN,Marine,2022,256
62008,MACRON,Emmanuel,2022,187
62009,LE PEN,Marine,2022,94
62009,MACRON,Emmanuel,2022,65
62010,LE PEN,Marine,2022,96
62010,MACRON,Emmanuel,2022,72
62011,LE PEN,Marine,2022,187
62011,MACRON,Emmanuel,2022,260
62012,LE PEN,Marine,2022,50
62012,MACRON,Emmanuel,2022,76
62013,LE PEN,Marine,2022,563
62013,MACRON,Emmanuel,2022,606
62014,LE PEN,Marine,2022,2789
62014,MACRON,Emmanuel,2022,2413
62015,LE PEN,Marine,2022,67
62015,MACRON,Emmanuel,2022,81
62016,LE PEN,Marine,2022,54
62016,MACRON,Emmanuel,2022,66
62017,LE PEN,Marine,2022,68
62017,MACRON,Emmanuel,2022,22
62018,LE PEN,Marine,2022,93
62018,MACRON,Emmanuel,2022,83
62019,LE PEN,Marine,2022,1245
62019,MACRON,Emmanuel,2022,916
62020,LE PEN,Marine,2022,183
62020,MACRON,Emmanuel,2022,140
62021,LE PEN,Marine,2022,100
62021,MACRON,Emmanuel,2022,121
62022,LE PEN,Marine,2022,81
62022,MACRON,Emmanuel,2022,128
62023,LE PEN,Marine,2022,1050
62023,MACRON,Emmanuel,2022,650
62024,LE PEN,Marine,2022,293
62024,MACRON,Emmanuel,2022,192
62025,LE PEN,Marine,2022,661
62025,MACRON,Emmanuel,2022,619
62026,LE PEN,Marine,2022,47
62026,MACRON,Emmanuel,2022,39
62027,LE PEN,Marine,2022,76
62027,MACRON,Emmanuel,2022,42
62028,LE PEN,Marine,2022,246
62028,MACRON,Emmanuel,2022,127
62029,LE PEN,Marine,2022,182
62029,MACRON,Emmanuel,2022,99
62030,LE PEN,Marine,2022,94
62030,MACRON,Emmanuel,2022,78
62031,LE PEN,Marine,2022,563
62031,MACRON,Emmanuel,2022,304
62032,LE PEN,Marine,2022,1362
62032,MACRON,Emmanuel,2022,1070
62033,LE PEN,Marine,2022,1578
62033,MACRON,Emmanuel,2022,802
62034,LE PEN,Marine,2022,959
62034,MACRON,Emmanuel,2022,368
62035,LE PEN,Marine,2022,1867
62035,MACRON,Emmanuel,2022,1260
62036,LE PEN,Marine,2022,216
62036,MACRON,Emmanuel,2022,190
62037,LE PEN,Marine,2022,595
62037,MACRON,Emmanuel,2022,1252
62038,LE PEN,Marine,2022,1436
62038,MACRON,Emmanuel,2022,1041
62039,LE PEN,Marine,2022,331
62039,MACRON,Emmanuel,2022,254
62040,LE PEN,Marine,2022,2844
62040,MACRON,Emmanuel,2022,2068
62041,LE PEN,Marine,2022,7063
62041,MACRON,Emmanuel,2022,10180
62042,LE PEN,Marine,2022,302
62042,MACRON,Emmanuel,2022,322
62043,LE PEN,Marine,2022,697
62043,MACRON,Emmanuel,2022,478
62044,LE PEN,Marine,2022,246
62044,MACRON,Emmanuel,2022,215
62045,LE PEN,Marine,2022,423
62045,MACRON,Emmanuel,2022,342
62046,LE PEN,Marine,2022,237
62046,MACRON,Emmanuel,2022,157
62047,LE PEN,Marine,2022,55
62047,MACRON,Emmanuel,2022,44
62048,LE PEN,Marine,2022,3234
62048,MACRON,Emmanuel,2022,1296
62049,LE PEN,Marine,2022,171
62049,MACRON,Emmanuel,2022,130
62050,LE PEN,Marine,2022,532
62050,MACRON,Emmanuel,2022,309
62051,LE PEN,Marine,2022,1781
62051,MACRON,Emmanuel,2022,815
62052,LE PEN,Marine,2022,131
62052,MACRON,Emmanuel,2022,152
62053,LE PEN,Marine,2022,52
62053,MACRON,Emmanuel,2022,52
62054,LE PEN,Marine,2022,200
62054,MACRON,Emmanuel,2022,175
62055,LE PEN,Marine,2022,200
62055,MACRON,Emmanuel,2022,110
62056,LE PEN,Marine,2022,266
62056,MACRON,Emmanuel,2022,202
62057,LE PEN,Marine,2022,1735
62057,MACRON,Emmanuel,2022,1230
62058,LE PEN,Marine,2022,64
62058,MACRON,Emmanuel,2022,63
62059,LE PEN,Marine,2022,81
62059,MACRON,Emmanuel,2022,109
62060,LE PEN,Marine,2022,842
62060,MACRON,Emmanuel,2022,550
62061,LE PEN,Marine,2022,101
62061,MACRON,Emmanuel,2022,52
62062,LE PEN,Marine,2022,14
62062,MACRON,Emmanuel,2022,10
62063,LE PEN,Marine,2022,631
62063,MACRON,Emmanuel,2022,386
62064,LE PEN,Marine,2022,60
62064,MACRON,Emmanuel,2022,33
62065,LE PEN,Marine,2022,4846
62065,MACRON,Emmanuel,2022,2949
62066,LE PEN,Marine,2022,13
62066,MACRON,Emmanuel,2022,15
62067,LE PEN,Marine,2022,194
62067,MACRON,Emmanuel,2022,134
62068,LE PEN,Marine,2022,123
62068,MACRON,Emmanuel,2022,98
62069,LE PEN,Marine,2022,84
62069,MACRON,Emmanuel,2022,91
62070,LE PEN,Marine,2022,98
62070,MACRON,Emmanuel,2022,74
62071,LE PEN,Marine,2022,145
62071,MACRON,Emmanuel,2022,74
62072,LE PEN,Marine,2022,89
62072,MACRON,Emmanuel,2022,56
62073,LE PEN,Marine,2022,404
62073,MACRON,Emmanuel,2022,446
62074,LE PEN,Marine,2022,68
62074,MACRON,Emmanuel,2022,74
62075,LE PEN,Marine,2022,371
62075,MACRON,Emmanuel,2022,499
62076,LE PEN,Marine,2022,81
62076,MACRON,Emmanuel,2022,46
62077,LE PEN,Marine,2022,117
62077,MACRON,Emmanuel,2022,100
62078,LE PEN,Marine,2022,442
62078,MACRON,Emmanuel,2022,262
62079,LE PEN,Marine,2022,28
62079,MACRON,Emmanuel,2022,21
62080,LE PEN,Marine,2022,758
62080,MACRON,Emmanuel,2022,513
62081,LE PEN,Marine,2022,159
62081,MACRON,Emmanuel,2022,109
62082,LE PEN,Marine,2022,96
62082,MACRON,Emmanuel,2022,71
62083,LE PEN,Marine,2022,2720
62083,MACRON,Emmanuel,2022,1165
62084,LE PEN,Marine,2022,69
62084,MACRON,Emmanuel,2022,55
62085,LE PEN,Marine,2022,29
62085,MACRON,Emmanuel,2022,57
62086,LE PEN,Marine,2022,133
62086,MACRON,Emmanuel,2022,103
62087,LE PEN,Marine,2022,343
62087,MACRON,Emmanuel,2022,231
62088,LE PEN,Marine,2022,123
62088,MACRON,Emmanuel,2022,108
62089,LE PEN,Marine,2022,108
62089,MACRON,Emmanuel,2022,137
62090,LE PEN,Marine,2022,50
62090,MACRON,Emmanuel,2022,36
62091,LE PEN,Marine,2022,36
62091,MACRON,Emmanuel,2022,33
62092,LE PEN,Marine,2022,140
62092,MACRON,Emmanuel,2022,110
62093,LE PEN,Marine,2022,72
62093,MACRON,Emmanuel,2022,32
62094,LE PEN,Marine,2022,132
62094,MACRON,Emmanuel,2022,116
62095,LE PEN,Marine,2022,79
62095,MACRON,Emmanuel,2022,45
62096,LE PEN,Marine,2022,206
62096,MACRON,Emmanuel,2022,103
62097,LE PEN,Marine,2022,319
62097,MACRON,Emmanuel,2022,255
62099,LE PEN,Marine,2022,1482
62099,MACRON,Emmanuel,2022,1425
62100,LE PEN,Marine,2022,599
62100,MACRON,Emmanuel,2022,491
62101,LE PEN,Marine,2022,54
62101,MACRON,Emmanuel,2022,18
62102,LE PEN,Marine,2022,76
62102,MACRON,Emmanuel,2022,93
62103,LE PEN,Marine,2022,41
62103,MACRON,Emmanuel,2022,44
62104,LE PEN,Marine,2022,113
62104,MACRON,Emmanuel,2022,146
62105,LE PEN,Marine,2022,153
62105,MACRON,Emmanuel,2022,170
62106,LE PEN,Marine,2022,93
62106,MACRON,Emmanuel,2022,66
62107,LE PEN,Marine,2022,147
62107,MACRON,Emmanuel,2022,112
62108,LE PEN,Marine,2022,3280
62108,MACRON,Emmanuel,2022,3700
62109,LE PEN,Marine,2022,71
62109,MACRON,Emmanuel,2022,44
62111,LE PEN,Marine,2022,92
62111,MACRON,Emmanuel,2022,54
62112,LE PEN,Marine,2022,208
62112,MACRON,Emmanuel,2022,99
62113,LE PEN,Marine,2022,144
62113,MACRON,Emmanuel,2022,142
62114,LE PEN,Marine,2022,58
62114,MACRON,Emmanuel,2022,59
62115,LE PEN,Marine,2022,142
62115,MACRON,Emmanuel,2022,176
62116,LE PEN,Marine,2022,47
62116,MACRON,Emmanuel,2022,63
62117,LE PEN,Marine,2022,378
62117,MACRON,Emmanuel,2022,126
62118,LE PEN,Marine,2022,62
62118,MACRON,Emmanuel,2022,40
62119,LE PEN,Marine,2022,5496
62119,MACRON,Emmanuel,2022,5372
62120,LE PEN,Marine,2022,169
62120,MACRON,Emmanuel,2022,144
62121,LE PEN,Marine,2022,62
62121,MACRON,Emmanuel,2022,28
62122,LE PEN,Marine,2022,120
62122,MACRON,Emmanuel,2022,66
62123,LE PEN,Marine,2022,134
62123,MACRON,Emmanuel,2022,161
62124,LE PEN,Marine,2022,133
62124,MACRON,Emmanuel,2022,126
62125,LE PEN,Marine,2022,147
62125,MACRON,Emmanuel,2022,166
62126,LE PEN,Marine,2022,2855
62126,MACRON,Emmanuel,2022,1786
62127,LE PEN,Marine,2022,98
62127,MACRON,Emmanuel,2022,130
62128,LE PEN,Marine,2022,1583
62128,MACRON,Emmanuel,2022,873
62129,LE PEN,Marine,2022,39
62129,MACRON,Emmanuel,2022,24
62130,LE PEN,Marine,2022,217
62130,MACRON,Emmanuel,2022,185
62131,LE PEN,Marine,2022,123
62131,MACRON,Emmanuel,2022,65
62132,LE PEN,Marine,2022,1801
62132,MACRON,Emmanuel,2022,1008
62133,LE PEN,Marine,2022,2529
62133,MACRON,Emmanuel,2022,983
62134,LE PEN,Marine,2022,47
62134,MACRON,Emmanuel,2022,34
62135,LE PEN,Marine,2022,106
62135,MACRON,Emmanuel,2022,79
62137,LE PEN,Marine,2022,46
62137,MACRON,Emmanuel,2022,25
62138,LE PEN,Marine,2022,205
62138,MACRON,Emmanuel,2022,190
62139,LE PEN,Marine,2022,1624
62139,MACRON,Emmanuel,2022,1020
62140,LE PEN,Marine,2022,186
62140,MACRON,Emmanuel,2022,80
62141,LE PEN,Marine,2022,283
62141,MACRON,Emmanuel,2022,187
62142,LE PEN,Marine,2022,51
62142,MACRON,Emmanuel,2022,31
62143,LE PEN,Marine,2022,7
62143,MACRON,Emmanuel,2022,17
62144,LE PEN,Marine,2022,172
62144,MACRON,Emmanuel,2022,125
62145,LE PEN,Marine,2022,189
62145,MACRON,Emmanuel,2022,100
62146,LE PEN,Marine,2022,92
62146,MACRON,Emmanuel,2022,62
62147,LE PEN,Marine,2022,138
62147,MACRON,Emmanuel,2022,77
62148,LE PEN,Marine,2022,257
62148,MACRON,Emmanuel,2022,240
62149,LE PEN,Marine,2022,83
62149,MACRON,Emmanuel,2022,71
62150,LE PEN,Marine,2022,180
62150,MACRON,Emmanuel,2022,167
62151,LE PEN,Marine,2022,216
62151,MACRON,Emmanuel,2022,121
62152,LE PEN,Marine,2022,92
62152,MACRON,Emmanuel,2022,59
62153,LE PEN,Marine,2022,222
62153,MACRON,Emmanuel,2022,153
62154,LE PEN,Marine,2022,258
62154,MACRON,Emmanuel,2022,178
62155,LE PEN,Marine,2022,229
62155,MACRON,Emmanuel,2022,167
62156,LE PEN,Marine,2022,168
62156,MACRON,Emmanuel,2022,227
62157,LE PEN,Marine,2022,24
62157,MACRON,Emmanuel,2022,28
62158,LE PEN,Marine,2022,220
62158,MACRON,Emmanuel,2022,116
62160,LE PEN,Marine,2022,8289
62160,MACRON,Emmanuel,2022,7555
62161,LE PEN,Marine,2022,271
62161,MACRON,Emmanuel,2022,107
62162,LE PEN,Marine,2022,196
62162,MACRON,Emmanuel,2022,109
62163,LE PEN,Marine,2022,88
62163,MACRON,Emmanuel,2022,63
62164,LE PEN,Marine,2022,391
62164,MACRON,Emmanuel,2022,284
62165,LE PEN,Marine,2022,59
62165,MACRON,Emmanuel,2022,88
62166,LE PEN,Marine,2022,222
62166,MACRON,Emmanuel,2022,152
62167,LE PEN,Marine,2022,78
62167,MACRON,Emmanuel,2022,99
62168,LE PEN,Marine,2022,213
62168,MACRON,Emmanuel,2022,263
62169,LE PEN,Marine,2022,85
62169,MACRON,Emmanuel,2022,70
62170,LE PEN,Marine,2022,800
62170,MACRON,Emmanuel,2022,639
62171,LE PEN,Marine,2022,44
62171,MACRON,Emmanuel,2022,28
62172,LE PEN,Marine,2022,139
62172,MACRON,Emmanuel,2022,88
62173,LE PEN,Marine,2022,1780
62173,MACRON,Emmanuel,2022,1090
62174,LE PEN,Marine,2022,422
62174,MACRON,Emmanuel,2022,296
62175,LE PEN,Marine,2022,47
62175,MACRON,Emmanuel,2022,44
62176,LE PEN,Marine,2022,209
62176,MACRON,Emmanuel,2022,194
62177,LE PEN,Marine,2022,293
62177,MACRON,Emmanuel,2022,218
62178,LE PEN,Marine,2022,6997
62178,MACRON,Emmanuel,2022,3104
62179,LE PEN,Marine,2022,96
62179,MACRON,Emmanuel,2022,129
62180,LE PEN,Marine,2022,107
62180,MACRON,Emmanuel,2022,86
62181,LE PEN,Marine,2022,465
62181,MACRON,Emmanuel,2022,287
62182,LE PEN,Marine,2022,74
62182,MACRON,Emmanuel,2022,90
62183,LE PEN,Marine,2022,258
62183,MACRON,Emmanuel,2022,172
62184,LE PEN,Marine,2022,92
62184,MACRON,Emmanuel,2022,69
62185,LE PEN,Marine,2022,63
62185,MACRON,Emmanuel,2022,64
62186,LE PEN,Marine,2022,3951
62186,MACRON,Emmanuel,2022,2080
62187,LE PEN,Marine,2022,57
62187,MACRON,Emmanuel,2022,48
62188,LE PEN,Marine,2022,1112
62188,MACRON,Emmanuel,2022,482
62189,LE PEN,Marine,2022,56
62189,MACRON,Emmanuel,2022,20
62190,LE PEN,Marine,2022,407
62190,MACRON,Emmanuel,2022,340
62191,LE PEN,Marine,2022,215
62191,MACRON,Emmanuel,2022,119
62192,LE PEN,Marine,2022,117
62192,MACRON,Emmanuel,2022,106
62193,LE PEN,Marine,2022,19408
62193,MACRON,Emmanuel,2022,12069
62194,LE PEN,Marine,2022,2186
62194,MACRON,Emmanuel,2022,755
62195,LE PEN,Marine,2022,548
62195,MACRON,Emmanuel,2022,391
62196,LE PEN,Marine,2022,163
62196,MACRON,Emmanuel,2022,199
62197,LE PEN,Marine,2022,572
62197,MACRON,Emmanuel,2022,337
62198,LE PEN,Marine,2022,108
62198,MACRON,Emmanuel,2022,114
62199,LE PEN,Marine,2022,188
62199,MACRON,Emmanuel,2022,197
62200,LE PEN,Marine,2022,393
62200,MACRON,Emmanuel,2022,297
62201,LE PEN,Marine,2022,837
62201,MACRON,Emmanuel,2022,746
62202,LE PEN,Marine,2022,212
62202,MACRON,Emmanuel,2022,167
62203,LE PEN,Marine,2022,133
62203,MACRON,Emmanuel,2022,140
62204,LE PEN,Marine,2022,508
62204,MACRON,Emmanuel,2022,413
62205,LE PEN,Marine,2022,453
62205,MACRON,Emmanuel,2022,365
62206,LE PEN,Marine,2022,72
62206,MACRON,Emmanuel,2022,122
62207,LE PEN,Marine,2022,162
62207,MACRON,Emmanuel,2022,211
62208,LE PEN,Marine,2022,23
62208,MACRON,Emmanuel,2022,19
62209,LE PEN,Marine,2022,69
62209,MACRON,Emmanuel,2022,51
62211,LE PEN,Marine,2022,83
62211,MACRON,Emmanuel,2022,63
62212,LE PEN,Marine,2022,163
62212,MACRON,Emmanuel,2022,110
62213,LE PEN,Marine,2022,223
62213,MACRON,Emmanuel,2022,264
62214,LE PEN,Marine,2022,185
62214,MACRON,Emmanuel,2022,192
62215,LE PEN,Marine,2022,4812
62215,MACRON,Emmanuel,2022,3466
62216,LE PEN,Marine,2022,90
62216,MACRON,Emmanuel,2022,38
62217,LE PEN,Marine,2022,1013
62217,MACRON,Emmanuel,2022,434
62218,LE PEN,Marine,2022,112
62218,MACRON,Emmanuel,2022,105
62219,LE PEN,Marine,2022,59
62219,MACRON,Emmanuel,2022,47
62220,LE PEN,Marine,2022,145
62220,MACRON,Emmanuel,2022,119
62221,LE PEN,Marine,2022,75
62221,MACRON,Emmanuel,2022,83
62222,LE PEN,Marine,2022,40
62222,MACRON,Emmanuel,2022,62
62223,LE PEN,Marine,2022,109
62223,MACRON,Emmanuel,2022,64
62224,LE PEN,Marine,2022,1131
62224,MACRON,Emmanuel,2022,520
62225,LE PEN,Marine,2022,173
62225,MACRON,Emmanuel,2022,213
62227,LE PEN,Marine,2022,46
62227,MACRON,Emmanuel,2022,65
62228,LE PEN,Marine,2022,120
62228,MACRON,Emmanuel,2022,63
62229,LE PEN,Marine,2022,292
62229,MACRON,Emmanuel,2022,187
62230,LE PEN,Marine,2022,282
62230,MACRON,Emmanuel,2022,272
62231,LE PEN,Marine,2022,43
62231,MACRON,Emmanuel,2022,45
62232,LE PEN,Marine,2022,330
62232,MACRON,Emmanuel,2022,222
62233,LE PEN,Marine,2022,389
62233,MACRON,Emmanuel,2022,309
62234,LE PEN,Marine,2022,55
62234,MACRON,Emmanuel,2022,72
62235,LE PEN,Marine,2022,509
62235,MACRON,Emmanuel,2022,1164
62236,LE PEN,Marine,2022,130
62236,MACRON,Emmanuel,2022,98
62237,LE PEN,Marine,2022,135
62237,MACRON,Emmanuel,2022,173
62238,LE PEN,Marine,2022,21
62238,MACRON,Emmanuel,2022,32
62239,LE PEN,Marine,2022,666
62239,MACRON,Emmanuel,2022,764
62240,LE PEN,Marine,2022,724
62240,MACRON,Emmanuel,2022,374
62241,LE PEN,Marine,2022,89
62241,MACRON,Emmanuel,2022,107
62242,LE PEN,Marine,2022,38
62242,MACRON,Emmanuel,2022,34
62243,LE PEN,Marine,2022,51
62243,MACRON,Emmanuel,2022,32
62244,LE PEN,Marine,2022,1767
62244,MACRON,Emmanuel,2022,1393
62245,LE PEN,Marine,2022,249
62245,MACRON,Emmanuel,2022,173
62246,LE PEN,Marine,2022,70
62246,MACRON,Emmanuel,2022,34
62247,LE PEN,Marine,2022,214
62247,MACRON,Emmanuel,2022,117
62248,LE PEN,Marine,2022,160
62248,MACRON,Emmanuel,2022,119
62249,LE PEN,Marine,2022,2131
62249,MACRON,Emmanuel,2022,1187
62250,LE PEN,Marine,2022,3177
62250,MACRON,Emmanuel,2022,2043
62251,LE PEN,Marine,2022,165
62251,MACRON,Emmanuel,2022,147
62252,LE PEN,Marine,2022,747
62252,MACRON,Emmanuel,2022,856
62253,LE PEN,Marine,2022,34
62253,MACRON,Emmanuel,2022,23
62254,LE PEN,Marine,2022,210
62254,MACRON,Emmanuel,2022,159
62255,LE PEN,Marine,2022,241
62255,MACRON,Emmanuel,2022,230
62256,LE PEN,Marine,2022,54
62256,MACRON,Emmanuel,2022,36
62257,LE PEN,Marine,2022,126
62257,MACRON,Emmanuel,2022,128
62258,LE PEN,Marine,2022,70
62258,MACRON,Emmanuel,2022,101
62259,LE PEN,Marine,2022,541
62259,MACRON,Emmanuel,2022,376
62260,LE PEN,Marine,2022,119
62260,MACRON,Emmanuel,2022,55
62261,LE PEN,Marine,2022,1231
62261,MACRON,Emmanuel,2022,1984
62262,LE PEN,Marine,2022,609
62262,MACRON,Emmanuel,2022,402
62263,LE PEN,Marine,2022,1330
62263,MACRON,Emmanuel,2022,1989
62264,LE PEN,Marine,2022,486
62264,MACRON,Emmanuel,2022,272
62265,LE PEN,Marine,2022,363
62265,MACRON,Emmanuel,2022,283
62266,LE PEN,Marine,2022,29
62266,MACRON,Emmanuel,2022,15
62267,LE PEN,Marine,2022,142
62267,MACRON,Emmanuel,2022,81
62268,LE PEN,Marine,2022,1353
62268,MACRON,Emmanuel,2022,920
62269,LE PEN,Marine,2022,270
62269,MACRON,Emmanuel,2022,159
62270,LE PEN,Marine,2022,2447
62270,MACRON,Emmanuel,2022,909
62271,LE PEN,Marine,2022,282
62271,MACRON,Emmanuel,2022,191
62272,LE PEN,Marine,2022,90
62272,MACRON,Emmanuel,2022,74
62273,LE PEN,Marine,2022,198
62273,MACRON,Emmanuel,2022,148
62274,LE PEN,Marine,2022,1893
62274,MACRON,Emmanuel,2022,1112
62275,LE PEN,Marine,2022,99
62275,MACRON,Emmanuel,2022,71
62276,LE PEN,Marine,2022,2014
62276,MACRON,Emmanuel,2022,1055
62277,LE PEN,Marine,2022,959
62277,MACRON,Emmanuel,2022,466
62278,LE PEN,Marine,2022,192
62278,MACRON,Emmanuel,2022,199
62279,LE PEN,Marine,2022,299
62279,MACRON,Emmanuel,2022,565
62280,LE PEN,Marine,2022,122
62280,MACRON,Emmanuel,2022,98
62281,LE PEN,Marine,2022,79
62281,MACRON,Emmanuel,2022,149
62282,LE PEN,Marine,2022,71
62282,MACRON,Emmanuel,2022,33
62283,LE PEN,Marine,2022,56
62283,MACRON,Emmanuel,2022,20
62284,LE PEN,Marine,2022,672
62284,MACRON,Emmanuel,2022,314
62285,LE PEN,Marine,2022,160
62285,MACRON,Emmanuel,2022,150
62286,LE PEN,Marine,2022,168
62286,MACRON,Emmanuel,2022,115
62288,LE PEN,Marine,2022,679
62288,MACRON,Emmanuel,2022,586
62289,LE PEN,Marine,2022,188
62289,MACRON,Emmanuel,2022,243
62290,LE PEN,Marine,2022,101
62290,MACRON,Emmanuel,2022,129
62291,LE PEN,Marine,2022,874
62291,MACRON,Emmanuel,2022,493
62292,LE PEN,Marine,2022,326
62292,MACRON,Emmanuel,2022,174
62293,LE PEN,Marine,2022,83
62293,MACRON,Emmanuel,2022,77
62295,LE PEN,Marine,2022,531
62295,MACRON,Emmanuel,2022,306
62296,LE PEN,Marine,2022,78
62296,MACRON,Emmanuel,2022,67
62297,LE PEN,Marine,2022,1120
62297,MACRON,Emmanuel,2022,930
62298,LE PEN,Marine,2022,153
62298,MACRON,Emmanuel,2022,118
62299,LE PEN,Marine,2022,92
62299,MACRON,Emmanuel,2022,69
62300,LE PEN,Marine,2022,919
62300,MACRON,Emmanuel,2022,583
62301,LE PEN,Marine,2022,28
62301,MACRON,Emmanuel,2022,27
62302,LE PEN,Marine,2022,77
62302,MACRON,Emmanuel,2022,52
62303,LE PEN,Marine,2022,84
62303,MACRON,Emmanuel,2022,45
62304,LE PEN,Marine,2022,126
62304,MACRON,Emmanuel,2022,64
62306,LE PEN,Marine,2022,127
62306,MACRON,Emmanuel,2022,102
62307,LE PEN,Marine,2022,52
62307,MACRON,Emmanuel,2022,87
62308,LE PEN,Marine,2022,159
62308,MACRON,Emmanuel,2022,121
62309,LE PEN,Marine,2022,555
62309,MACRON,Emmanuel,2022,342
62310,LE PEN,Marine,2022,575
62310,MACRON,Emmanuel,2022,478
62311,LE PEN,Marine,2022,699
62311,MACRON,Emmanuel,2022,397
62312,LE PEN,Marine,2022,75
62312,MACRON,Emmanuel,2022,92
62313,LE PEN,Marine,2022,314
62313,MACRON,Emmanuel,2022,143
62314,LE PEN,Marine,2022,95
62314,MACRON,Emmanuel,2022,103
62315,LE PEN,Marine,2022,89
62315,MACRON,Emmanuel,2022,128
62316,LE PEN,Marine,2022,66
62316,MACRON,Emmanuel,2022,50
62317,LE PEN,Marine,2022,134
62317,MACRON,Emmanuel,2022,103
62318,LE PEN,Marine,2022,2987
62318,MACRON,Emmanuel,2022,2561
62319,LE PEN,Marine,2022,91
62319,MACRON,Emmanuel,2022,81
62320,LE PEN,Marine,2022,88
62320,MACRON,Emmanuel,2022,104
62321,LE PEN,Marine,2022,1446
62321,MACRON,Emmanuel,2022,794
62322,LE PEN,Marine,2022,48
62322,MACRON,Emmanuel,2022,32
62323,LE PEN,Marine,2022,332
62323,MACRON,Emmanuel,2022,382
62324,LE PEN,Marine,2022,195
62324,MACRON,Emmanuel,2022,213
62325,LE PEN,Marine,2022,330
62325,MACRON,Emmanuel,2022,187
62326,LE PEN,Marine,2022,103
62326,MACRON,Emmanuel,2022,36
62327,LE PEN,Marine,2022,205
62327,MACRON,Emmanuel,2022,116
62328,LE PEN,Marine,2022,353
62328,MACRON,Emmanuel,2022,144
62329,LE PEN,Marine,2022,652
62329,MACRON,Emmanuel,2022,358
62330,LE PEN,Marine,2022,417
62330,MACRON,Emmanuel,2022,388
62331,LE PEN,Marine,2022,332
62331,MACRON,Emmanuel,2022,263
62332,LE PEN,Marine,2022,145
62332,MACRON,Emmanuel,2022,187
62333,LE PEN,Marine,2022,119
62333,MACRON,Emmanuel,2022,80
62334,LE PEN,Marine,2022,297
62334,MACRON,Emmanuel,2022,213
62335,LE PEN,Marine,2022,159
62335,MACRON,Emmanuel,2022,114
62336,LE PEN,Marine,2022,189
62336,MACRON,Emmanuel,2022,108
62337,LE PEN,Marine,2022,75
62337,MACRON,Emmanuel,2022,67
62338,LE PEN,Marine,2022,553
62338,MACRON,Emmanuel,2022,1325
62339,LE PEN,Marine,2022,40
62339,MACRON,Emmanuel,2022,28
62340,LE PEN,Marine,2022,298
62340,MACRON,Emmanuel,2022,177
62341,LE PEN,Marine,2022,139
62341,MACRON,Emmanuel,2022,114
62342,LE PEN,Marine,2022,31
62342,MACRON,Emmanuel,2022,32
62343,LE PEN,Marine,2022,94
62343,MACRON,Emmanuel,2022,93
62344,LE PEN,Marine,2022,39
62344,MACRON,Emmanuel,2022,18
62345,LE PEN,Marine,2022,35
62345,MACRON,Emmanuel,2022,31
62346,LE PEN,Marine,2022,92
62346,MACRON,Emmanuel,2022,48
62347,LE PEN,Marine,2022,51
62347,MACRON,Emmanuel,2022,41
62348,LE PEN,Marine,2022,50
62348,MACRON,Emmanuel,2022,37
62349,LE PEN,Marine,2022,517
62349,MACRON,Emmanuel,2022,403
62350,LE PEN,Marine,2022,257
62350,MACRON,Emmanuel,2022,369
62351,LE PEN,Marine,2022,2022
62351,MACRON,Emmanuel,2022,928
62352,LE PEN,Marine,2022,29
62352,MACRON,Emmanuel,2022,42
62353,LE PEN,Marine,2022,78
62353,MACRON,Emmanuel,2022,59
62354,LE PEN,Marine,2022,221
62354,MACRON,Emmanuel,2022,260
62355,LE PEN,Marine,2022,147
62355,MACRON,Emmanuel,2022,175
62356,LE PEN,Marine,2022,312
62356,MACRON,Emmanuel,2022,209
62357,LE PEN,Marine,2022,21
62357,MACRON,Emmanuel,2022,15
62358,LE PEN,Marine,2022,67
62358,MACRON,Emmanuel,2022,74
62359,LE PEN,Marine,2022,195
62359,MACRON,Emmanuel,2022,166
62360,LE PEN,Marine,2022,429
62360,MACRON,Emmanuel,2022,327
62361,LE PEN,Marine,2022,1072
62361,MACRON,Emmanuel,2022,510
62362,LE PEN,Marine,2022,89
62362,MACRON,Emmanuel,2022,52
62363,LE PEN,Marine,2022,96
62363,MACRON,Emmanuel,2022,158
62364,LE PEN,Marine,2022,650
62364,MACRON,Emmanuel,2022,461
62365,LE PEN,Marine,2022,77
62365,MACRON,Emmanuel,2022,41
62366,LE PEN,Marine,2022,111
62366,MACRON,Emmanuel,2022,95
62367,LE PEN,Marine,2022,233
62367,MACRON,Emmanuel,2022,171
62368,LE PEN,Marine,2022,76
62368,MACRON,Emmanuel,2022,33
62369,LE PEN,Marine,2022,190
62369,MACRON,Emmanuel,2022,229
62370,LE PEN,Marine,2022,29
62370,MACRON,Emmanuel,2022,46
62371,LE PEN,Marine,2022,604
62371,MACRON,Emmanuel,2022,659
62372,LE PEN,Marine,2022,57
62372,MACRON,Emmanuel,2022,44
62373,LE PEN,Marine,2022,340
62373,MACRON,Emmanuel,2022,279
62374,LE PEN,Marine,2022,48
62374,MACRON,Emmanuel,2022,41
62375,LE PEN,Marine,2022,29
62375,MACRON,Emmanuel,2022,30
62376,LE PEN,Marine,2022,792
62376,MACRON,Emmanuel,2022,654
62377,LE PEN,Marine,2022,339
62377,MACRON,Emmanuel,2022,174
62378,LE PEN,Marine,2022,50
62378,MACRON,Emmanuel,2022,75
62379,LE PEN,Marine,2022,130
62379,MACRON,Emmanuel,2022,85
62380,LE PEN,Marine,2022,104
62380,MACRON,Emmanuel,2022,106
62381,LE PEN,Marine,2022,42
62381,MACRON,Emmanuel,2022,39
62382,LE PEN,Marine,2022,201
62382,MACRON,Emmanuel,2022,204
62383,LE PEN,Marine,2022,456
62383,MACRON,Emmanuel,2022,333
62384,LE PEN,Marine,2022,210
62384,MACRON,Emmanuel,2022,130
62385,LE PEN,Marine,2022,146
62385,MACRON,Emmanuel,2022,97
62386,LE PEN,Marine,2022,2323
62386,MACRON,Emmanuel,2022,787
62387,LE PEN,Marine,2022,118
62387,MACRON,Emmanuel,2022,94
62388,LE PEN,Marine,2022,82
62388,MACRON,Emmanuel,2022,79
62389,LE PEN,Marine,2022,10
62389,MACRON,Emmanuel,2022,14
62390,LE PEN,Marine,2022,401
62390,MACRON,Emmanuel,2022,642
62391,LE PEN,Marine,2022,488
62391,MACRON,Emmanuel,2022,356
62392,LE PEN,Marine,2022,125
62392,MACRON,Emmanuel,2022,130
62393,LE PEN,Marine,2022,483
62393,MACRON,Emmanuel,2022,209
62395,LE PEN,Marine,2022,62
62395,MACRON,Emmanuel,2022,47
62396,LE PEN,Marine,2022,0
62396,MACRON,Emmanuel,2022,0
62397,LE PEN,Marine,2022,1981
62397,MACRON,Emmanuel,2022,885
62398,LE PEN,Marine,2022,102
62398,MACRON,Emmanuel,2022,75
62399,LE PEN,Marine,2022,222
62399,MACRON,Emmanuel,2022,202
62400,LE PEN,Marine,2022,1698
62400,MACRON,Emmanuel,2022,756
62401,LE PEN,Marine,2022,1679
62401,MACRON,Emmanuel,2022,786
62402,LE PEN,Marine,2022,84
62402,MACRON,Emmanuel,2022,82
62403,LE PEN,Marine,2022,408
62403,MACRON,Emmanuel,2022,274
62404,LE PEN,Marine,2022,97
62404,MACRON,Emmanuel,2022,40
62405,LE PEN,Marine,2022,176
62405,MACRON,Emmanuel,2022,119
62406,LE PEN,Marine,2022,98
62406,MACRON,Emmanuel,2022,68
62407,LE PEN,Marine,2022,335
62407,MACRON,Emmanuel,2022,264
62408,LE PEN,Marine,2022,531
62408,MACRON,Emmanuel,2022,337
62409,LE PEN,Marine,2022,74
62409,MACRON,Emmanuel,2022,57
62410,LE PEN,Marine,2022,72
62410,MACRON,Emmanuel,2022,54
62411,LE PEN,Marine,2022,23
62411,MACRON,Emmanuel,2022,9
62412,LE PEN,Marine,2022,349
62412,MACRON,Emmanuel,2022,315
62413,LE PEN,Marine,2022,3339
62413,MACRON,Emmanuel,2022,1750
62414,LE PEN,Marine,2022,72
62414,MACRON,Emmanuel,2022,73
62415,LE PEN,Marine,2022,132
62415,MACRON,Emmanuel,2022,173
62416,LE PEN,Marine,2022,85
62416,MACRON,Emmanuel,2022,51
62418,LE PEN,Marine,2022,97
62418,MACRON,Emmanuel,2022,93
62419,LE PEN,Marine,2022,39
62419,MACRON,Emmanuel,2022,50
62421,LE PEN,Marine,2022,157
62421,MACRON,Emmanuel,2022,61
62422,LE PEN,Marine,2022,207
62422,MACRON,Emmanuel,2022,99
62423,LE PEN,Marine,2022,516
62423,MACRON,Emmanuel,2022,462
62424,LE PEN,Marine,2022,117
62424,MACRON,Emmanuel,2022,82
62425,LE PEN,Marine,2022,30
62425,MACRON,Emmanuel,2022,40
62426,LE PEN,Marine,2022,67
62426,MACRON,Emmanuel,2022,55
62427,LE PEN,Marine,2022,8487
62427,MACRON,Emmanuel,2022,4152
62428,LE PEN,Marine,2022,183
62428,MACRON,Emmanuel,2022,149
62429,LE PEN,Marine,2022,91
62429,MACRON,Emmanuel,2022,102
62430,LE PEN,Marine,2022,68
62430,MACRON,Emmanuel,2022,31
62432,LE PEN,Marine,2022,128
62432,MACRON,Emmanuel,2022,110
62433,LE PEN,Marine,2022,28
62433,MACRON,Emmanuel,2022,38
62434,LE PEN,Marine,2022,48
62434,MACRON,Emmanuel,2022,38
62435,LE PEN,Marine,2022,38
62435,MACRON,Emmanuel,2022,27
62436,LE PEN,Marine,2022,32
62436,MACRON,Emmanuel,2022,44
62437,LE PEN,Marine,2022,90
62437,MACRON,Emmanuel,2022,72
62438,LE PEN,Marine,2022,197
62438,MACRON,Emmanuel,2022,166
62439,LE PEN,Marine,2022,137
62439,MACRON,Emmanuel,2022,75
62440,LE PEN,Marine,2022,384
62440,MACRON,Emmanuel,2022,193
62441,LE PEN,Marine,2022,66
62441,MACRON,Emmanuel,2022,78
62442,LE PEN,Marine,2022,168
62442,MACRON,Emmanuel,2022,130
62443,LE PEN,Marine,2022,2339
62443,MACRON,Emmanuel,2022,1038
62444,LE PEN,Marine,2022,49
62444,MACRON,Emmanuel,2022,98
62445,LE PEN,Marine,2022,296
62445,MACRON,Emmanuel,2022,242
62446,LE PEN,Marine,2022,260
62446,MACRON,Emmanuel,2022,200
62447,LE PEN,Marine,2022,532
62447,MACRON,Emmanuel,2022,456
62448,LE PEN,Marine,2022,546
62448,MACRON,Emmanuel,2022,618
62449,LE PEN,Marine,2022,64
62449,MACRON,Emmanuel,2022,48
62450,LE PEN,Marine,2022,73
62450,MACRON,Emmanuel,2022,78
62451,LE PEN,Marine,2022,157
62451,MACRON,Emmanuel,2022,122
62452,LE PEN,Marine,2022,413
62452,MACRON,Emmanuel,2022,487
62453,LE PEN,Marine,2022,49
62453,MACRON,Emmanuel,2022,36
62454,LE PEN,Marine,2022,731
62454,MACRON,Emmanuel,2022,783
62455,LE PEN,Marine,2022,39
62455,MACRON,Emmanuel,2022,31
62456,LE PEN,Marine,2022,298
62456,MACRON,Emmanuel,2022,206
62457,LE PEN,Marine,2022,2410
62457,MACRON,Emmanuel,2022,1322
62458,LE PEN,Marine,2022,343
62458,MACRON,Emmanuel,2022,261
62459,LE PEN,Marine,2022,100
62459,MACRON,Emmanuel,2022,41
62460,LE PEN,Marine,2022,72
62460,MACRON,Emmanuel,2022,85
62461,LE PEN,Marine,2022,242
62461,MACRON,Emmanuel,2022,200
62462,LE PEN,Marine,2022,46
62462,MACRON,Emmanuel,2022,39
62463,LE PEN,Marine,2022,126
62463,MACRON,Emmanuel,2022,159
62464,LE PEN,Marine,2022,1212
62464,MACRON,Emmanuel,2022,642
62465,LE PEN,Marine,2022,87
62465,MACRON,Emmanuel,2022,63
62466,LE PEN,Marine,2022,80
62466,MACRON,Emmanuel,2022,83
62467,LE PEN,Marine,2022,68
62467,MACRON,Emmanuel,2022,39
62468,LE PEN,Marine,2022,81
62468,MACRON,Emmanuel,2022,65
62469,LE PEN,Marine,2022,180
62469,MACRON,Emmanuel,2022,127
62470,LE PEN,Marine,2022,29
62470,MACRON,Emmanuel,2022,29
62471,LE PEN,Marine,2022,340
62471,MACRON,Emmanuel,2022,290
62472,LE PEN,Marine,2022,42
62472,MACRON,Emmanuel,2022,51
62473,LE PEN,Marine,2022,2807
62473,MACRON,Emmanuel,2022,1771
62474,LE PEN,Marine,2022,374
62474,MACRON,Emmanuel,2022,341
62475,LE PEN,Marine,2022,103
62475,MACRON,Emmanuel,2022,49
62476,LE PEN,Marine,2022,357
62476,MACRON,Emmanuel,2022,280
62477,LE PEN,Marine,2022,226
62477,MACRON,Emmanuel,2022,202
62478,LE PEN,Marine,2022,84
62478,MACRON,Emmanuel,2022,73
62479,LE PEN,Marine,2022,589
62479,MACRON,Emmanuel,2022,379
62480,LE PEN,Marine,2022,1063
62480,MACRON,Emmanuel,2022,532
62481,LE PEN,Marine,2022,67
62481,MACRON,Emmanuel,2022,30
62483,LE PEN,Marine,2022,75
62483,MACRON,Emmanuel,2022,61
62484,LE PEN,Marine,2022,136
62484,MACRON,Emmanuel,2022,72
62485,LE PEN,Marine,2022,157
62485,MACRON,Emmanuel,2022,53
62486,LE PEN,Marine,2022,342
62486,MACRON,Emmanuel,2022,259
62487,LE PEN,Marine,2022,408
62487,MACRON,Emmanuel,2022,294
62488,LE PEN,Marine,2022,271
62488,MACRON,Emmanuel,2022,193
62489,LE PEN,Marine,2022,1251
62489,MACRON,Emmanuel,2022,701
62490,LE PEN,Marine,2022,79
62490,MACRON,Emmanuel,2022,90
62491,LE PEN,Marine,2022,1352
62491,MACRON,Emmanuel,2022,1637
62492,LE PEN,Marine,2022,91
62492,MACRON,Emmanuel,2022,72
62493,LE PEN,Marine,2022,94
62493,MACRON,Emmanuel,2022,58
62494,LE PEN,Marine,2022,24
62494,MACRON,Emmanuel,2022,6
62495,LE PEN,Marine,2022,103
62495,MACRON,Emmanuel,2022,67
62496,LE PEN,Marine,2022,82
62496,MACRON,Emmanuel,2022,72
62497,LE PEN,Marine,2022,2265
62497,MACRON,Emmanuel,2022,1314
62498,LE PEN,Marine,2022,7631
62498,MACRON,Emmanuel,2022,5529
62499,LE PEN,Marine,2022,113
62499,MACRON,Emmanuel,2022,93
62500,LE PEN,Marine,2022,134
62500,MACRON,Emmanuel,2022,135
62501,LE PEN,Marine,2022,87
62501,MACRON,Emmanuel,2022,60
62502,LE PEN,Marine,2022,1446
62502,MACRON,Emmanuel,2022,1304
62503,LE PEN,Marine,2022,87
62503,MACRON,Emmanuel,2022,112
62504,LE PEN,Marine,2022,93
62504,MACRON,Emmanuel,2022,64
62505,LE PEN,Marine,2022,169
62505,MACRON,Emmanuel,2022,125
62506,LE PEN,Marine,2022,543
62506,MACRON,Emmanuel,2022,426
62507,LE PEN,Marine,2022,121
62507,MACRON,Emmanuel,2022,67
62508,LE PEN,Marine,2022,124
62508,MACRON,Emmanuel,2022,82
62509,LE PEN,Marine,2022,128
62509,MACRON,Emmanuel,2022,63
62510,LE PEN,Marine,2022,8992
62510,MACRON,Emmanuel,2022,4918
62511,LE PEN,Marine,2022,58
62511,MACRON,Emmanuel,2022,36
62512,LE PEN,Marine,2022,234
62512,MACRON,Emmanuel,2022,128
62513,LE PEN,Marine,2022,86
62513,MACRON,Emmanuel,2022,35
62514,LE PEN,Marine,2022,108
62514,MACRON,Emmanuel,2022,36
62515,LE PEN,Marine,2022,177
62515,MACRON,Emmanuel,2022,164
62516,LE PEN,Marine,2022,2848
62516,MACRON,Emmanuel,2022,1584
62517,LE PEN,Marine,2022,85
62517,MACRON,Emmanuel,2022,57
62518,LE PEN,Marine,2022,56
62518,MACRON,Emmanuel,2022,45
62519,LE PEN,Marine,2022,252
62519,MACRON,Emmanuel,2022,125
62520,LE PEN,Marine,2022,745
62520,MACRON,Emmanuel,2022,764
62521,LE PEN,Marine,2022,88
62521,MACRON,Emmanuel,2022,53
62522,LE PEN,Marine,2022,66
62522,MACRON,Emmanuel,2022,97
62523,LE PEN,Marine,2022,1761
62523,MACRON,Emmanuel,2022,914
62524,LE PEN,Marine,2022,435
62524,MACRON,Emmanuel,2022,369
62525,LE PEN,Marine,2022,2492
62525,MACRON,Emmanuel,2022,2427
62526,LE PEN,Marine,2022,49
62526,MACRON,Emmanuel,2022,41
62527,LE PEN,Marine,2022,86
62527,MACRON,Emmanuel,2022,70
62528,LE PEN,Marine,2022,2162
62528,MACRON,Emmanuel,2022,1401
62529,LE PEN,Marine,2022,470
62529,MACRON,Emmanuel,2022,544
62530,LE PEN,Marine,2022,177
62530,MACRON,Emmanuel,2022,143
62531,LE PEN,Marine,2022,331
62531,MACRON,Emmanuel,2022,229
62532,LE PEN,Marine,2022,538
62532,MACRON,Emmanuel,2022,174
62533,LE PEN,Marine,2022,55
62533,MACRON,Emmanuel,2022,28
62534,LE PEN,Marine,2022,1100
62534,MACRON,Emmanuel,2022,828
62535,LE PEN,Marine,2022,14
62535,MACRON,Emmanuel,2022,86
62536,LE PEN,Marine,2022,230
62536,MACRON,Emmanuel,2022,146
62537,LE PEN,Marine,2022,35
62537,MACRON,Emmanuel,2022,34
62538,LE PEN,Marine,2022,167
62538,MACRON,Emmanuel,2022,92
62539,LE PEN,Marine,2022,92
62539,MACRON,Emmanuel,2022,79
62540,LE PEN,Marine,2022,609
62540,MACRON,Emmanuel,2022,313
62541,LE PEN,Marine,2022,31
62541,MACRON,Emmanuel,2022,40
62542,LE PEN,Marine,2022,75
62542,MACRON,Emmanuel,2022,49
62543,LE PEN,Marine,2022,645
62543,MACRON,Emmanuel,2022,524
62544,LE PEN,Marine,2022,54
62544,MACRON,Emmanuel,2022,61
62545,LE PEN,Marine,2022,38
62545,MACRON,Emmanuel,2022,52
62546,LE PEN,Marine,2022,66
62546,MACRON,Emmanuel,2022,168
62547,LE PEN,Marine,2022,31
62547,MACRON,Emmanuel,2022,14
62548,LE PEN,Marine,2022,3388
62548,MACRON,Emmanuel,2022,2205
62549,LE PEN,Marine,2022,288
62549,MACRON,Emmanuel,2022,310
62550,LE PEN,Marine,2022,393
62550,MACRON,Emmanuel,2022,261
62551,LE PEN,Marine,2022,76
62551,MACRON,Emmanuel,2022,93
62552,LE PEN,Marine,2022,349
62552,MACRON,Emmanuel,2022,247
62553,LE PEN,Marine,2022,119
62553,MACRON,Emmanuel,2022,72
62554,LE PEN,Marine,2022,23
62554,MACRON,Emmanuel,2022,42
62555,LE PEN,Marine,2022,1999
62555,MACRON,Emmanuel,2022,606
62556,LE PEN,Marine,2022,107
62556,MACRON,Emmanuel,2022,84
62557,LE PEN,Marine,2022,669
62557,MACRON,Emmanuel,2022,938
62558,LE PEN,Marine,2022,51
62558,MACRON,Emmanuel,2022,53
62559,LE PEN,Marine,2022,369
62559,MACRON,Emmanuel,2022,241
62560,LE PEN,Marine,2022,1454
62560,MACRON,Emmanuel,2022,1162
62561,LE PEN,Marine,2022,54
62561,MACRON,Emmanuel,2022,65
62562,LE PEN,Marine,2022,71
62562,MACRON,Emmanuel,2022,42
62563,LE PEN,Marine,2022,2842
62563,MACRON,Emmanuel,2022,1052
62564,LE PEN,Marine,2022,176
62564,MACRON,Emmanuel,2022,99
62565,LE PEN,Marine,2022,28
62565,MACRON,Emmanuel,2022,25
62566,LE PEN,Marine,2022,214
62566,MACRON,Emmanuel,2022,219
62567,LE PEN,Marine,2022,216
62567,MACRON,Emmanuel,2022,141
62568,LE PEN,Marine,2022,216
62568,MACRON,Emmanuel,2022,178
62569,LE PEN,Marine,2022,226
62569,MACRON,Emmanuel,2022,136
62570,LE PEN,Marine,2022,3514
62570,MACRON,Emmanuel,2022,1990
62571,LE PEN,Marine,2022,963
62571,MACRON,Emmanuel,2022,1287
62572,LE PEN,Marine,2022,244
62572,MACRON,Emmanuel,2022,117
62573,LE PEN,Marine,2022,1278
62573,MACRON,Emmanuel,2022,658
62574,LE PEN,Marine,2022,92
62574,MACRON,Emmanuel,2022,67
62576,LE PEN,Marine,2022,47
62576,MACRON,Emmanuel,2022,22
62577,LE PEN,Marine,2022,26
62577,MACRON,Emmanuel,2022,22
62578,LE PEN,Marine,2022,26
62578,MACRON,Emmanuel,2022,42
62579,LE PEN,Marine,2022,188
62579,MACRON,Emmanuel,2022,124
62580,LE PEN,Marine,2022,157
62580,MACRON,Emmanuel,2022,138
62581,LE PEN,Marine,2022,100
62581,MACRON,Emmanuel,2022,80
62582,LE PEN,Marine,2022,193
62582,MACRON,Emmanuel,2022,214
62583,LE PEN,Marine,2022,192
62583,MACRON,Emmanuel,2022,114
62584,LE PEN,Marine,2022,508
62584,MACRON,Emmanuel,2022,363
62585,LE PEN,Marine,2022,112
62585,MACRON,Emmanuel,2022,137
62586,LE PEN,Marine,2022,130
62586,MACRON,Emmanuel,2022,158
62587,LE PEN,Marine,2022,2652
62587,MACRON,Emmanuel,2022,1454
62588,LE PEN,Marine,2022,365
62588,MACRON,Emmanuel,2022,631
62589,LE PEN,Marine,2022,261
62589,MACRON,Emmanuel,2022,402
62590,LE PEN,Marine,2022,26
62590,MACRON,Emmanuel,2022,9
62591,LE PEN,Marine,2022,68
62591,MACRON,Emmanuel,2022,54
62592,LE PEN,Marine,2022,208
62592,MACRON,Emmanuel,2022,128
62593,LE PEN,Marine,2022,42
62593,MACRON,Emmanuel,2022,15
62594,LE PEN,Marine,2022,124
62594,MACRON,Emmanuel,2022,70
62595,LE PEN,Marine,2022,359
62595,MACRON,Emmanuel,2022,324
62596,LE PEN,Marine,2022,89
62596,MACRON,Emmanuel,2022,80
62597,LE PEN,Marine,2022,89
62597,MACRON,Emmanuel,2022,73
62598,LE PEN,Marine,2022,248
62598,MACRON,Emmanuel,2022,144
62599,LE PEN,Marine,2022,48
62599,MACRON,Emmanuel,2022,81
62600,LE PEN,Marine,2022,54
62600,MACRON,Emmanuel,2022,54
62601,LE PEN,Marine,2022,81
62601,MACRON,Emmanuel,2022,34
62602,LE PEN,Marine,2022,65
62602,MACRON,Emmanuel,2022,67
62603,LE PEN,Marine,2022,317
62603,MACRON,Emmanuel,2022,243
62604,LE PEN,Marine,2022,1030
62604,MACRON,Emmanuel,2022,1643
62605,LE PEN,Marine,2022,15
62605,MACRON,Emmanuel,2022,12
62606,LE PEN,Marine,2022,470
62606,MACRON,Emmanuel,2022,482
62607,LE PEN,Marine,2022,22
62607,MACRON,Emmanuel,2022,23
62608,LE PEN,Marine,2022,77
62608,MACRON,Emmanuel,2022,27
62609,LE PEN,Marine,2022,402
62609,MACRON,Emmanuel,2022,573
62610,LE PEN,Marine,2022,179
62610,MACRON,Emmanuel,2022,165
62611,LE PEN,Marine,2022,163
62611,MACRON,Emmanuel,2022,158
62612,LE PEN,Marine,2022,190
62612,MACRON,Emmanuel,2022,170
62613,LE PEN,Marine,2022,265
62613,MACRON,Emmanuel,2022,206
62614,LE PEN,Marine,2022,183
62614,MACRON,Emmanuel,2022,180
62615,LE PEN,Marine,2022,62
62615,MACRON,Emmanuel,2022,103
62616,LE PEN,Marine,2022,81
62616,MACRON,Emmanuel,2022,57
62617,LE PEN,Marine,2022,3885
62617,MACRON,Emmanuel,2022,1894
62618,LE PEN,Marine,2022,426
62618,MACRON,Emmanuel,2022,214
62619,LE PEN,Marine,2022,59
62619,MACRON,Emmanuel,2022,37
62620,LE PEN,Marine,2022,504
62620,MACRON,Emmanuel,2022,369
62621,LE PEN,Marine,2022,586
62621,MACRON,Emmanuel,2022,373
62622,LE PEN,Marine,2022,80
62622,MACRON,Emmanuel,2022,44
62623,LE PEN,Marine,2022,217
62623,MACRON,Emmanuel,2022,158
62624,LE PEN,Marine,2022,1629
62624,MACRON,Emmanuel,2022,976
62625,LE PEN,Marine,2022,18
62625,MACRON,Emmanuel,2022,11
62626,LE PEN,Marine,2022,830
62626,MACRON,Emmanuel,2022,451
62627,LE PEN,Marine,2022,238
62627,MACRON,Emmanuel,2022,235
62628,LE PEN,Marine,2022,2041
62628,MACRON,Emmanuel,2022,1037
62629,LE PEN,Marine,2022,40
62629,MACRON,Emmanuel,2022,46
62630,LE PEN,Marine,2022,60
62630,MACRON,Emmanuel,2022,97
62631,LE PEN,Marine,2022,179
62631,MACRON,Emmanuel,2022,103
62632,LE PEN,Marine,2022,138
62632,MACRON,Emmanuel,2022,67
62633,LE PEN,Marine,2022,82
62633,MACRON,Emmanuel,2022,61
62634,LE PEN,Marine,2022,478
62634,MACRON,Emmanuel,2022,229
62635,LE PEN,Marine,2022,87
62635,MACRON,Emmanuel,2022,60
62636,LE PEN,Marine,2022,80
62636,MACRON,Emmanuel,2022,93
62637,LE PEN,Marine,2022,2790
62637,MACRON,Emmanuel,2022,1767
62638,LE PEN,Marine,2022,459
62638,MACRON,Emmanuel,2022,231
62639,LE PEN,Marine,2022,120
62639,MACRON,Emmanuel,2022,142
62640,LE PEN,Marine,2022,135
62640,MACRON,Emmanuel,2022,74
62641,LE PEN,Marine,2022,70
62641,MACRON,Emmanuel,2022,85
62642,LE PEN,Marine,2022,275
62642,MACRON,Emmanuel,2022,147
62643,LE PEN,Marine,2022,4161
62643,MACRON,Emmanuel,2022,2664
62644,LE PEN,Marine,2022,179
62644,MACRON,Emmanuel,2022,130
62645,LE PEN,Marine,2022,1858
62645,MACRON,Emmanuel,2022,1232
62646,LE PEN,Marine,2022,267
62646,MACRON,Emmanuel,2022,104
62647,LE PEN,Marine,2022,222
62647,MACRON,Emmanuel,2022,214
62648,LE PEN,Marine,2022,156
62648,MACRON,Emmanuel,2022,134
62649,LE PEN,Marine,2022,265
62649,MACRON,Emmanuel,2022,157
62650,LE PEN,Marine,2022,244
62650,MACRON,Emmanuel,2022,216
62651,LE PEN,Marine,2022,159
62651,MACRON,Emmanuel,2022,99
62652,LE PEN,Marine,2022,543
62652,MACRON,Emmanuel,2022,324
62653,LE PEN,Marine,2022,100
62653,MACRON,Emmanuel,2022,180
62654,LE PEN,Marine,2022,192
62654,MACRON,Emmanuel,2022,263
62655,LE PEN,Marine,2022,122
62655,MACRON,Emmanuel,2022,72
62656,LE PEN,Marine,2022,288
62656,MACRON,Emmanuel,2022,282
62657,LE PEN,Marine,2022,137
62657,MACRON,Emmanuel,2022,184
62658,LE PEN,Marine,2022,27
62658,MACRON,Emmanuel,2022,76
62659,LE PEN,Marine,2022,24
62659,MACRON,Emmanuel,2022,27
62660,LE PEN,Marine,2022,183
62660,MACRON,Emmanuel,2022,131
62661,LE PEN,Marine,2022,158
62661,MACRON,Emmanuel,2022,139
62662,LE PEN,Marine,2022,323
62662,MACRON,Emmanuel,2022,218
62663,LE PEN,Marine,2022,127
62663,MACRON,Emmanuel,2022,47
62664,LE PEN,Marine,2022,88
62664,MACRON,Emmanuel,2022,74
62665,LE PEN,Marine,2022,96
62665,MACRON,Emmanuel,2022,44
62666,LE PEN,Marine,2022,1050
62666,MACRON,Emmanuel,2022,428
62667,LE PEN,Marine,2022,3009
62667,MACRON,Emmanuel,2022,1764
62668,LE PEN,Marine,2022,75
62668,MACRON,Emmanuel,2022,37
62669,LE PEN,Marine,2022,116
62669,MACRON,Emmanuel,2022,69
62670,LE PEN,Marine,2022,147
62670,MACRON,Emmanuel,2022,196
62671,LE PEN,Marine,2022,131
62671,MACRON,Emmanuel,2022,51
62672,LE PEN,Marine,2022,228
62672,MACRON,Emmanuel,2022,131
62673,LE PEN,Marine,2022,258
62673,MACRON,Emmanuel,2022,130
62674,LE PEN,Marine,2022,174
62674,MACRON,Emmanuel,2022,188
62675,LE PEN,Marine,2022,94
62675,MACRON,Emmanuel,2022,59
62676,LE PEN,Marine,2022,173
62676,MACRON,Emmanuel,2022,82
62677,LE PEN,Marine,2022,107
62677,MACRON,Emmanuel,2022,76
62678,LE PEN,Marine,2022,274
62678,MACRON,Emmanuel,2022,203
62679,LE PEN,Marine,2022,99
62679,MACRON,Emmanuel,2022,116
62680,LE PEN,Marine,2022,240
62680,MACRON,Emmanuel,2022,184
62681,LE PEN,Marine,2022,260
62681,MACRON,Emmanuel,2022,167
62682,LE PEN,Marine,2022,21
62682,MACRON,Emmanuel,2022,19
62683,LE PEN,Marine,2022,53
62683,MACRON,Emmanuel,2022,77
62684,LE PEN,Marine,2022,858
62684,MACRON,Emmanuel,2022,538
62685,LE PEN,Marine,2022,115
62685,MACRON,Emmanuel,2022,47
62686,LE PEN,Marine,2022,89
62686,MACRON,Emmanuel,2022,111
62688,LE PEN,Marine,2022,1299
62688,MACRON,Emmanuel,2022,1226
62689,LE PEN,Marine,2022,117
62689,MACRON,Emmanuel,2022,124
62690,LE PEN,Marine,2022,89
62690,MACRON,Emmanuel,2022,50
62691,LE PEN,Marine,2022,249
62691,MACRON,Emmanuel,2022,240
62692,LE PEN,Marine,2022,143
62692,MACRON,Emmanuel,2022,58
62693,LE PEN,Marine,2022,351
62693,MACRON,Emmanuel,2022,363
62694,LE PEN,Marine,2022,69
62694,MACRON,Emmanuel,2022,47
62695,LE PEN,Marine,2022,108
62695,MACRON,Emmanuel,2022,68
62696,LE PEN,Marine,2022,65
62696,MACRON,Emmanuel,2022,48
62697,LE PEN,Marine,2022,116
62697,MACRON,Emmanuel,2022,53
62698,LE PEN,Marine,2022,79
62698,MACRON,Emmanuel,2022,106
62699,LE PEN,Marine,2022,257
62699,MACRON,Emmanuel,2022,147
62700,LE PEN,Marine,2022,76
62700,MACRON,Emmanuel,2022,57
62701,LE PEN,Marine,2022,153
62701,MACRON,Emmanuel,2022,108
62702,LE PEN,Marine,2022,137
62702,MACRON,Emmanuel,2022,79
62703,LE PEN,Marine,2022,102
62703,MACRON,Emmanuel,2022,115
62704,LE PEN,Marine,2022,190
62704,MACRON,Emmanuel,2022,180
62705,LE PEN,Marine,2022,694
62705,MACRON,Emmanuel,2022,388
62706,LE PEN,Marine,2022,730
62706,MACRON,Emmanuel,2022,923
62708,LE PEN,Marine,2022,12
62708,MACRON,Emmanuel,2022,4
62709,LE PEN,Marine,2022,92
62709,MACRON,Emmanuel,2022,54
62710,LE PEN,Marine,2022,103
62710,MACRON,Emmanuel,2022,34
62711,LE PEN,Marine,2022,944
62711,MACRON,Emmanuel,2022,656
62712,LE PEN,Marine,2022,280
62712,MACRON,Emmanuel,2022,431
62713,LE PEN,Marine,2022,429
62713,MACRON,Emmanuel,2022,345
62714,LE PEN,Marine,2022,209
62714,MACRON,Emmanuel,2022,304
62715,LE PEN,Marine,2022,140
62715,MACRON,Emmanuel,2022,41
62716,LE PEN,Marine,2022,177
62716,MACRON,Emmanuel,2022,124
62717,LE PEN,Marine,2022,202
62717,MACRON,Emmanuel,2022,133
62718,LE PEN,Marine,2022,461
62718,MACRON,Emmanuel,2022,349
62719,LE PEN,Marine,2022,82
62719,MACRON,Emmanuel,2022,84
62720,LE PEN,Marine,2022,20
62720,MACRON,Emmanuel,2022,10
62721,LE PEN,Marine,2022,639
62721,MACRON,Emmanuel,2022,598
62722,LE PEN,Marine,2022,36
62722,MACRON,Emmanuel,2022,20
62723,LE PEN,Marine,2022,63
62723,MACRON,Emmanuel,2022,74
62724,LE PEN,Marine,2022,3174
62724,MACRON,Emmanuel,2022,1292
62725,LE PEN,Marine,2022,47
62725,MACRON,Emmanuel,2022,32
62726,LE PEN,Marine,2022,76
62726,MACRON,Emmanuel,2022,50
62727,LE PEN,Marine,2022,543
62727,MACRON,Emmanuel,2022,406
62728,LE PEN,Marine,2022,270
62728,MACRON,Emmanuel,2022,118
62729,LE PEN,Marine,2022,71
62729,MACRON,Emmanuel,2022,59
62730,LE PEN,Marine,2022,501
62730,MACRON,Emmanuel,2022,299
62731,LE PEN,Marine,2022,115
62731,MACRON,Emmanuel,2022,50
62732,LE PEN,Marine,2022,112
62732,MACRON,Emmanuel,2022,83
62733,LE PEN,Marine,2022,100
62733,MACRON,Emmanuel,2022,47
62734,LE PEN,Marine,2022,264
62734,MACRON,Emmanuel,2022,156
62735,LE PEN,Marine,2022,742
62735,MACRON,Emmanuel,2022,458
62736,LE PEN,Marine,2022,1080
62736,MACRON,Emmanuel,2022,1301
62737,LE PEN,Marine,2022,2150
62737,MACRON,Emmanuel,2022,1001
62738,LE PEN,Marine,2022,52
62738,MACRON,Emmanuel,2022,27
62739,LE PEN,Marine,2022,112
62739,MACRON,Emmanuel,2022,85
62740,LE PEN,Marine,2022,116
62740,MACRON,Emmanuel,2022,87
62741,LE PEN,Marine,2022,51
62741,MACRON,Emmanuel,2022,41
62742,LE PEN,Marine,2022,62
62742,MACRON,Emmanuel,2022,143
62743,LE PEN,Marine,2022,107
62743,MACRON,Emmanuel,2022,132
62744,LE PEN,Marine,2022,703
62744,MACRON,Emmanuel,2022,1274
62745,LE PEN,Marine,2022,49
62745,MACRON,Emmanuel,2022,51
62746,LE PEN,Marine,2022,1549
62746,MACRON,Emmanuel,2022,1136
62747,LE PEN,Marine,2022,197
62747,MACRON,Emmanuel,2022,164
62748,LE PEN,Marine,2022,771
62748,MACRON,Emmanuel,2022,563
62749,LE PEN,Marine,2022,107
62749,MACRON,Emmanuel,2022,86
62750,LE PEN,Marine,2022,267
62750,MACRON,Emmanuel,2022,198
62751,LE PEN,Marine,2022,216
62751,MACRON,Emmanuel,2022,245
62752,LE PEN,Marine,2022,268
62752,MACRON,Emmanuel,2022,469
62753,LE PEN,Marine,2022,1564
62753,MACRON,Emmanuel,2022,1742
62754,LE PEN,Marine,2022,162
62754,MACRON,Emmanuel,2022,132
62755,LE PEN,Marine,2022,914
62755,MACRON,Emmanuel,2022,987
62756,LE PEN,Marine,2022,621
62756,MACRON,Emmanuel,2022,280
62757,LE PEN,Marine,2022,1641
62757,MACRON,Emmanuel,2022,1882
62758,LE PEN,Marine,2022,3031
62758,MACRON,Emmanuel,2022,3119
62759,LE PEN,Marine,2022,140
62759,MACRON,Emmanuel,2022,129
62760,LE PEN,Marine,2022,99
62760,MACRON,Emmanuel,2022,67
62761,LE PEN,Marine,2022,91
62761,MACRON,Emmanuel,2022,56
62762,LE PEN,Marine,2022,47
62762,MACRON,Emmanuel,2022,47
62763,LE PEN,Marine,2022,250
62763,MACRON,Emmanuel,2022,219
62764,LE PEN,Marine,2022,1128
62764,MACRON,Emmanuel,2022,1141
62765,LE PEN,Marine,2022,2526
62765,MACRON,Emmanuel,2022,3139
62766,LE PEN,Marine,2022,359
62766,MACRON,Emmanuel,2022,222
62767,LE PEN,Marine,2022,1173
62767,MACRON,Emmanuel,2022,1010
62768,LE PEN,Marine,2022,35
62768,MACRON,Emmanuel,2022,39
62769,LE PEN,Marine,2022,219
62769,MACRON,Emmanuel,2022,251
62770,LE PEN,Marine,2022,988
62770,MACRON,Emmanuel,2022,644
62771,LE PEN,Marine,2022,2625
62771,MACRON,Emmanuel,2022,1410
62772,LE PEN,Marine,2022,147
62772,MACRON,Emmanuel,2022,171
62773,LE PEN,Marine,2022,1383
62773,MACRON,Emmanuel,2022,994
62774,LE PEN,Marine,2022,1296
62774,MACRON,Emmanuel,2022,1343
62775,LE PEN,Marine,2022,134
62775,MACRON,Emmanuel,2022,61
62776,LE PEN,Marine,2022,43
62776,MACRON,Emmanuel,2022,55
62777,LE PEN,Marine,2022,75
62777,MACRON,Emmanuel,2022,26
62778,LE PEN,Marine,2022,37
62778,MACRON,Emmanuel,2022,15
62779,LE PEN,Marine,2022,78
62779,MACRON,Emmanuel,2022,40
62780,LE PEN,Marine,2022,145
62780,MACRON,Emmanuel,2022,58
62781,LE PEN,Marine,2022,169
62781,MACRON,Emmanuel,2022,75
62782,LE PEN,Marine,2022,157
62782,MACRON,Emmanuel,2022,92
62783,LE PEN,Marine,2022,125
62783,MACRON,Emmanuel,2022,66
62784,LE PEN,Marine,2022,261
62784,MACRON,Emmanuel,2022,154
62785,LE PEN,Marine,2022,291
62785,MACRON,Emmanuel,2022,303
62786,LE PEN,Marine,2022,89
62786,MACRON,Emmanuel,2022,85
62787,LE PEN,Marine,2022,137
62787,MACRON,Emmanuel,2022,63
62788,LE PEN,Marine,2022,223
62788,MACRON,Emmanuel,2022,173
62789,LE PEN,Marine,2022,98
62789,MACRON,Emmanuel,2022,66
62790,LE PEN,Marine,2022,50
62790,MACRON,Emmanuel,2022,64
62791,LE PEN,Marine,2022,10
62791,MACRON,Emmanuel,2022,26
62792,LE PEN,Marine,2022,407
62792,MACRON,Emmanuel,2022,350
62793,LE PEN,Marine,2022,353
62793,MACRON,Emmanuel,2022,295
62794,LE PEN,Marine,2022,220
62794,MACRON,Emmanuel,2022,149
62795,LE PEN,Marine,2022,34
62795,MACRON,Emmanuel,2022,32
62796,LE PEN,Marine,2022,172
62796,MACRON,Emmanuel,2022,188
62797,LE PEN,Marine,2022,97
62797,MACRON,Emmanuel,2022,85
62798,LE PEN,Marine,2022,81
62798,MACRON,Emmanuel,2022,57
62799,LE PEN,Marine,2022,217
62799,MACRON,Emmanuel,2022,305
62800,LE PEN,Marine,2022,127
62800,MACRON,Emmanuel,2022,63
62801,LE PEN,Marine,2022,742
62801,MACRON,Emmanuel,2022,804
62802,LE PEN,Marine,2022,54
62802,MACRON,Emmanuel,2022,39
62803,LE PEN,Marine,2022,229
62803,MACRON,Emmanuel,2022,146
62804,LE PEN,Marine,2022,121
62804,MACRON,Emmanuel,2022,66
62805,LE PEN,Marine,2022,96
62805,MACRON,Emmanuel,2022,56
62806,LE PEN,Marine,2022,25
62806,MACRON,Emmanuel,2022,88
62808,LE PEN,Marine,2022,120
62808,MACRON,Emmanuel,2022,59
62809,LE PEN,Marine,2022,48
62809,MACRON,Emmanuel,2022,32
62810,LE PEN,Marine,2022,374
62810,MACRON,Emmanuel,2022,465
62811,LE PEN,Marine,2022,356
62811,MACRON,Emmanuel,2022,294
62812,LE PEN,Marine,2022,274
62812,MACRON,Emmanuel,2022,184
62813,LE PEN,Marine,2022,158
62813,MACRON,Emmanuel,2022,124
62814,LE PEN,Marine,2022,41
62814,MACRON,Emmanuel,2022,26
62815,LE PEN,Marine,2022,61
62815,MACRON,Emmanuel,2022,61
62816,LE PEN,Marine,2022,65
62816,MACRON,Emmanuel,2022,68
62817,LE PEN,Marine,2022,441
62817,MACRON,Emmanuel,2022,439
62818,LE PEN,Marine,2022,65
62818,MACRON,Emmanuel,2022,35
62819,LE PEN,Marine,2022,278
62819,MACRON,Emmanuel,2022,421
62820,LE PEN,Marine,2022,266
62820,MACRON,Emmanuel,2022,256
62821,LE PEN,Marine,2022,80
62821,MACRON,Emmanuel,2022,86
62822,LE PEN,Marine,2022,24
62822,MACRON,Emmanuel,2022,32
62823,LE PEN,Marine,2022,59
62823,MACRON,Emmanuel,2022,50
62824,LE PEN,Marine,2022,64
62824,MACRON,Emmanuel,2022,80
62825,LE PEN,Marine,2022,310
62825,MACRON,Emmanuel,2022,162
62826,LE PEN,Marine,2022,885
62826,MACRON,Emmanuel,2022,3217
62827,LE PEN,Marine,2022,514
62827,MACRON,Emmanuel,2022,303
62828,LE PEN,Marine,2022,22
62828,MACRON,Emmanuel,2022,20
62829,LE PEN,Marine,2022,166
62829,MACRON,Emmanuel,2022,72
62830,LE PEN,Marine,2022,77
62830,MACRON,Emmanuel,2022,38
62831,LE PEN,Marine,2022,121
62831,MACRON,Emmanuel,2022,82
62832,LE PEN,Marine,2022,168
62832,MACRON,Emmanuel,2022,174
62833,LE PEN,Marine,2022,23
62833,MACRON,Emmanuel,2022,24
62834,LE PEN,Marine,2022,85
62834,MACRON,Emmanuel,2022,59
62835,LE PEN,Marine,2022,216
62835,MACRON,Emmanuel,2022,129
62836,LE PEN,Marine,2022,246
62836,MACRON,Emmanuel,2022,448
62837,LE PEN,Marine,2022,183
62837,MACRON,Emmanuel,2022,119
62838,LE PEN,Marine,2022,25
62838,MACRON,Emmanuel,2022,22
62839,LE PEN,Marine,2022,383
62839,MACRON,Emmanuel,2022,217
62840,LE PEN,Marine,2022,54
62840,MACRON,Emmanuel,2022,33
62841,LE PEN,Marine,2022,843
62841,MACRON,Emmanuel,2022,555
62842,LE PEN,Marine,2022,2812
62842,MACRON,Emmanuel,2022,1355
62843,LE PEN,Marine,2022,71
62843,MACRON,Emmanuel,2022,76
62844,LE PEN,Marine,2022,241
62844,MACRON,Emmanuel,2022,153
62845,LE PEN,Marine,2022,145
62845,MACRON,Emmanuel,2022,160
62846,LE PEN,Marine,2022,1663
62846,MACRON,Emmanuel,2022,784
62847,LE PEN,Marine,2022,651
62847,MACRON,Emmanuel,2022,358
62848,LE PEN,Marine,2022,1142
62848,MACRON,Emmanuel,2022,708
62849,LE PEN,Marine,2022,738
62849,MACRON,Emmanuel,2022,776
62850,LE PEN,Marine,2022,131
62850,MACRON,Emmanuel,2022,115
62851,LE PEN,Marine,2022,287
62851,MACRON,Emmanuel,2022,258
62852,LE PEN,Marine,2022,506
62852,MACRON,Emmanuel,2022,292
62853,LE PEN,Marine,2022,156
62853,MACRON,Emmanuel,2022,105
62854,LE PEN,Marine,2022,155
62854,MACRON,Emmanuel,2022,176
62855,LE PEN,Marine,2022,88
62855,MACRON,Emmanuel,2022,47
62856,LE PEN,Marine,2022,122
62856,MACRON,Emmanuel,2022,86
62857,LE PEN,Marine,2022,36
62857,MACRON,Emmanuel,2022,50
62858,LE PEN,Marine,2022,74
62858,MACRON,Emmanuel,2022,77
62859,LE PEN,Marine,2022,105
62859,MACRON,Emmanuel,2022,63
62860,LE PEN,Marine,2022,47
62860,MACRON,Emmanuel,2022,35
62861,LE PEN,Marine,2022,1271
62861,MACRON,Emmanuel,2022,1296
62862,LE PEN,Marine,2022,51
62862,MACRON,Emmanuel,2022,23
62863,LE PEN,Marine,2022,1292
62863,MACRON,Emmanuel,2022,987
62864,LE PEN,Marine,2022,204
62864,MACRON,Emmanuel,2022,154
62865,LE PEN,Marine,2022,1653
62865,MACRON,Emmanuel,2022,1018
62866,LE PEN,Marine,2022,139
62866,MACRON,Emmanuel,2022,125
62867,LE PEN,Marine,2022,95
62867,MACRON,Emmanuel,2022,69
62868,LE PEN,Marine,2022,98
62868,MACRON,Emmanuel,2022,62
62869,LE PEN,Marine,2022,283
62869,MACRON,Emmanuel,2022,400
62870,LE PEN,Marine,2022,286
62870,MACRON,Emmanuel,2022,319
62871,LE PEN,Marine,2022,77
62871,MACRON,Emmanuel,2022,56
62872,LE PEN,Marine,2022,78
62872,MACRON,Emmanuel,2022,75
62873,LE PEN,Marine,2022,214
62873,MACRON,Emmanuel,2022,188
62874,LE PEN,Marine,2022,226
62874,MACRON,Emmanuel,2022,206
62875,LE PEN,Marine,2022,437
62875,MACRON,Emmanuel,2022,295
62876,LE PEN,Marine,2022,44
62876,MACRON,Emmanuel,2022,26
62877,LE PEN,Marine,2022,59
62877,MACRON,Emmanuel,2022,51
62878,LE PEN,Marine,2022,91
62878,MACRON,Emmanuel,2022,162
62879,LE PEN,Marine,2022,84
62879,MACRON,Emmanuel,2022,59
62880,LE PEN,Marine,2022,46
62880,MACRON,Emmanuel,2022,77
62881,LE PEN,Marine,2022,108
62881,MACRON,Emmanuel,2022,98
62882,LE PEN,Marine,2022,419
62882,MACRON,Emmanuel,2022,314
62883,LE PEN,Marine,2022,58
62883,MACRON,Emmanuel,2022,56
62885,LE PEN,Marine,2022,75
62885,MACRON,Emmanuel,2022,65
62886,LE PEN,Marine,2022,69
62886,MACRON,Emmanuel,2022,62
62887,LE PEN,Marine,2022,89
62887,MACRON,Emmanuel,2022,78
62888,LE PEN,Marine,2022,84
62888,MACRON,Emmanuel,2022,79
62889,LE PEN,Marine,2022,286
62889,MACRON,Emmanuel,2022,284
62890,LE PEN,Marine,2022,61
62890,MACRON,Emmanuel,2022,72
62891,LE PEN,Marine,2022,60
62891,MACRON,Emmanuel,2022,32
62892,LE PEN,Marine,2022,216
62892,MACRON,Emmanuel,2022,208
62893,LE PEN,Marine,2022,1674
62893,MACRON,Emmanuel,2022,2526
62894,LE PEN,Marine,2022,1151
62894,MACRON,Emmanuel,2022,1107
62895,LE PEN,Marine,2022,2899
62895,MACRON,Emmanuel,2022,1212
62896,LE PEN,Marine,2022,252
62896,MACRON,Emmanuel,2022,265
62897,LE PEN,Marine,2022,194
62897,MACRON,Emmanuel,2022,112
62898,LE PEN,Marine,2022,63
62898,MACRON,Emmanuel,2022,93
62899,LE PEN,Marine,2022,263
62899,MACRON,Emmanuel,2022,425
62900,LE PEN,Marine,2022,203
62900,MACRON,Emmanuel,2022,147
62901,LE PEN,Marine,2022,346
62901,MACRON,Emmanuel,2022,211
62902,LE PEN,Marine,2022,1085
62902,MACRON,Emmanuel,2022,758
62903,LE PEN,Marine,2022,197
62903,MACRON,Emmanuel,2022,145
62904,LE PEN,Marine,2022,205
62904,MACRON,Emmanuel,2022,121
62905,LE PEN,Marine,2022,298
62905,MACRON,Emmanuel,2022,348
62906,LE PEN,Marine,2022,605
62906,MACRON,Emmanuel,2022,347
62907,LE PEN,Marine,2022,1953
62907,MACRON,Emmanuel,2022,1623
62908,LE PEN,Marine,2022,385
62908,MACRON,Emmanuel,2022,660
62909,LE PEN,Marine,2022,161
62909,MACRON,Emmanuel,2022,54
